input,output,metadata
"[pagina 1]
apunte semana 10 clase ii inteligencia artificialclase
del 30 de abril de 2026
alexander brenes garita
carnet: 2018191805
curso: inteligencia artificial
i semestre 2026
i. introducción
la clase del 30 de abril de 2026 correspondió a la contin-
uación del tema de funciones de activación y a la introducción
formal de las redes neuronales convolucionales (cnn, por sus
siglas en inglés). el profesor retomó los problemas derivados
del uso de la función relu estándar y propuso solucionesmás
sofisticadas, para luego hacer la transición hacia las cnn,
motivando su uso con las limitaciones de las redesfully-
connectedal procesar imágenes.
ii. funciones deactivaciónavanzadas
a. problema de neuronas muertas en relu
la función relu (rectified linear unit) presenta un",,"{""semana"": 10, ""fecha"": null, ""nombre_archivo"": ""10_SEMANA_AI_2018191805_2.pdf"", ""autor"": ""Alexander Brenes Garita"", ""tema_principal"": ""I. INTRODUCCIÓN"", ""secciones"": ""I. INTRODUCCIÓN, II. FUNCIONES DEACTIVACIÓNAVANZADAS, C. Parametric ReLU (PReLU), D. Función Softmax y Cross-Entropy, III. MOTIVACIÓN PARA LASREDESCONVOLUCIONALES"", ""chunk_numero"": 1, ""total_chunks"": 19}"
"ii. funciones deactivaciónavanzadas
a. problema de neuronas muertas en relu
la función relu (rectified linear unit) presenta un
problema conocido como “neuronas muertas”: cuando el
valor de activación es menor o igual a cero, la derivada es
exactamente cero. esto impide que el gradiente fluya hacia
atrás durante la retropropagación, bloqueando el aprendizaje
de esa neurona de forma permanente. formalmente:
relu(x) = max(0, x), d
dxrelu(x) =
1x >0
0x≤0 (1)
cuando x≤0 , la derivada es cero y la neurona deja de
actualizar sus pesos.
b. leaky relu
la primera solución propuesta esleaky relu, que sustituye
el cero de la parte negativa por una pendiente constante
pequeña:
leaky relu(x) =
x x >0
0.01·x x≤0 (2)
esta pendiente (0.01) evita que la derivada sea cero, permi-",,"{""semana"": 10, ""fecha"": null, ""nombre_archivo"": ""10_SEMANA_AI_2018191805_2.pdf"", ""autor"": ""Alexander Brenes Garita"", ""tema_principal"": ""I. INTRODUCCIÓN"", ""secciones"": ""I. INTRODUCCIÓN, II. FUNCIONES DEACTIVACIÓNAVANZADAS, C. Parametric ReLU (PReLU), D. Función Softmax y Cross-Entropy, III. MOTIVACIÓN PARA LASREDESCONVOLUCIONALES"", ""chunk_numero"": 2, ""total_chunks"": 19}"
"pequeña:
leaky relu(x) =
x x >0
0.01·x x≤0 (2)
esta pendiente (0.01) evita que la derivada sea cero, permi-
tiendo que el gradiente fluya siempre. sin embargo, el valor
0.01 es fijo y puede no seróptimo para todos los problemas.
c. parametric relu (prelu)
para resolver la limitación de leaky relu, se introduce
parametric relu(prelu), donde la pendiente α no es un
hiperparámetro fijo sino unparámetro aprendible:
prelu(x) =
x x >0
α·x x≤0 (3)
el valor de α se aprende durante el entrenamiento mediante
retropropagación, junto con los demás pesos de la red. esto
agrega un parámetro adicional por neurona, aumentando la
complejidad del modelo, pero mejorando el rendimiento.
recomendaciones del profesor sobre funciones de acti-
vación:
• evitar sigmoid y tanh en capas ocultas debido al problema",,"{""semana"": 10, ""fecha"": null, ""nombre_archivo"": ""10_SEMANA_AI_2018191805_2.pdf"", ""autor"": ""Alexander Brenes Garita"", ""tema_principal"": ""I. INTRODUCCIÓN"", ""secciones"": ""I. INTRODUCCIÓN, II. FUNCIONES DEACTIVACIÓNAVANZADAS, C. Parametric ReLU (PReLU), D. Función Softmax y Cross-Entropy, III. MOTIVACIÓN PARA LASREDESCONVOLUCIONALES"", ""chunk_numero"": 3, ""total_chunks"": 19}"
"recomendaciones del profesor sobre funciones de acti-
vación:
• evitar sigmoid y tanh en capas ocultas debido al problema
devanishing gradienten sus extremos.
• comenzar siempre con relu en capas ocultas como punto
de partida.
• si relu no es suficiente, probar leaky relu o prelu.
• para regresión: no usar función de activación en la capa
de salida.
d. función softmax y cross-entropy
para problemas de clasificación multiclase, la capa de salida
utiliza la funciónsoftmax, que convierte loslogits zi en
probabilidades:
softmax(zi) = ezi
j=1 ezj
donde k es elnúmero de clases. la salida es un vector de
probabilidades que suma 1, que se puede comparar directamente
con la etiqueta real (representada comoone-hot vector).
la función depérdida asociada es lacross-entropy:
yi log(ˆyi)(5)",,"{""semana"": 10, ""fecha"": null, ""nombre_archivo"": ""10_SEMANA_AI_2018191805_2.pdf"", ""autor"": ""Alexander Brenes Garita"", ""tema_principal"": ""I. INTRODUCCIÓN"", ""secciones"": ""I. INTRODUCCIÓN, II. FUNCIONES DEACTIVACIÓNAVANZADAS, C. Parametric ReLU (PReLU), D. Función Softmax y Cross-Entropy, III. MOTIVACIÓN PARA LASREDESCONVOLUCIONALES"", ""chunk_numero"": 4, ""total_chunks"": 19}"
"con la etiqueta real (representada comoone-hot vector).
la función depérdida asociada es lacross-entropy:
yi log(ˆyi)(5)
se usae x por la misma razón que en otros contextos (e.g.,
similitud coseno): es estrictamente creciente y facilita las
transformaciones matemáticas durante la diferenciación.
iii. motivación para lasredesconvolucionales
a. limitaciones de las redes fully-connected con imágenes
las redes completamente conectadas (fc) tratan cadapíxel
como una entrada independiente. para una imagen de 32×32×3
(como cifar-10):
parámetros solo en capa de entrada= 32×32×3 = 3,072
para imágenes de 200×200 , solo la primera capa conex-
ión tiene ∼120,000 parámetros. añadir capas ocultas llevarápidamente a millones de parámetros, lo que provoca:
[pagina 2]",,"{""semana"": 10, ""fecha"": null, ""nombre_archivo"": ""10_SEMANA_AI_2018191805_2.pdf"", ""autor"": ""Alexander Brenes Garita"", ""tema_principal"": ""I. INTRODUCCIÓN"", ""secciones"": ""I. INTRODUCCIÓN, II. FUNCIONES DEACTIVACIÓNAVANZADAS, C. Parametric ReLU (PReLU), D. Función Softmax y Cross-Entropy, III. MOTIVACIÓN PARA LASREDESCONVOLUCIONALES"", ""chunk_numero"": 5, ""total_chunks"": 19}"
"ión tiene ∼120,000 parámetros. añadir capas ocultas llevarápidamente a millones de parámetros, lo que provoca:
[pagina 2]
• mayor tiempo de entrenamiento ymásépocas requeridas.
•mayor cantidad de datos necesaria.
• sensibilidad a la posición del objeto en la imagen (si el
patrón se desplaza, la red falla).
• rendimiento inferior comparado con arquitecturas espe-
cializadas.
b. el problema de la invarianza posicional
si una imagen de un “3” está centrada, la red aprende
esa secuencia específica depíxeles. si el mismo “3” aparece
desplazado, la red no lo reconoce. para compensar, se usantécnicas dedata augmentation(rotaciones, traslaciones, etc.),
pero estas no resuelven el problema de fondo de la ineficiencia
paramétrica.
iv. redesneuronalesconvolucionales(cnn)
a. arquitectura general",,"{""semana"": 10, ""fecha"": null, ""nombre_archivo"": ""10_SEMANA_AI_2018191805_2.pdf"", ""autor"": ""Alexander Brenes Garita"", ""tema_principal"": ""I. INTRODUCCIÓN"", ""secciones"": ""I. INTRODUCCIÓN, II. FUNCIONES DEACTIVACIÓNAVANZADAS, C. Parametric ReLU (PReLU), D. Función Softmax y Cross-Entropy, III. MOTIVACIÓN PARA LASREDESCONVOLUCIONALES"", ""chunk_numero"": 6, ""total_chunks"": 19}"
"pero estas no resuelven el problema de fondo de la ineficiencia
paramétrica.
iv. redesneuronalesconvolucionales(cnn)
a. arquitectura general
una cnn organiza sus neuronas en tres dimensiones: ancho,
largo y profundidad. su arquitecturatípica consiste en la
repetición de tres tipos de capas:
1) convolutional layer: extrae características locales de
la imagen mediante kernels deslizantes.
2) pooling layer: reduce la resolución espacial (down-
sampling) para condensar la información.
3) fully-connected layer: clasifica usando el vector de
características resultante.
las dos primeras forman el bloque deextracción de
características, y la tercera actúa como clasificador.
b. capa convolucional
1) kernels y mapas de activación:unkernel(o filtro) es",,"{""semana"": 10, ""fecha"": null, ""nombre_archivo"": ""10_SEMANA_AI_2018191805_2.pdf"", ""autor"": ""Alexander Brenes Garita"", ""tema_principal"": ""I. INTRODUCCIÓN"", ""secciones"": ""I. INTRODUCCIÓN, II. FUNCIONES DEACTIVACIÓNAVANZADAS, C. Parametric ReLU (PReLU), D. Función Softmax y Cross-Entropy, III. MOTIVACIÓN PARA LASREDESCONVOLUCIONALES"", ""chunk_numero"": 7, ""total_chunks"": 19}"
"características, y la tercera actúa como clasificador.
b. capa convolucional
1) kernels y mapas de activación:unkernel(o filtro) es
una pequeña matriz de pesos que se desliza sobre la imagen
realizando productos punto en cada posición. para una imagen
en color (3 canales), el kernel tiene dimensión k×k×c in,
dondec in es elnúmero de canales de entrada.
el resultado de aplicar el kernel es unmapa de activación
(feature map). si se tienen n kernels distintos, la capa produce
n mapas de activación apilados, que constituyen la profundidad
de la capa siguiente.
2) pesos compartidos:a diferencia de las capas fc, en la
convolución los mismos pesos del kernel se reutilizan en toda
la imagen. esto reducedrásticamente elnúmero de parámetros.
por ejemplo, un filtro de 5×5×3 tiene solo75 parámetros,",,"{""semana"": 10, ""fecha"": null, ""nombre_archivo"": ""10_SEMANA_AI_2018191805_2.pdf"", ""autor"": ""Alexander Brenes Garita"", ""tema_principal"": ""I. INTRODUCCIÓN"", ""secciones"": ""I. INTRODUCCIÓN, II. FUNCIONES DEACTIVACIÓNAVANZADAS, C. Parametric ReLU (PReLU), D. Función Softmax y Cross-Entropy, III. MOTIVACIÓN PARA LASREDESCONVOLUCIONALES"", ""chunk_numero"": 8, ""total_chunks"": 19}"
"la imagen. esto reducedrásticamente elnúmero de parámetros.
por ejemplo, un filtro de 5×5×3 tiene solo75 parámetros,
independientemente del tamaño de la imagen.
3) stride:elstride s indica cuántospíxeles se desplaza el
kernel en cada paso. un stride de 1 produce mapas grandes;
un stride mayor reduce la resolución de salida. la dimensión
resultante después de una convolución es:
dout =
 m−k+ 2p
+ 1(7)
donde m es el tamaño de la imagen de entrada, k el tamaño
del kernel,pel padding ysel stride.
4) padding:elpadding p agregapíxeles (generalmente
ceros) alrededor de la imagen de entrada para controlar el
tamaño de la salida. para preservar exactamente las dimensiones
de la entrada (same padding):
p= k−1
sin padding (valid padding), la salida esmás pequeña que",,"{""semana"": 10, ""fecha"": null, ""nombre_archivo"": ""10_SEMANA_AI_2018191805_2.pdf"", ""autor"": ""Alexander Brenes Garita"", ""tema_principal"": ""I. INTRODUCCIÓN"", ""secciones"": ""I. INTRODUCCIÓN, II. FUNCIONES DEACTIVACIÓNAVANZADAS, C. Parametric ReLU (PReLU), D. Función Softmax y Cross-Entropy, III. MOTIVACIÓN PARA LASREDESCONVOLUCIONALES"", ""chunk_numero"": 9, ""total_chunks"": 19}"
"de la entrada (same padding):
p= k−1
sin padding (valid padding), la salida esmás pequeña que
la entrada, lo que puede dificultar el diseño de arquitecturas
profundas.
5) no-linealidad:después de cada convolución se aplica
una función de activación no lineal (generalmente relu). esto
es esencial para que la red pueda aprender representaciones
no lineales:
salida=relu(w∗x+b)(9)
donde∗denota la operación de convolución.
c. campo receptivo
elcampo receptivo(receptive field) es la región de la
imagen de entrada que influye en una neurona particular.
en capas tempranas el campo receptivo es pequeño (detalles
locales como bordes y colores); en capas profundas es mayor
(características de alto nivel). esto es análogo acómo funciona
el sistema visual de los mamíferos.
d. tipos de filtros",,"{""semana"": 10, ""fecha"": null, ""nombre_archivo"": ""10_SEMANA_AI_2018191805_2.pdf"", ""autor"": ""Alexander Brenes Garita"", ""tema_principal"": ""I. INTRODUCCIÓN"", ""secciones"": ""I. INTRODUCCIÓN, II. FUNCIONES DEACTIVACIÓNAVANZADAS, C. Parametric ReLU (PReLU), D. Función Softmax y Cross-Entropy, III. MOTIVACIÓN PARA LASREDESCONVOLUCIONALES"", ""chunk_numero"": 10, ""total_chunks"": 19}"
"(características de alto nivel). esto es análogo acómo funciona
el sistema visual de los mamíferos.
d. tipos de filtros
los filtros no son arbitrarios: existen tipos bien definidos con
efectos conocidos. el profesor mencionó como ejemplo elfiltro
gaussiano, que distribuye los pesos siguiendo una campana
de gauss (pesos altos en el centro, bajos en los bordes). al
aplicarse, produce una imagenborrosaque elimina ruido y
resalta contornos generales.
en una cnn, en lugar de definir los filtros manualmente,
los pesos se aprenden automáticamentede los datos. al final
del entrenamiento, los filtros extraen información específica:
bordes, texturas, colores, formas, etc.
e. capa de pooling
la capa de pooling realiza undownsamplingde los mapas
de activación. el tipomás común esmax pooling, que toma",,"{""semana"": 10, ""fecha"": null, ""nombre_archivo"": ""10_SEMANA_AI_2018191805_2.pdf"", ""autor"": ""Alexander Brenes Garita"", ""tema_principal"": ""I. INTRODUCCIÓN"", ""secciones"": ""I. INTRODUCCIÓN, II. FUNCIONES DEACTIVACIÓNAVANZADAS, C. Parametric ReLU (PReLU), D. Función Softmax y Cross-Entropy, III. MOTIVACIÓN PARA LASREDESCONVOLUCIONALES"", ""chunk_numero"": 11, ""total_chunks"": 19}"
"e. capa de pooling
la capa de pooling realiza undownsamplingde los mapas
de activación. el tipomás común esmax pooling, que toma
el valormáximo en cada ventana. sus características:
• reduce el ancho y largo de los mapas de activación
(generalmente a la mitad).
•no modificaelnúmero de canales.
• no tiene parámetros aprendibles: solo aplica una función
fija.
por ejemplo, una entrada de 32×32×12 después de max
pooling con ventana2×2resulta en16×16×12.
[pagina 3]
f . capa fully-connected final
una vez que las capas convolucionales y de pooling han
condensado la imagen en un vector de características compacto,
este se conecta a una capa fc para la clasificación. las ventajas
de esta estrategia son:
• el vector de entrada a la fc es pequeño (e.g., 13×13×",,"{""semana"": 10, ""fecha"": null, ""nombre_archivo"": ""10_SEMANA_AI_2018191805_2.pdf"", ""autor"": ""Alexander Brenes Garita"", ""tema_principal"": ""I. INTRODUCCIÓN"", ""secciones"": ""I. INTRODUCCIÓN, II. FUNCIONES DEACTIVACIÓNAVANZADAS, C. Parametric ReLU (PReLU), D. Función Softmax y Cross-Entropy, III. MOTIVACIÓN PARA LASREDESCONVOLUCIONALES"", ""chunk_numero"": 12, ""total_chunks"": 19}"
"este se conecta a una capa fc para la clasificación. las ventajas
de esta estrategia son:
• el vector de entrada a la fc es pequeño (e.g., 13×13×
256 = 43,264), frente a los ∼150,000 parámetros de una
fc directa sobre la imagen original.
• mejora la eficiencia computacional y reduce el sobreajuste.
v. alexnet: unhitohistórico
a. contexto y relevancia
alexnetfue presentada en 2012 y representó un punto de
inflexión en el deep learning. fue la primera arquitectura
cnn en ganar el desafío imagenet lsvrc con un margen
considerable, demostrando la superioridad del aprendizaje
profundo para visión por computadora. se entrenó en gpus
(2 gpus en paralelo), algo revolucionario para laépoca.
b. arquitectura
alexnet procesa imágenes de 224×224×3 . sus principales
parámetros:
table i",,"{""semana"": 10, ""fecha"": null, ""nombre_archivo"": ""10_SEMANA_AI_2018191805_2.pdf"", ""autor"": ""Alexander Brenes Garita"", ""tema_principal"": ""I. INTRODUCCIÓN"", ""secciones"": ""I. INTRODUCCIÓN, II. FUNCIONES DEACTIVACIÓNAVANZADAS, C. Parametric ReLU (PReLU), D. Función Softmax y Cross-Entropy, III. MOTIVACIÓN PARA LASREDESCONVOLUCIONALES"", ""chunk_numero"": 13, ""total_chunks"": 19}"
"(2 gpus en paralelo), algo revolucionario para laépoca.
b. arquitectura
alexnet procesa imágenes de 224×224×3 . sus principales
parámetros:
table i
parámetros principales dealexnet(primera capa)
parámetro valor
tamaño de imagen entrada224×224×3
tamaño del kernel (capa 1)11×11número de filtros (capa 1) 96
stride (capa 1) 4
padding (capa 1) 0
mapa de activación resultante55×55×96
aplicando lafórmula:
dout =
 224−11 + 0
+ 1 = 55(10)
esto confirma que losnúmeros en las arquitecturasno
son aleatorios, sino el resultado directo de lasfórmulas
de convolución y las decisiones de diseño. la red continúa
con capas sucesivas de convolución, max pooling y relu,
finalizando en un vector de 4096 dimensiones conectado a la
capa fc de clasificación (1000 clases en imagenet).
vi. aplicaciones de lascnn",,"{""semana"": 10, ""fecha"": null, ""nombre_archivo"": ""10_SEMANA_AI_2018191805_2.pdf"", ""autor"": ""Alexander Brenes Garita"", ""tema_principal"": ""I. INTRODUCCIÓN"", ""secciones"": ""I. INTRODUCCIÓN, II. FUNCIONES DEACTIVACIÓNAVANZADAS, C. Parametric ReLU (PReLU), D. Función Softmax y Cross-Entropy, III. MOTIVACIÓN PARA LASREDESCONVOLUCIONALES"", ""chunk_numero"": 14, ""total_chunks"": 19}"
"finalizando en un vector de 4096 dimensiones conectado a la
capa fc de clasificación (1000 clases en imagenet).
vi. aplicaciones de lascnn
las redes convolucionales resuelven una amplia variedad de
tareas de visión por computadora:
• clasificación de imágenes: asignar una etiqueta a una
imagen completa.
• segmentación de objetos: identificar y separar distintos
objetos en una imagen.
• segmentación de instancias: contar instancias del mismo
objeto (e.g., contar ovejas en una fotografía aérea de una
granja).
• detección de objetos: localizar objetos con bounding
boxes.
• super-resolución: aumentar la calidad y resolución de
imágenes.
• auto-encoders: compresión y reconstrucción de imá-
genes.
vii. transferlearning
un concepto clave mencionado al final de la clase es",,"{""semana"": 10, ""fecha"": null, ""nombre_archivo"": ""10_SEMANA_AI_2018191805_2.pdf"", ""autor"": ""Alexander Brenes Garita"", ""tema_principal"": ""I. INTRODUCCIÓN"", ""secciones"": ""I. INTRODUCCIÓN, II. FUNCIONES DEACTIVACIÓNAVANZADAS, C. Parametric ReLU (PReLU), D. Función Softmax y Cross-Entropy, III. MOTIVACIÓN PARA LASREDESCONVOLUCIONALES"", ""chunk_numero"": 15, ""total_chunks"": 19}"
"imágenes.
• auto-encoders: compresión y reconstrucción de imá-
genes.
vii. transferlearning
un concepto clave mencionado al final de la clase es
eltransfer learning(aprendizaje por transferencia). las
capas tempranas de una cnn entrenada en un dominio (e.g.,
imagenet) aprenden características generales (bordes, texturas,
colores) que sonútiles para cualquier tarea visual. por lo tanto:
1) se toman los pesos de las capas tempranas de una red
ya entrenada (e.g., alexnet).
2) se usan como punto de partida (inicialización) para
entrenar una nueva red en un dominio diferente.
3) solo se re-entrenan las capas finales (más específicas del
dominio).
esto reduce significativamente el tiempo de entrenamiento
y la cantidad de datos necesaria, ya que no se aprende desde",,"{""semana"": 10, ""fecha"": null, ""nombre_archivo"": ""10_SEMANA_AI_2018191805_2.pdf"", ""autor"": ""Alexander Brenes Garita"", ""tema_principal"": ""I. INTRODUCCIÓN"", ""secciones"": ""I. INTRODUCCIÓN, II. FUNCIONES DEACTIVACIÓNAVANZADAS, C. Parametric ReLU (PReLU), D. Función Softmax y Cross-Entropy, III. MOTIVACIÓN PARA LASREDESCONVOLUCIONALES"", ""chunk_numero"": 16, ""total_chunks"": 19}"
"dominio).
esto reduce significativamente el tiempo de entrenamiento
y la cantidad de datos necesaria, ya que no se aprende desde
cero. es unatécnica muy poderosa, similar conceptualmente a
la “destilación de conocimiento” (knowledge distillation).
viii. temas sobre elproyecto
el profesor hablo del proyecto sobre algunos consejos
directamente aplicables al proyecto del curso:
• usar filtros pequeños ( 3×3 o 5×5 ). los filtros
grandes ( 11×11 ) son menos eficientes entérminos
computacionales.
• el tamaño de imagenmínimo para el proyecto es 128×
128; considerar el impacto en la dimensión de los feature
maps.
• usar relu como función de activación por defecto en
capas ocultas.
• al tener problemas de dimensiones durante la imple-
mentación, aplicar lafórmula dout =⌊(m−k+",,"{""semana"": 10, ""fecha"": null, ""nombre_archivo"": ""10_SEMANA_AI_2018191805_2.pdf"", ""autor"": ""Alexander Brenes Garita"", ""tema_principal"": ""I. INTRODUCCIÓN"", ""secciones"": ""I. INTRODUCCIÓN, II. FUNCIONES DEACTIVACIÓNAVANZADAS, C. Parametric ReLU (PReLU), D. Función Softmax y Cross-Entropy, III. MOTIVACIÓN PARA LASREDESCONVOLUCIONALES"", ""chunk_numero"": 17, ""total_chunks"": 19}"
"capas ocultas.
• al tener problemas de dimensiones durante la imple-
mentación, aplicar lafórmula dout =⌊(m−k+
2p)/s⌋+ 1para verificar las dimensiones.
• citar correctamente los papers utilizados (e.g., el paper
de alexnet de krizhevsky et al.).
• la investigación de arquitecturas especializadas (paramóviles, para alta eficiencia) es parte del modelo b del
proyecto.
references
[1] a. krizhevsky, i. sutskever, and g. e. hinton, “imagenet classification
with deep convolutional neural networks,” inadvances in neural
information processing systems, vol. 25, 2012, pp. 1097–1105.
[2] y . lecun, l. bottou, y . bengio, and p. haffner, “gradient-based learning
applied to document recognition,”proceedings of the ieee, vol. 86,
no. 11, pp. 2278–2324, 1998.",,"{""semana"": 10, ""fecha"": null, ""nombre_archivo"": ""10_SEMANA_AI_2018191805_2.pdf"", ""autor"": ""Alexander Brenes Garita"", ""tema_principal"": ""I. INTRODUCCIÓN"", ""secciones"": ""I. INTRODUCCIÓN, II. FUNCIONES DEACTIVACIÓNAVANZADAS, C. Parametric ReLU (PReLU), D. Función Softmax y Cross-Entropy, III. MOTIVACIÓN PARA LASREDESCONVOLUCIONALES"", ""chunk_numero"": 18, ""total_chunks"": 19}"
"applied to document recognition,”proceedings of the ieee, vol. 86,
no. 11, pp. 2278–2324, 1998.
[3] k. he, x. zhang, s. ren, and j. sun, “deep residual learning for
image recognition,” inieee conference on computer vision and pattern
recognition (cvpr), 2016, pp. 770–778.
[4] i. goodfellow, y . bengio, and a. courville,deep learning. mit press,
2016. [online]. available: http://www.deeplearningbook.org
[5] v . nair and g. e. hinton, “rectified linear units improve restricted
boltzmann machines,” inproceedings of the 27th international confer-
ence on machine learning (icml), 2010, pp. 807–814.",,"{""semana"": 10, ""fecha"": null, ""nombre_archivo"": ""10_SEMANA_AI_2018191805_2.pdf"", ""autor"": ""Alexander Brenes Garita"", ""tema_principal"": ""I. INTRODUCCIÓN"", ""secciones"": ""I. INTRODUCCIÓN, II. FUNCIONES DEACTIVACIÓNAVANZADAS, C. Parametric ReLU (PReLU), D. Función Softmax y Cross-Entropy, III. MOTIVACIÓN PARA LASREDESCONVOLUCIONALES"", ""chunk_numero"": 19, ""total_chunks"": 19}"
"[pagina 1]
inteligencia artificial, i semestre 2026 1
apuntes semana 10 - clase del martes
mario adriánsánchez ponce,2022167079, instituto tecnológico de costa rica
i. respuestas delquiz
i-a. describa que es una red totalmente conectada incluyen-
do sus 3 capas (fully-connected)
consiste en una red compleja donde se pasa por funciones
no lineales para llegar a la salida. se compone por la capa de
entrada (que contiene los features), la capa intermedia (una
o varias funciones de activación) y la capa de salida (que
contiene la función de activación final para su clasificación)-
i-b. ¿qué es un one-hot vector y como me ayuda a resolver
problemas de regresión multinomial
se trata de una codificación donde se enciende un bit co-
rrespondiente a la entrada registrada. se comparan los vectores",,"{""semana"": 10, ""fecha"": ""2026-04-28"", ""nombre_archivo"": ""10_SEMANA_AI_20260428_1.pdf"", ""autor"": ""Mario Adrián Sánchez Ponce"", ""tema_principal"": ""I. RESPUESTAS DELQUIZ"", ""secciones"": ""I. RESPUESTAS DELQUIZ, II. REPASO- REDES NEURONALES, III. FUNCIÓN DEACTIVACIÓN- REPASO, IV. ¿CUÁL FUNCIÓN DE ACTIVACIÓN UTILIZAR?, V. ¿QUÉ HACER PARA USAR UNAREDNEURONAL COMO"", ""chunk_numero"": 1, ""total_chunks"": 12}"
"se trata de una codificación donde se enciende un bit co-
rrespondiente a la entrada registrada. se comparan los vectores
con el fin de tener una salida demúltiple regresiones
i-c. mencione trestécnicas de augmentation de datos para
señales de audio propuestas en spec augment
- time warping - frequency masking - time masking
i-d. ¿por qué preferimos resolver problemas de clasificación
binaria con una red neuronal demínimo una capa oculta antes
que una regresión logística
se utiliza la clasificación binaria pues permite la resolución
de problemas no lineales, lo que significa que aborda un set
de problemasmás complejo contrario a lo limitado que es con
simple regresión logística.
ii. repaso- redes neuronales
ii-a. perceptrón
buscaba mejorar la regresión logística, el problema fue",,"{""semana"": 10, ""fecha"": ""2026-04-28"", ""nombre_archivo"": ""10_SEMANA_AI_20260428_1.pdf"", ""autor"": ""Mario Adrián Sánchez Ponce"", ""tema_principal"": ""I. RESPUESTAS DELQUIZ"", ""secciones"": ""I. RESPUESTAS DELQUIZ, II. REPASO- REDES NEURONALES, III. FUNCIÓN DEACTIVACIÓN- REPASO, IV. ¿CUÁL FUNCIÓN DE ACTIVACIÓN UTILIZAR?, V. ¿QUÉ HACER PARA USAR UNAREDNEURONAL COMO"", ""chunk_numero"": 2, ""total_chunks"": 12}"
"simple regresión logística.
ii. repaso- redes neuronales
ii-a. perceptrón
buscaba mejorar la regresión logística, el problema fue
que solo funcionaba con problemas lineales. esto provocó el
invierno de la inteligencia articifial en los años 70, pues no
se podían solucionar problemas complejos como el xor. fue
sino hasta la llegada de las redes neuronales que hubo un
avance significativo en esta tecnología.
ii-b. redes neuronales
tienen una neurona con una intensidad específica que pasa
por una función de activación. por ejemplo, en regresión
logística se tiende a utilizar la función sigmoide.
en un perceptrón multicapa se trata de una composición de
funciones, la siguiente función dependiendo de la anterior.
h(0) =sigmoid
xw (0) +b (0)
h(1) =sigmoid
h(0)w (0) +b (0)
h(n) =sigmoid",,"{""semana"": 10, ""fecha"": ""2026-04-28"", ""nombre_archivo"": ""10_SEMANA_AI_20260428_1.pdf"", ""autor"": ""Mario Adrián Sánchez Ponce"", ""tema_principal"": ""I. RESPUESTAS DELQUIZ"", ""secciones"": ""I. RESPUESTAS DELQUIZ, II. REPASO- REDES NEURONALES, III. FUNCIÓN DEACTIVACIÓN- REPASO, IV. ¿CUÁL FUNCIÓN DE ACTIVACIÓN UTILIZAR?, V. ¿QUÉ HACER PARA USAR UNAREDNEURONAL COMO"", ""chunk_numero"": 3, ""total_chunks"": 12}"
"funciones, la siguiente función dependiendo de la anterior.
h(0) =sigmoid
xw (0) +b (0)
h(1) =sigmoid
h(0)w (0) +b (0)
h(n) =sigmoid
h(n−1)w (0) +b (0)
de momento se tenían probabilidades independientes. sin
poder una distribución de probabilidad cuya suma diera 1
como resultado, el cual es lo que se busca. tanto la suma
de 1 como el one-hot vector.
en la capa de salida no es recomendable utilizar sigmoide
por esto mismo. se necesita una función depérdida y una
función de activación que sea capaz de brindarnos una distri-
bución de probabilidad.
en la función depérdida se aplica en base a la derivada de
función de costos, esta en baseen cada neurona. se optimizan
los parámetros w y b de cada una de las neuronas para
optimizar l.",,"{""semana"": 10, ""fecha"": ""2026-04-28"", ""nombre_archivo"": ""10_SEMANA_AI_20260428_1.pdf"", ""autor"": ""Mario Adrián Sánchez Ponce"", ""tema_principal"": ""I. RESPUESTAS DELQUIZ"", ""secciones"": ""I. RESPUESTAS DELQUIZ, II. REPASO- REDES NEURONALES, III. FUNCIÓN DEACTIVACIÓN- REPASO, IV. ¿CUÁL FUNCIÓN DE ACTIVACIÓN UTILIZAR?, V. ¿QUÉ HACER PARA USAR UNAREDNEURONAL COMO"", ""chunk_numero"": 4, ""total_chunks"": 12}"
"función de costos, esta en baseen cada neurona. se optimizan
los parámetros w y b de cada una de las neuronas para
optimizar l.
figura 1. función depérdida en base a las neuronas de la capa anterior
ii-c. distribución de jerarquía - maldición de dimensiona-
lidad
si se escoge elementos demasiado grandes aumenta la fun-
ción de coste. por ello se busca mantener la dimensionalidad
baja.
[pagina 2]
inteligencia artificial, i semestre 2026 2
entremás dimensiones se añaden, mayor la dificultad de
identificar un solo elemento. para ello se mantiene unabús-
queda de comportamiento jerárquico que va desde la regresión
lineal hasta el perceptrón multicapa.
con esto se genera una ganacia exponencial en cuanto al
aprendizaje pues se toma una ruta desde lomás simple como",,"{""semana"": 10, ""fecha"": ""2026-04-28"", ""nombre_archivo"": ""10_SEMANA_AI_20260428_1.pdf"", ""autor"": ""Mario Adrián Sánchez Ponce"", ""tema_principal"": ""I. RESPUESTAS DELQUIZ"", ""secciones"": ""I. RESPUESTAS DELQUIZ, II. REPASO- REDES NEURONALES, III. FUNCIÓN DEACTIVACIÓN- REPASO, IV. ¿CUÁL FUNCIÓN DE ACTIVACIÓN UTILIZAR?, V. ¿QUÉ HACER PARA USAR UNAREDNEURONAL COMO"", ""chunk_numero"": 5, ""total_chunks"": 12}"
"con esto se genera una ganacia exponencial en cuanto al
aprendizaje pues se toma una ruta desde lomás simple como
pollinomios, hasta problemas de mayor complejidad como face
recognition. por medio de embedding se puede mapear la
imagen en un vector de 512 bits que vigila el valor semántico
de una imagen.
ii-d. convolutional neural networks (cnn)
consiste en un pequeño kernel que se desliza a través de
la imagen para obtener las características y cada vez aumenta
en tamaño y complejidad hasta que sea capaz de proyectar la
imagen capturada.
figura 2. arquitectura de cnn [1]
iii. función deactivación- repaso
agrega comportamiento a la red. puede acotar las salidas
en cada capa para analizar y proyectar el resultado de la red.
iii-a. función lineal",,"{""semana"": 10, ""fecha"": ""2026-04-28"", ""nombre_archivo"": ""10_SEMANA_AI_20260428_1.pdf"", ""autor"": ""Mario Adrián Sánchez Ponce"", ""tema_principal"": ""I. RESPUESTAS DELQUIZ"", ""secciones"": ""I. RESPUESTAS DELQUIZ, II. REPASO- REDES NEURONALES, III. FUNCIÓN DEACTIVACIÓN- REPASO, IV. ¿CUÁL FUNCIÓN DE ACTIVACIÓN UTILIZAR?, V. ¿QUÉ HACER PARA USAR UNAREDNEURONAL COMO"", ""chunk_numero"": 6, ""total_chunks"": 12}"
"agrega comportamiento a la red. puede acotar las salidas
en cada capa para analizar y proyectar el resultado de la red.
iii-a. función lineal
si bien funciona en problemas simples, el problema princi-
pal se encuentra en el gradiente, pues la derivada de este es
unnúmero fijo
y=mx+b(1)
dx (mx+b) =m(2)
figura 3. función lineal. si lo amerita
iii-b. función sigmoide
acota entre 0 y 1. siempre es positiva. permite el decenso
sobre la función de costo. el problema se encuentra en los
extremos donde la gradiente es casi 0 constante, por lo que
casi no avanza en dicha función de costo. eso hace que el
gradiente sea diminuto y provoca una falta de optimización
σ(x) = 1
1 +e −x (3)
dσ(x)
dx =σ(x) (1−σ(x))(4)
figura 4. función sigmoide.
iii-c. función tangente hiperbólica",,"{""semana"": 10, ""fecha"": ""2026-04-28"", ""nombre_archivo"": ""10_SEMANA_AI_20260428_1.pdf"", ""autor"": ""Mario Adrián Sánchez Ponce"", ""tema_principal"": ""I. RESPUESTAS DELQUIZ"", ""secciones"": ""I. RESPUESTAS DELQUIZ, II. REPASO- REDES NEURONALES, III. FUNCIÓN DEACTIVACIÓN- REPASO, IV. ¿CUÁL FUNCIÓN DE ACTIVACIÓN UTILIZAR?, V. ¿QUÉ HACER PARA USAR UNAREDNEURONAL COMO"", ""chunk_numero"": 7, ""total_chunks"": 12}"
"σ(x) = 1
1 +e −x (3)
dσ(x)
dx =σ(x) (1−σ(x))(4)
figura 4. función sigmoide.
iii-c. función tangente hiperbólica
mismos problemas que la función sigmoide.
tanh(x) = ex −e −x
ex +e −x (5)
dx tanh(x) = 1−tanh 2(x)(6)
iii-d. función relu
se mantiene en 0 mientras x sea inferior. cuando supera
0, esta función se vuelve creciente. es eficiente para deep
learning y computer vision. el problema es que no es del
todo derivable, ya que queda indefinido en 0. esto significa que
cuando el gradiente llega a 0 los pesos no son actualizados,
terminando en neuronas muertas.
[pagina 3]
inteligencia artificial, i semestre 2026 3
figura 5. función tangente hiperbólica. los valores se acotan en [-1, 1]
relu(x) = máx(0, x)(7)
dx relu(x) =
0, x <0
1, x >0 (8)
figura 6. función relu
iii-e. leaky relu",,"{""semana"": 10, ""fecha"": ""2026-04-28"", ""nombre_archivo"": ""10_SEMANA_AI_20260428_1.pdf"", ""autor"": ""Mario Adrián Sánchez Ponce"", ""tema_principal"": ""I. RESPUESTAS DELQUIZ"", ""secciones"": ""I. RESPUESTAS DELQUIZ, II. REPASO- REDES NEURONALES, III. FUNCIÓN DEACTIVACIÓN- REPASO, IV. ¿CUÁL FUNCIÓN DE ACTIVACIÓN UTILIZAR?, V. ¿QUÉ HACER PARA USAR UNAREDNEURONAL COMO"", ""chunk_numero"": 8, ""total_chunks"": 12}"
"relu(x) = máx(0, x)(7)
dx relu(x) =
0, x <0
1, x >0 (8)
figura 6. función relu
iii-e. leaky relu
alternativa que busca solucionar el problema de las neu-
ronas muertas. esto lo hace por medio de la asignación de
una constante almínimp permitido. el nuevo problema surge
en la arbitrariedad al momento de seleccionar esta constante,
pues al ser una decisión sin ninguna base (más que todo un
estándar), puede que no sea la constante correcta para el caso.
leakyrelu(x) =
x, x≥0
0.001x, x <0 (9)
dx leakyrelu(x) =
1, x≥0
0.001, x <0 (10)
iii-f. parametric relu
permite aprender por un parámetro y varios pesos
prelu(x) =
x, x≥0
ax, x <0 (11)
dx prelu(x) =
1, x≥0
a, x <0 (12)
−6 6−1
figura 7. función leaky relu. permite que la parte negativa tenga una
pendiente
figura 8. función parametric relu.",,"{""semana"": 10, ""fecha"": ""2026-04-28"", ""nombre_archivo"": ""10_SEMANA_AI_20260428_1.pdf"", ""autor"": ""Mario Adrián Sánchez Ponce"", ""tema_principal"": ""I. RESPUESTAS DELQUIZ"", ""secciones"": ""I. RESPUESTAS DELQUIZ, II. REPASO- REDES NEURONALES, III. FUNCIÓN DEACTIVACIÓN- REPASO, IV. ¿CUÁL FUNCIÓN DE ACTIVACIÓN UTILIZAR?, V. ¿QUÉ HACER PARA USAR UNAREDNEURONAL COMO"", ""chunk_numero"": 9, ""total_chunks"": 12}"
"1, x≥0
a, x <0 (12)
−6 6−1
figura 7. función leaky relu. permite que la parte negativa tenga una
pendiente
figura 8. función parametric relu.
iii-g. soft max
es una función que cuenta con la característica de ser
multiclase, genera una distribución de probabilidad cuya suma
es 1 y la función depérdida (cross entropy loss) se usa para
determinar qué tan diferente es la distribución predicha por el
modelo que la real. es usada como salida de clarificación, se
usan vectores para crear una salida de probabilidades.
softmax(zi) = ezi
j=1 ezj
iv. ¿cuál función de activación utilizar?
depende del requerimiento del modelo y la complejidad del
problema.
la función relu esrápida de computar. preferible empe-
zar por esta función en cualquier modelo. es especialmente
utilizada en deep learning.",,"{""semana"": 10, ""fecha"": ""2026-04-28"", ""nombre_archivo"": ""10_SEMANA_AI_20260428_1.pdf"", ""autor"": ""Mario Adrián Sánchez Ponce"", ""tema_principal"": ""I. RESPUESTAS DELQUIZ"", ""secciones"": ""I. RESPUESTAS DELQUIZ, II. REPASO- REDES NEURONALES, III. FUNCIÓN DEACTIVACIÓN- REPASO, IV. ¿CUÁL FUNCIÓN DE ACTIVACIÓN UTILIZAR?, V. ¿QUÉ HACER PARA USAR UNAREDNEURONAL COMO"", ""chunk_numero"": 10, ""total_chunks"": 12}"
"la función relu esrápida de computar. preferible empe-
zar por esta función en cualquier modelo. es especialmente
utilizada en deep learning.
leaky relu y parametric relu requieren una mayor
complejidad y, por lo tanto, un mayor conocimiento tanto del
problema como del modelo a entrenar.
la función sigmoide y la tangente hiperbólica son fun-
cionales pero presentan un mal gradiente por lo que no son
recomendadas.
v. ¿qué hacer para usar unaredneuronal como
regresión?
wx + bbásicamente se termina con una función lineal
vi. sobre elproyecto
el proyecto tiene libertad de lenguaje en cuanto a la
programación de la appmóvil. la fecha de entrega estimada
es el jueves 7 de mayo.
[pagina 4]
inteligencia artificial, i semestre 2026 4
referencias",,"{""semana"": 10, ""fecha"": ""2026-04-28"", ""nombre_archivo"": ""10_SEMANA_AI_20260428_1.pdf"", ""autor"": ""Mario Adrián Sánchez Ponce"", ""tema_principal"": ""I. RESPUESTAS DELQUIZ"", ""secciones"": ""I. RESPUESTAS DELQUIZ, II. REPASO- REDES NEURONALES, III. FUNCIÓN DEACTIVACIÓN- REPASO, IV. ¿CUÁL FUNCIÓN DE ACTIVACIÓN UTILIZAR?, V. ¿QUÉ HACER PARA USAR UNAREDNEURONAL COMO"", ""chunk_numero"": 11, ""total_chunks"": 12}"
"programación de la appmóvil. la fecha de entrega estimada
es el jueves 7 de mayo.
[pagina 4]
inteligencia artificial, i semestre 2026 4
referencias
[1] narodna tribuna, “convolutional neural networks,”narodna
tribuna. [online]. available: https://narodnatribuna.info/lists/c/
convolutional-neural-networks/",,"{""semana"": 10, ""fecha"": ""2026-04-28"", ""nombre_archivo"": ""10_SEMANA_AI_20260428_1.pdf"", ""autor"": ""Mario Adrián Sánchez Ponce"", ""tema_principal"": ""I. RESPUESTAS DELQUIZ"", ""secciones"": ""I. RESPUESTAS DELQUIZ, II. REPASO- REDES NEURONALES, III. FUNCIÓN DEACTIVACIÓN- REPASO, IV. ¿CUÁL FUNCIÓN DE ACTIVACIÓN UTILIZAR?, V. ¿QUÉ HACER PARA USAR UNAREDNEURONAL COMO"", ""chunk_numero"": 12, ""total_chunks"": 12}"
"[pagina 1]
apuntes inteligencia artificial
anthony guevara guill én
escuela de ingenier ´ıa en computaci ón
tecnológico de costa rica
carné: 2022019397
profesor: steven pacheco portuguez
curso: ic6200 inteligencia artificial
fecha: 28 de abril del 2026
resumen—el presente documento resume los apuntes tomados
durante la clase del 21 de abril de 2026 para el curso ic6200
inteligencia artificial. se abordan temas fundamentales de redes
neuronales, incluyendo propagaci ón hacia adelante, funciones de
activación, c álculo de p érdida mediante entrop ´ıa cruzada y los
fundamentos de optimizaci ón por retropropagaci ón.
i. respuestas delquiz
i-a. describa qu é es una red totalmente conectada incluyen-
do sus 3 capas (fully-connected) [30 pts]",,"{""semana"": 10, ""fecha"": ""2026-04-28"", ""nombre_archivo"": ""10_SEMANA_AI_20260428_2.pdf"", ""autor"": ""Anthony Guevara Guillén"", ""tema_principal"": ""I. RESPUESTAS DELQUIZ"", ""secciones"": ""I. RESPUESTAS DELQUIZ, II. REPASOCLASEJUEVES, III. PROPAGACI ´ONHACIAADELANTE, IV. CLASIFICACI ´ON CONPROBABILIDADES, V. ONE-HOTENCODING YCOMPARACI ´ON"", ""chunk_numero"": 1, ""total_chunks"": 21}"
"i. respuestas delquiz
i-a. describa qu é es una red totalmente conectada incluyen-
do sus 3 capas (fully-connected) [30 pts]
consiste en una red compleja donde se pasa por funciones
no lineales para llegar a la salida. se compone por las
siguientes capas:
capa de entrada:contiene las caracter ´ısticas (features)
iniciales.
capa intermedia (oculta):compuesta por una o varias
funciones de activaci ón.
capa de salida:contiene la funci ón de activaci ón final
encargada de la clasificaci ón.
i-b. ¿qu é es un one-hot vector y c ómo me ayuda a resolver
problemas de regresión multinomial? [30 pts]
se trata de una codificaci ón donde se enciende un bit
correspondiente a la entrada registrada (marcando la clase con
1 y el resto con 0). se comparan los vectores con el fin de tener",,"{""semana"": 10, ""fecha"": ""2026-04-28"", ""nombre_archivo"": ""10_SEMANA_AI_20260428_2.pdf"", ""autor"": ""Anthony Guevara Guillén"", ""tema_principal"": ""I. RESPUESTAS DELQUIZ"", ""secciones"": ""I. RESPUESTAS DELQUIZ, II. REPASOCLASEJUEVES, III. PROPAGACI ´ONHACIAADELANTE, IV. CLASIFICACI ´ON CONPROBABILIDADES, V. ONE-HOTENCODING YCOMPARACI ´ON"", ""chunk_numero"": 2, ""total_chunks"": 21}"
"correspondiente a la entrada registrada (marcando la clase con
1 y el resto con 0). se comparan los vectores con el fin de tener
una salida de m últiples regresiones, permitiendo as ´ı manejar
probabilidades independientes para m últiples clases.
i-c. mencione tres t écnicas de aumentaci ón de datos para
señales de audio propuestas en specaugment [30 pts]
las tres t écnicas son:
time warping
frequency masking
time masking
i-d. ¿por qu é preferimos resolver problemas de clasificación
binaria con una red neuronal de m´ınimo una capa oculta antes
que una regresi ón log´ıstica? [10 pts]
se prefiere por la necesidad de manejar una relaci ón no li-
neal respecto a nuestra entrada. el uso de una red neuronal con
al menos una capa oculta permite la resoluci ón de problemas",,"{""semana"": 10, ""fecha"": ""2026-04-28"", ""nombre_archivo"": ""10_SEMANA_AI_20260428_2.pdf"", ""autor"": ""Anthony Guevara Guillén"", ""tema_principal"": ""I. RESPUESTAS DELQUIZ"", ""secciones"": ""I. RESPUESTAS DELQUIZ, II. REPASOCLASEJUEVES, III. PROPAGACI ´ONHACIAADELANTE, IV. CLASIFICACI ´ON CONPROBABILIDADES, V. ONE-HOTENCODING YCOMPARACI ´ON"", ""chunk_numero"": 3, ""total_chunks"": 21}"
"neal respecto a nuestra entrada. el uso de una red neuronal con
al menos una capa oculta permite la resoluci ón de problemas
no lineales, lo que significa que es capaz de abordar un set de
problemas mucho m ás complejo, contrario a las limitaciones
geométricas que presenta una simple regresi ón log´ıstica.
ii. repasoclasejueves
ii-a. perceptr ón
el perceptr ón es b ásicamente una regresi ón log´ıstica, pero
su problema fue que produc ´ıa comparaciones lineales y solo
funcionaba con problemas lineales . esto provoc ó el invierno
de la investigaci ón con inteligencia artificial en los a ños 70,
pues no se pod ´ıan solucionar problemas l ógicos complejos
como el xor . fue sino hasta la llegada de redes neuronales
más profundas y el algoritmo debackpropagationque hubo",,"{""semana"": 10, ""fecha"": ""2026-04-28"", ""nombre_archivo"": ""10_SEMANA_AI_20260428_2.pdf"", ""autor"": ""Anthony Guevara Guillén"", ""tema_principal"": ""I. RESPUESTAS DELQUIZ"", ""secciones"": ""I. RESPUESTAS DELQUIZ, II. REPASOCLASEJUEVES, III. PROPAGACI ´ONHACIAADELANTE, IV. CLASIFICACI ´ON CONPROBABILIDADES, V. ONE-HOTENCODING YCOMPARACI ´ON"", ""chunk_numero"": 4, ""total_chunks"": 21}"
"como el xor . fue sino hasta la llegada de redes neuronales
más profundas y el algoritmo debackpropagationque hubo
un avance significativo .
ii-b. redes neuronales e inspiraci ón biol ógica
las redes neuronales artificiales tienen una fuerte inspira-
ción biol ógica . de forma similar a nuestro sistema nervioso,
la neurona artificial recibe una se ñal de entrada y, mediante
una funci ón de activaci ón, decide bloquearla, transformarla
o dejarla pasar hacia la siguiente capa seg ún la intensidad
computada .
ii-c. distribuci ón de jerarqu´ıa y maldici ón de dimensiona-
lidad
para lograr el aprendizaje, se mantiene una b úsqueda de
comportamiento jerárquico . en las primeras capas se asimilan
caracter´ısticas simples (l ´ıneas, colores) y, a medida que se",,"{""semana"": 10, ""fecha"": ""2026-04-28"", ""nombre_archivo"": ""10_SEMANA_AI_20260428_2.pdf"", ""autor"": ""Anthony Guevara Guillén"", ""tema_principal"": ""I. RESPUESTAS DELQUIZ"", ""secciones"": ""I. RESPUESTAS DELQUIZ, II. REPASOCLASEJUEVES, III. PROPAGACI ´ONHACIAADELANTE, IV. CLASIFICACI ´ON CONPROBABILIDADES, V. ONE-HOTENCODING YCOMPARACI ´ON"", ""chunk_numero"": 5, ""total_chunks"": 21}"
"comportamiento jerárquico . en las primeras capas se asimilan
caracter´ısticas simples (l ´ıneas, colores) y, a medida que se
avanza en profundidad, se extraen elementos sem ánticos m ás
espec´ıficos (como rostros) .
si se escoge una cantidad de neuronas y capas demasiado
grandes, se aumenta la dimensionalidad del problema, dificul-
tando hallar una funci ón que optimice el costo (maldici ón de
la dimensionalidad) . para mitigar el costo computacional de
dimensiones altas en otros dominios (como texto), por medio
deembeddingsse puede mapear la informaci ón en vectores (ej.
512 caracteres) que guardan el valor sem ántico, permitiendo
usar algoritmos de similitud (como la distancia de coseno) .
ii-d. redes convolucionales (cnn)
a diferencia de una redfully-connected, la arquitectura",,"{""semana"": 10, ""fecha"": ""2026-04-28"", ""nombre_archivo"": ""10_SEMANA_AI_20260428_2.pdf"", ""autor"": ""Anthony Guevara Guillén"", ""tema_principal"": ""I. RESPUESTAS DELQUIZ"", ""secciones"": ""I. RESPUESTAS DELQUIZ, II. REPASOCLASEJUEVES, III. PROPAGACI ´ONHACIAADELANTE, IV. CLASIFICACI ´ON CONPROBABILIDADES, V. ONE-HOTENCODING YCOMPARACI ´ON"", ""chunk_numero"": 6, ""total_chunks"": 21}"
"ii-d. redes convolucionales (cnn)
a diferencia de una redfully-connected, la arquitectura
convolucional consiste en un peque ño kernel que se desliza
a trav és de la imagen para extraer caracter ´ısticas (bordes,
sombras, colores) . conforme avanza la arquitectura, obtiene
mayores detalles .
[pagina 2]
figura 1. arquitectura t ´ıpica de una red neuronal convolucional (cnn)
mostrando la extracci ón de caracter ´ısticas mediante kernels [1].
iii. propagaci ´onhaciaadelante
en las redes neuronales multicapa, la computación se realiza
de forma anidada a trav és de las diferentes capas ocultas,
funcionando de manera muy similar a una composici ón de
funciones matem áticas. para llegar a la capa final (denotada
como capano capa de salida), se debe computar la funci ón",,"{""semana"": 10, ""fecha"": ""2026-04-28"", ""nombre_archivo"": ""10_SEMANA_AI_20260428_2.pdf"", ""autor"": ""Anthony Guevara Guillén"", ""tema_principal"": ""I. RESPUESTAS DELQUIZ"", ""secciones"": ""I. RESPUESTAS DELQUIZ, II. REPASOCLASEJUEVES, III. PROPAGACI ´ONHACIAADELANTE, IV. CLASIFICACI ´ON CONPROBABILIDADES, V. ONE-HOTENCODING YCOMPARACI ´ON"", ""chunk_numero"": 7, ""total_chunks"": 21}"
"funciones matem áticas. para llegar a la capa final (denotada
como capano capa de salida), se debe computar la funci ón
de activaci ón (como la funci ón sigmoide) y todas las capas
anteriores (por ejemplo,h n−1 , . . . , h2, h1, h0).
existe una relaci ón lineal entre los pesos de una capa
espec´ıfica y la salida de la capa anterior. cada una de estas
salidas intermedias se transforma y toma forma mediante las
funciones de activaci ón aplicadas en esa capa.
iv. clasificaci ´on conprobabilidades
cada neurona en la capa de salida produce valores indepen-
dientes que oscilan entre 0 y 1. en un problema de clasifica-
ción, cada una de estas neuronas representa la probabilidad de
que la entrada pertenezca a una clase espec ´ıfica (por ejemplo,
clase 1, clase 2, etc.).",,"{""semana"": 10, ""fecha"": ""2026-04-28"", ""nombre_archivo"": ""10_SEMANA_AI_20260428_2.pdf"", ""autor"": ""Anthony Guevara Guillén"", ""tema_principal"": ""I. RESPUESTAS DELQUIZ"", ""secciones"": ""I. RESPUESTAS DELQUIZ, II. REPASOCLASEJUEVES, III. PROPAGACI ´ONHACIAADELANTE, IV. CLASIFICACI ´ON CONPROBABILIDADES, V. ONE-HOTENCODING YCOMPARACI ´ON"", ""chunk_numero"": 8, ""total_chunks"": 21}"
"que la entrada pertenezca a una clase espec ´ıfica (por ejemplo,
clase 1, clase 2, etc.).
es fundamental que los valores obtenidos en la capa de
salida formen en conjunto una distribuci ón de probabilidades
válida, lo que significa que la suma de todas las probabilidades
de salida debe ser exactamente 1. durante el proceso de
inferencia, la clase que obtenga la mayor probabilidad se
selecciona como la predicci ón final del modelo.
v. one-hotencoding ycomparaci ´on
para representar las categor ´ıas a predecir, se utiliza la
codificaciónone-hot(one-hot vector). la clase predicha por
el modelo se marca con un 1 y el resto de las clases con 0,
creando as´ı un vector posicional.
este vector resultante se compara directamente con el vector",,"{""semana"": 10, ""fecha"": ""2026-04-28"", ""nombre_archivo"": ""10_SEMANA_AI_20260428_2.pdf"", ""autor"": ""Anthony Guevara Guillén"", ""tema_principal"": ""I. RESPUESTAS DELQUIZ"", ""secciones"": ""I. RESPUESTAS DELQUIZ, II. REPASOCLASEJUEVES, III. PROPAGACI ´ONHACIAADELANTE, IV. CLASIFICACI ´ON CONPROBABILIDADES, V. ONE-HOTENCODING YCOMPARACI ´ON"", ""chunk_numero"": 9, ""total_chunks"": 21}"
"creando as´ı un vector posicional.
este vector resultante se compara directamente con el vector
one-hotde la etiqueta verdadera (la cual debe ser transfor-
mada previamente a este formato para el entrenamiento). si
el valor de 1 se encuentra en la misma posici ón en ambos
vectores, se determina que la clasificaci ón es correcta; si
están en posiciones diferentes, la predicci ón es rechazada o
considerada err ónea.
vi. funciones deactivaci ´on yp ´erdida
la funci ón de activaci ón agrega comportamiento a la red y
permite acotar las salidas infinitas de cada capa para controlar
el resultado final .
es importante destacar que la capa de salida no necesa-
riamente utiliza una funci ón sigmoide. dado que se requiere
estrictamente una distribuci ón de probabilidades (donde las",,"{""semana"": 10, ""fecha"": ""2026-04-28"", ""nombre_archivo"": ""10_SEMANA_AI_20260428_2.pdf"", ""autor"": ""Anthony Guevara Guillén"", ""tema_principal"": ""I. RESPUESTAS DELQUIZ"", ""secciones"": ""I. RESPUESTAS DELQUIZ, II. REPASOCLASEJUEVES, III. PROPAGACI ´ONHACIAADELANTE, IV. CLASIFICACI ´ON CONPROBABILIDADES, V. ONE-HOTENCODING YCOMPARACI ´ON"", ""chunk_numero"": 10, ""total_chunks"": 21}"
"riamente utiliza una funci ón sigmoide. dado que se requiere
estrictamente una distribuci ón de probabilidades (donde las
salidas sumen 1), se requiere una funci ón adecuada (como
softmax, por ejemplo).
además, se debe definir una funci ón de p érdida (loss
function) apropiada para evaluar estas distribuciones. la
entrop´ıa cruzada(cross-entropy) es la funci ón de p érdida
estándar y con mayor sentido en este contexto, ya que eval úa
qué tan bien se ajustan las probabilidades predichas a las
reales. funciones como el error cuadr ático medio (mean
squared erroro mse) no son apropiadas para problemas de
clasificación probabil´ıstica, ya que no siguen una distribuci ón
de este tipo.
a continuaci ón, se detallan las principales funciones de
activación abordadas:
vi-a. funci ón lineal",,"{""semana"": 10, ""fecha"": ""2026-04-28"", ""nombre_archivo"": ""10_SEMANA_AI_20260428_2.pdf"", ""autor"": ""Anthony Guevara Guillén"", ""tema_principal"": ""I. RESPUESTAS DELQUIZ"", ""secciones"": ""I. RESPUESTAS DELQUIZ, II. REPASOCLASEJUEVES, III. PROPAGACI ´ONHACIAADELANTE, IV. CLASIFICACI ´ON CONPROBABILIDADES, V. ONE-HOTENCODING YCOMPARACI ´ON"", ""chunk_numero"": 11, ""total_chunks"": 21}"
"de este tipo.
a continuaci ón, se detallan las principales funciones de
activación abordadas:
vi-a. funci ón lineal
si bien funciona en problemas simples, el problema prin-
cipal es que su gradiente siempre es constante, lo que im-
pide descender de manera óptima sobre la funci ón de costo.
además, produce salidas hacia el infinito y no a ñade el nivel
de complejidad no lineal requerido para redes multicapa .
y=mx+b(1)
dx (mx+b) =m(2)
figura 2. gr áfica de la funci ón lineal. presenta un gradiente constante.
vi-b. funci ón sigmoide
acota los valores entre 0 y 1 y siempre es positiva . el
problema se encuentra en los extremos de la funci ón, donde
su valor es casi constante y la derivada se acerca a cero .
esto genera gradientes muy pequeños (vanishing gradient) que",,"{""semana"": 10, ""fecha"": ""2026-04-28"", ""nombre_archivo"": ""10_SEMANA_AI_20260428_2.pdf"", ""autor"": ""Anthony Guevara Guillén"", ""tema_principal"": ""I. RESPUESTAS DELQUIZ"", ""secciones"": ""I. RESPUESTAS DELQUIZ, II. REPASOCLASEJUEVES, III. PROPAGACI ´ONHACIAADELANTE, IV. CLASIFICACI ´ON CONPROBABILIDADES, V. ONE-HOTENCODING YCOMPARACI ´ON"", ""chunk_numero"": 12, ""total_chunks"": 21}"
"su valor es casi constante y la derivada se acerca a cero .
esto genera gradientes muy pequeños (vanishing gradient) que
impiden avanzar significativamente en la funci ón de costo .
σ(x) = 1
1 +e −x (3)
dσ(x)
dx =σ(x)(1−σ(x))(4)
[pagina 3]
figura 3. comportamiento de la funci ón sigmoide.
vi-c. funci ón tangente hiperb ólica (tanh)
similar a la sigmoide, pero acota los valores entre -1 y 1
. presenta exactamente el mismo problema en los extremos:
el gradiente es muy cercano a cero, limitando la optimizaci ón
de los pesos.
tanh(x) = ex −e −x
ex +e −x (5)
dx tanh(x) = 1−tanh 2(x)(6)
figura 4. comportamiento de la funci ón tanh.
vi-d. funci ón relu (rectified linear unit)
se define como el m áximo entrexy 0; la parte negativa
es constante (0) y la parte positiva es el mismo valor dex.",,"{""semana"": 10, ""fecha"": ""2026-04-28"", ""nombre_archivo"": ""10_SEMANA_AI_20260428_2.pdf"", ""autor"": ""Anthony Guevara Guillén"", ""tema_principal"": ""I. RESPUESTAS DELQUIZ"", ""secciones"": ""I. RESPUESTAS DELQUIZ, II. REPASOCLASEJUEVES, III. PROPAGACI ´ONHACIAADELANTE, IV. CLASIFICACI ´ON CONPROBABILIDADES, V. ONE-HOTENCODING YCOMPARACI ´ON"", ""chunk_numero"": 13, ""total_chunks"": 21}"
"se define como el m áximo entrexy 0; la parte negativa
es constante (0) y la parte positiva es el mismo valor dex.
es sumamente eficiente paradeep learning. sin embargo,
presenta el problema de lasneuronas muertas: si los valores
caen a la izquierda del cero, el gradiente es cero absoluto y
esos pesos nunca se actualizan .
relu(x) = máx(0, x)(7)
dxrelu(x) =
0, x <0
1, x >0 (8)
figura 5. funci ón relu. eficiente computacionalmente, pero propensa a
generar neuronas muertas en su segmento negativo [4].
vi-e. leaky relu
es una alternativa para solucionar el problema de las neu-
ronas muertas en relu . multiplica los valores negativos por
una constante muy pequeña (ej.0,001), permitiendo que exista
un m´ınimo gradiente y la red siga aprendiendo . su desventaja",,"{""semana"": 10, ""fecha"": ""2026-04-28"", ""nombre_archivo"": ""10_SEMANA_AI_20260428_2.pdf"", ""autor"": ""Anthony Guevara Guillén"", ""tema_principal"": ""I. RESPUESTAS DELQUIZ"", ""secciones"": ""I. RESPUESTAS DELQUIZ, II. REPASOCLASEJUEVES, III. PROPAGACI ´ONHACIAADELANTE, IV. CLASIFICACI ´ON CONPROBABILIDADES, V. ONE-HOTENCODING YCOMPARACI ´ON"", ""chunk_numero"": 14, ""total_chunks"": 21}"
"una constante muy pequeña (ej.0,001), permitiendo que exista
un m´ınimo gradiente y la red siga aprendiendo . su desventaja
es que esta constante es un valor arbitrario fijo que podr ´ıa no
ser el óptimo para todos los problemas.
leakyrelu(x) =
x, x≥0
0,001x, x <0 (9)
dxleakyrelu(x) =
1, x≥0
0,001, x <0 (10)
figura 6. funci ón leaky relu [3].
vi-f. parametric relu
soluciona la limitaci ón de leaky relu permitiendo que
la redaprendael par ámetro de la constante (w) durante el
entrenamiento . es más dinámica y se ajusta mejor a los datos,
aunque aumenta la complejidad computacional al tener m ás
pesos que optimizar.
prelu(x) =
x, x≥0
ax, x <0 (11)
dxprelu(x) =
1, x≥0
a, x <0 (12)
[pagina 4]
figura 7. funci ón parametric relu vs. relu [3].
vi-g. soft max",,"{""semana"": 10, ""fecha"": ""2026-04-28"", ""nombre_archivo"": ""10_SEMANA_AI_20260428_2.pdf"", ""autor"": ""Anthony Guevara Guillén"", ""tema_principal"": ""I. RESPUESTAS DELQUIZ"", ""secciones"": ""I. RESPUESTAS DELQUIZ, II. REPASOCLASEJUEVES, III. PROPAGACI ´ONHACIAADELANTE, IV. CLASIFICACI ´ON CONPROBABILIDADES, V. ONE-HOTENCODING YCOMPARACI ´ON"", ""chunk_numero"": 15, ""total_chunks"": 21}"
"prelu(x) =
x, x≥0
ax, x <0 (11)
dxprelu(x) =
1, x≥0
a, x <0 (12)
[pagina 4]
figura 7. funci ón parametric relu vs. relu [3].
vi-g. soft max
se utiliza para convertir los valores crudos de salida (logits)
en una distribución de probabilidades estandarizada . su cálcu-
lo exponencial asegura que la sumatoria de las probabilidades
de todas las clases sea exactamente 1 . se emplea en conjunto
con la funci ón de p érdidacross-entropy.
softmax(zi) = ezi
j=1 ezj
figura 8. funci ón softmax [5].
vii. ¿cu ´alfunci ´on deactivaci ´onutilizar?
depende del requerimiento del modelo. la recomendaci ón
general es empezar implementandorelu. si relu presenta
problemas (neuronas muertas), se puede intentar con leaky
relu o parametric relu . las funciones sigmoide y tanh",,"{""semana"": 10, ""fecha"": ""2026-04-28"", ""nombre_archivo"": ""10_SEMANA_AI_20260428_2.pdf"", ""autor"": ""Anthony Guevara Guillén"", ""tema_principal"": ""I. RESPUESTAS DELQUIZ"", ""secciones"": ""I. RESPUESTAS DELQUIZ, II. REPASOCLASEJUEVES, III. PROPAGACI ´ONHACIAADELANTE, IV. CLASIFICACI ´ON CONPROBABILIDADES, V. ONE-HOTENCODING YCOMPARACI ´ON"", ""chunk_numero"": 16, ""total_chunks"": 21}"
"problemas (neuronas muertas), se puede intentar con leaky
relu o parametric relu . las funciones sigmoide y tanh
no se recomiendan para capas ocultas intermedias debido a
los gradientes min úsculos, aunque tanh sol´ıa usarse mucho en
modelos de lenguaje recurrentes (recurrent neural networks
(rnn) o long short-term memory (lstm)) m ás antiguos .
viii. optimizaci ´on ybackpropagation
la optimizaci ón de los pesos de la red neuronal se realiza
utilizando el algoritmo dedescenso del gradiente(gradient
descent).
para optimizar correctamente la red a trav és de la propa-
gación hacia atr ás, es necesario cuantificar cu ánto afecta cada
neurona a la funci ón de p érdida final. para ello, se calcula
la derivada de la funci ón de costo con respecto a los pesos",,"{""semana"": 10, ""fecha"": ""2026-04-28"", ""nombre_archivo"": ""10_SEMANA_AI_20260428_2.pdf"", ""autor"": ""Anthony Guevara Guillén"", ""tema_principal"": ""I. RESPUESTAS DELQUIZ"", ""secciones"": ""I. RESPUESTAS DELQUIZ, II. REPASOCLASEJUEVES, III. PROPAGACI ´ONHACIAADELANTE, IV. CLASIFICACI ´ON CONPROBABILIDADES, V. ONE-HOTENCODING YCOMPARACI ´ON"", ""chunk_numero"": 17, ""total_chunks"": 21}"
"neurona a la funci ón de p érdida final. para ello, se calcula
la derivada de la funci ón de costo con respecto a los pesos
en cada neurona, obteniendo el nivel de contribuci ón al error
general.
el tipo de capas internas utilizadas (ya sean convolucionales,
con distintas activaciones, etc.) act úa primordialmente como
un mecanismo de extracci ón de caracter ´ısticas pegado a una
superficie y no altera el mecanismo de la capa de salida.
ix. uso de unaredneuronal comoregresi ´on
si se tiene una red neuronal gigante y se necesita que el
modelo prediga un valor num érico espec ´ıfico (regresi ón), lo
único que se debe hacer es aplicar unaactivaci ón lineal(o
derechamente no usar ninguna funci ón de activaci ón) en la
capa de salida . de esta forma, el modelo retorna directamente",,"{""semana"": 10, ""fecha"": ""2026-04-28"", ""nombre_archivo"": ""10_SEMANA_AI_20260428_2.pdf"", ""autor"": ""Anthony Guevara Guillén"", ""tema_principal"": ""I. RESPUESTAS DELQUIZ"", ""secciones"": ""I. RESPUESTAS DELQUIZ, II. REPASOCLASEJUEVES, III. PROPAGACI ´ONHACIAADELANTE, IV. CLASIFICACI ´ON CONPROBABILIDADES, V. ONE-HOTENCODING YCOMPARACI ´ON"", ""chunk_numero"": 18, ""total_chunks"": 21}"
"derechamente no usar ninguna funci ón de activaci ón) en la
capa de salida . de esta forma, el modelo retorna directamente
loslogitscalculados porwx+b.
x. comentarios sobre elproyecto
el proyecto tiene total libertad de lenguaje,frameworko
interfaz visual para la programaci ón de la aplicaci ón . la
entrega est á programada para el jueves 7 de mayo (con
posibilidad de moverse un par de d ´ıas), y las revisiones
técnicas iniciarán la semana del lunes 11 de mayo . se espera
justificar la experimentaci ón realizada con las arquitecturas
seleccionadas .
referencias
[1] e. canorea, “convolutional neural network: gu ´ıa para entenderlas,”
plain concepts, 13 de jun. de 2025. [en l ´ınea]. disponible:
https://www.plainconcepts.com/es/convolutional-neural-network-guia/",,"{""semana"": 10, ""fecha"": ""2026-04-28"", ""nombre_archivo"": ""10_SEMANA_AI_20260428_2.pdf"", ""autor"": ""Anthony Guevara Guillén"", ""tema_principal"": ""I. RESPUESTAS DELQUIZ"", ""secciones"": ""I. RESPUESTAS DELQUIZ, II. REPASOCLASEJUEVES, III. PROPAGACI ´ONHACIAADELANTE, IV. CLASIFICACI ´ON CONPROBABILIDADES, V. ONE-HOTENCODING YCOMPARACI ´ON"", ""chunk_numero"": 19, ""total_chunks"": 21}"
"plain concepts, 13 de jun. de 2025. [en l ´ınea]. disponible:
https://www.plainconcepts.com/es/convolutional-neural-network-guia/
[2] codificando bits, “la funci ón de activaci ón,”codifi-
cando bits, 21 de feb. de 2024. [en l ´ınea]. disponible:
https://codificandobits.com/blog/funcion-de-activacion/
[3] geeksforgeeks, “leaky relu activation function in deep learning,”
geeksforgeeks, 12 de jul. de 2025. [en l ´ınea]. disponible:
https://www.geeksforgeeks.org/machine-learning/leaky-relu-activation-function-in-deep-learning/
[4] geeksforgeeks, “relu activation function in deep learning,”
geeksforgeeks, 15 de abr. de 2026. [en l ´ınea]. disponible:
https://www.geeksforgeeks.org/deep-learning/relu-activation-function-in-deep-learning/",,"{""semana"": 10, ""fecha"": ""2026-04-28"", ""nombre_archivo"": ""10_SEMANA_AI_20260428_2.pdf"", ""autor"": ""Anthony Guevara Guillén"", ""tema_principal"": ""I. RESPUESTAS DELQUIZ"", ""secciones"": ""I. RESPUESTAS DELQUIZ, II. REPASOCLASEJUEVES, III. PROPAGACI ´ONHACIAADELANTE, IV. CLASIFICACI ´ON CONPROBABILIDADES, V. ONE-HOTENCODING YCOMPARACI ´ON"", ""chunk_numero"": 20, ""total_chunks"": 21}"
"geeksforgeeks, 15 de abr. de 2026. [en l ´ınea]. disponible:
https://www.geeksforgeeks.org/deep-learning/relu-activation-function-in-deep-learning/
[5] j. qadir, “graphic representation of the softmax activation
function,”researchgate, 2021. [en l ´ınea]. disponible:
https://www.researchgate.net/figure/graphic-representation-of-the-softmax-activation-function_fig5_348703101",,"{""semana"": 10, ""fecha"": ""2026-04-28"", ""nombre_archivo"": ""10_SEMANA_AI_20260428_2.pdf"", ""autor"": ""Anthony Guevara Guillén"", ""tema_principal"": ""I. RESPUESTAS DELQUIZ"", ""secciones"": ""I. RESPUESTAS DELQUIZ, II. REPASOCLASEJUEVES, III. PROPAGACI ´ONHACIAADELANTE, IV. CLASIFICACI ´ON CONPROBABILIDADES, V. ONE-HOTENCODING YCOMPARACI ´ON"", ""chunk_numero"": 21, ""total_chunks"": 21}"
"[pagina 1]
resumen de: redes neuronales convolucionales –
arquitecturas y explicabilidad
victor aymerich
instituto tecnológico de costa rica
cartago, costa rica
abstract—este documento resume los conceptos fundamentales
de las redes neuronales convolucionales (cnn) vistos en clase.
se describen las capas de convoluci ón multicanal, la operaci ón
depooling, y la capa completamente conectada (fully connected)
que forma el clasificador final. adem ás, se comparan distintas
arquitecturas hist óricas – lenet, alexnet, zfnet, googlenet,
vgg16, resnet y densenet – destacando las motivaciones de
cada evoluci ón arquitect ónica. finalmente, se revisan t écnicas
para mejorar la explicabilidad de las cnn, como visualizaci ón
de activaciones, mapas de calor y proyecciones de embeddings.",,"{""semana"": 10, ""fecha"": ""2026-04-28"", ""nombre_archivo"": ""10_SEMANA_AI_20260428_3.pdf"", ""autor"": ""Victor Aymerich"", ""tema_principal"": ""I. INTRODUCCI ´ON"", ""secciones"": ""I. INTRODUCCI ´ON, II. CAPASCONVOLUCIONALES CONIM ´AGENES, III. CAPA DEPOOLING, IV. CAPACOMPLETAMENTECONECTADA YVECTOR DE, V. KERNELSPEQUE ˜NOS VS. KERNELSGRANDES"", ""chunk_numero"": 1, ""total_chunks"": 16}"
"para mejorar la explicabilidad de las cnn, como visualizaci ón
de activaciones, mapas de calor y proyecciones de embeddings.
index terms—redes convolucionales, cnn, max pooling,
arquitecturas deep learning, alexnet, resnet, explicabilidad
i. introducci ´on
las redes neuronales convolucionales (cnn) constituyen el
enfoque dominante para el procesamiento y clasificaci ón de
imágenes. a diferencia de las redes densas tradicionales, las
cnn explotan la estructura espacial de las im ágenes medi-
ante filtros (kernels) compartidos, reduciendo dr ásticamente la
cantidad de par ámetros entrenables.
el flujo general de una cnn comprende tres etapas: (1) ex-
tracción de caracter ´ısticas mediante capas convolucionales y
de activaci ón, (2) reducci ón de dimensionalidad mediante",,"{""semana"": 10, ""fecha"": ""2026-04-28"", ""nombre_archivo"": ""10_SEMANA_AI_20260428_3.pdf"", ""autor"": ""Victor Aymerich"", ""tema_principal"": ""I. INTRODUCCI ´ON"", ""secciones"": ""I. INTRODUCCI ´ON, II. CAPASCONVOLUCIONALES CONIM ´AGENES, III. CAPA DEPOOLING, IV. CAPACOMPLETAMENTECONECTADA YVECTOR DE, V. KERNELSPEQUE ˜NOS VS. KERNELSGRANDES"", ""chunk_numero"": 2, ""total_chunks"": 16}"
"tracción de caracter ´ısticas mediante capas convolucionales y
de activaci ón, (2) reducci ón de dimensionalidad mediante
capas depooling, y (3) clasificaci ón mediante una red com-
pletamente conectada (fully connected) que recibe el vector de
caracter´ısticas comprimido.
ii. capasconvolucionales conim ´agenes
multicanal
a. im ágenes multicanal
una imagen en color de dimensiones224×224×3posee
tres canales (r, g, b). el kernel de convoluci ón debe tener
la misma profundidad que la imagen de entrada. por lo tanto,
para una entrada de profundidadc, el kernel tiene formak×
k×c, y la operaci ón de convoluci ón produce un único mapa
de activaci ón (feature map).
para obtenernmapas de activaci ón distintos se aprenden
nkernels independientes, resultando en un volumen de salida
de dimensiones:",,"{""semana"": 10, ""fecha"": ""2026-04-28"", ""nombre_archivo"": ""10_SEMANA_AI_20260428_3.pdf"", ""autor"": ""Victor Aymerich"", ""tema_principal"": ""I. INTRODUCCI ´ON"", ""secciones"": ""I. INTRODUCCI ´ON, II. CAPASCONVOLUCIONALES CONIM ´AGENES, III. CAPA DEPOOLING, IV. CAPACOMPLETAMENTECONECTADA YVECTOR DE, V. KERNELSPEQUE ˜NOS VS. KERNELSGRANDES"", ""chunk_numero"": 3, ""total_chunks"": 16}"
"para obtenernmapas de activaci ón distintos se aprenden
nkernels independientes, resultando en un volumen de salida
de dimensiones:
wsal = went −k+ 2p
s + 1(1)
dondew ent es el ancho/alto de entrada,kel tama ño del
kernel,pelpaddingyselstride.
b. principio de pesos compartidos
un mismo filtro se desplaza por toda la imagen asumiendo
que la caracter´ıstica que detecta (l´ınea horizontal, borde, color)
es igualmente válida en cualquier posición espacial(x, y). esto
reduce el n úmero de par ámetros de forma exponencial frente
a una capa densa equivalente.
fig. 1: convolución sobre imagen multicanal de 3 canales con
dos kernels, produciendo dosfeature maps.
iii. capa depooling
a. max pooling
la capa depoolingreduce el ancho y el alto de los mapas",,"{""semana"": 10, ""fecha"": ""2026-04-28"", ""nombre_archivo"": ""10_SEMANA_AI_20260428_3.pdf"", ""autor"": ""Victor Aymerich"", ""tema_principal"": ""I. INTRODUCCI ´ON"", ""secciones"": ""I. INTRODUCCI ´ON, II. CAPASCONVOLUCIONALES CONIM ´AGENES, III. CAPA DEPOOLING, IV. CAPACOMPLETAMENTECONECTADA YVECTOR DE, V. KERNELSPEQUE ˜NOS VS. KERNELSGRANDES"", ""chunk_numero"": 4, ""total_chunks"": 16}"
"dos kernels, produciendo dosfeature maps.
iii. capa depooling
a. max pooling
la capa depoolingreduce el ancho y el alto de los mapas
de activaci ón sin modificar la profundidad. la configuraci ón
más com ún esmax poolingcon kernel2×2y stride2, lo
que divide cada dimensi ón espacial a la mitad:
wsal = went −k p
+ 1(2)
dondek p es el tama ño del kernel depoolingys p el stride.
la operaci ón selecciona el valor m áximo dentro de cada
ventana, preservando la activaci ón m ás fuerte (mayor infor-
mación). la profundidad se mantiene exactamente igual: todos
losfeature mapsson reducidos de forma independiente.
fig. 2: max pooling2×2con stride2sobre una imagen4×4.
la imagen resultante es2×2.
[pagina 2]
b. alternativas al max pooling
•average pooling:calcula el promedio de la ventana. fue",,"{""semana"": 10, ""fecha"": ""2026-04-28"", ""nombre_archivo"": ""10_SEMANA_AI_20260428_3.pdf"", ""autor"": ""Victor Aymerich"", ""tema_principal"": ""I. INTRODUCCI ´ON"", ""secciones"": ""I. INTRODUCCI ´ON, II. CAPASCONVOLUCIONALES CONIM ´AGENES, III. CAPA DEPOOLING, IV. CAPACOMPLETAMENTECONECTADA YVECTOR DE, V. KERNELSPEQUE ˜NOS VS. KERNELSGRANDES"", ""chunk_numero"": 5, ""total_chunks"": 16}"
"la imagen resultante es2×2.
[pagina 2]
b. alternativas al max pooling
•average pooling:calcula el promedio de la ventana. fue
popular antes de que estudios demostraran la superioridad
del max pooling.
•l2 pooling:utiliza la norma l2 de los valores de la
ventana.
la capa depoolingno posee par ámetros entrenables; es
una transformaci ón fija.
iv. capacompletamenteconectada yvector de
embeddings
al finalizar el bloque convolucional, el volumen resultante
(p.ej.7×7×1024) se aplana (flatten) para formar un
vector unidimensional. este vector condensa la informaci ón
semántica de toda la imagen y se entrega como entrada a una
o m ás capas densas que realizan la clasificaci ón final.
fig. 3: flujo completo de una cnn: extracci ón de carac-
ter´ısticas→vector de embeddings→clasificador.",,"{""semana"": 10, ""fecha"": ""2026-04-28"", ""nombre_archivo"": ""10_SEMANA_AI_20260428_3.pdf"", ""autor"": ""Victor Aymerich"", ""tema_principal"": ""I. INTRODUCCI ´ON"", ""secciones"": ""I. INTRODUCCI ´ON, II. CAPASCONVOLUCIONALES CONIM ´AGENES, III. CAPA DEPOOLING, IV. CAPACOMPLETAMENTECONECTADA YVECTOR DE, V. KERNELSPEQUE ˜NOS VS. KERNELSGRANDES"", ""chunk_numero"": 6, ""total_chunks"": 16}"
"fig. 3: flujo completo de una cnn: extracci ón de carac-
ter´ısticas→vector de embeddings→clasificador.
existe untrade-offen el tama ño del vector:
•vectores m ás grandes⇒mayor capacidad representativa,
pero m ás par ámetros en la capa densa.
•vectores m ás peque ños⇒modelo m ás ligero, pero
menor capacidad de discriminaci ón.
v. kernelspeque ˜nos vs. kernelsgrandes
una técnica clave en el dise ño moderno de cnn es preferir
múltiples convoluciones con kernels peque ños (3×3) sobre
una sola convoluci ón con kernel grande. la tabla i compara
ambas opciones para un campo receptivo efectivo de7×7:
table i: comparaci ón de par ámetros: kernel7×7vs. tres
capas3×3
configuración par ámetros no linealidades
1 capa, kernel7×7 49c 2 1 (lineal)
3 capas, kernel3×3 27c 2 3 (relu cada capa)",,"{""semana"": 10, ""fecha"": ""2026-04-28"", ""nombre_archivo"": ""10_SEMANA_AI_20260428_3.pdf"", ""autor"": ""Victor Aymerich"", ""tema_principal"": ""I. INTRODUCCI ´ON"", ""secciones"": ""I. INTRODUCCI ´ON, II. CAPASCONVOLUCIONALES CONIM ´AGENES, III. CAPA DEPOOLING, IV. CAPACOMPLETAMENTECONECTADA YVECTOR DE, V. KERNELSPEQUE ˜NOS VS. KERNELSGRANDES"", ""chunk_numero"": 7, ""total_chunks"": 16}"
"capas3×3
configuración par ámetros no linealidades
1 capa, kernel7×7 49c 2 1 (lineal)
3 capas, kernel3×3 27c 2 3 (relu cada capa)
las ventajas de los kernels peque ños son:
1)menos par ámetros:27c 2 <49c 2.
2)m ás no-linealidades:se aplica relu despu és de cada
convolución, aumentando la expresividad del modelo.
vi. arquitecturascl ´asicas decnn
a. lenet (1998)
primera arquitectura cnn exitosa, dise ñada para im ágenes
de32×32. utiliza dos bloques de convoluci ón +subsampling
seguidos de capas densas. produce 6 y 16feature maps
respectivamente.
fig. 4: arquitectura lenet-5: entrada32×32→conv→pool
→conv→pool→fc.
b. alexnet (2012)
arquitectura que marcó el inicio del auge deldeep learning.
sus caracter´ısticas principales son:
•entrada:227×227×3.",,"{""semana"": 10, ""fecha"": ""2026-04-28"", ""nombre_archivo"": ""10_SEMANA_AI_20260428_3.pdf"", ""autor"": ""Victor Aymerich"", ""tema_principal"": ""I. INTRODUCCI ´ON"", ""secciones"": ""I. INTRODUCCI ´ON, II. CAPASCONVOLUCIONALES CONIM ´AGENES, III. CAPA DEPOOLING, IV. CAPACOMPLETAMENTECONECTADA YVECTOR DE, V. KERNELSPEQUE ˜NOS VS. KERNELSGRANDES"", ""chunk_numero"": 8, ""total_chunks"": 16}"
"b. alexnet (2012)
arquitectura que marcó el inicio del auge deldeep learning.
sus caracter´ısticas principales son:
•entrada:227×227×3.
•primera capa: kernel11×11, stride4, 96feature maps
→salida55×55×96.
•entrenamiento distribuido en dos gpus (48 kernels por
gpu).
•introdujo el uso masivo de relu ydropout.
c. zfnet (2013)
misma idea que alexnet pero con kernels m ás peque ños
en las primeras capas (de11×11a7×7), lo que reduce
parámetros y mejora resultados. demuestra que peque ños
ajustes arquitect ónicos justifican una publicaci ón cient´ıfica.
d. googlenet / inception (2014)
reduce los par ámetros de∼60 m (alexnet) a∼4 m
mediante elm ódulo inception. en lugar de elegir un tama ño
de kernel, aplica en paralelo convoluciones1×1,3×3,5×5
y max pooling3×3, concatenando todos losfeature maps",,"{""semana"": 10, ""fecha"": ""2026-04-28"", ""nombre_archivo"": ""10_SEMANA_AI_20260428_3.pdf"", ""autor"": ""Victor Aymerich"", ""tema_principal"": ""I. INTRODUCCI ´ON"", ""secciones"": ""I. INTRODUCCI ´ON, II. CAPASCONVOLUCIONALES CONIM ´AGENES, III. CAPA DEPOOLING, IV. CAPACOMPLETAMENTECONECTADA YVECTOR DE, V. KERNELSPEQUE ˜NOS VS. KERNELSGRANDES"", ""chunk_numero"": 9, ""total_chunks"": 16}"
"de kernel, aplica en paralelo convoluciones1×1,3×3,5×5
y max pooling3×3, concatenando todos losfeature maps
resultantes:
fig. 5: módulo inception: concatenación de convoluciones1×
1,3×3,5×5y max pooling.
[pagina 3]
al final de la red se aplicaaverage poolingglobal sobre
los mapas7×7, produciendo un vector de 1024 elementos,
seguido de un clasificador condropout.
e. vgg16 y vgg19
redes muy profundas (16 y 19 capas respectivamente)
basadas únicamente en convoluciones3×3apiladas, seguidas
de max pooling. obtienen alta precisi ón a costa de un mayor
número de par ámetros.
f . resnet – conexiones residuales
para redes muy profundas (>30 capas) el gradiente puede
degradarse durante la retropropagaci ón (vanishing gradient).
resnet introduce lasconexiones residuales(oskip connec-",,"{""semana"": 10, ""fecha"": ""2026-04-28"", ""nombre_archivo"": ""10_SEMANA_AI_20260428_3.pdf"", ""autor"": ""Victor Aymerich"", ""tema_principal"": ""I. INTRODUCCI ´ON"", ""secciones"": ""I. INTRODUCCI ´ON, II. CAPASCONVOLUCIONALES CONIM ´AGENES, III. CAPA DEPOOLING, IV. CAPACOMPLETAMENTECONECTADA YVECTOR DE, V. KERNELSPEQUE ˜NOS VS. KERNELSGRANDES"", ""chunk_numero"": 10, ""total_chunks"": 16}"
"degradarse durante la retropropagaci ón (vanishing gradient).
resnet introduce lasconexiones residuales(oskip connec-
tions): la salida de un bloque de convoluciones se suma con
su entrada antes de continuar:
y=f(x,{w i}) +x(3)
dondefrepresenta las transformaciones convolucionales
del bloque.
fig. 6: bloque residual de resnet: la entradaxse suma a la
salida del bloque convolucional.
g. densenet
lleva las conexiones residuales al extremo: cada capa recibe
como entrada la concatenaci ón de los mapas de activaci ón de
todas las capas anteriores. esto maximiza la reutilizaci ón
de caracter´ısticas y reduce a ún m ás el n úmero de par ámetros
necesarios.
la tabla ii resume las principales arquitecturas.
table ii: comparaci ón de arquitecturas cnn
arquitectura a ño capas par ámetros aprox.",,"{""semana"": 10, ""fecha"": ""2026-04-28"", ""nombre_archivo"": ""10_SEMANA_AI_20260428_3.pdf"", ""autor"": ""Victor Aymerich"", ""tema_principal"": ""I. INTRODUCCI ´ON"", ""secciones"": ""I. INTRODUCCI ´ON, II. CAPASCONVOLUCIONALES CONIM ´AGENES, III. CAPA DEPOOLING, IV. CAPACOMPLETAMENTECONECTADA YVECTOR DE, V. KERNELSPEQUE ˜NOS VS. KERNELSGRANDES"", ""chunk_numero"": 11, ""total_chunks"": 16}"
"necesarios.
la tabla ii resume las principales arquitecturas.
table ii: comparaci ón de arquitecturas cnn
arquitectura a ño capas par ámetros aprox.
lenet-5 1998 7∼60 k
alexnet 2012 8∼60 m
zfnet 2013 8∼58 m
googlenet 2014 22∼4 m
vgg16 2014 16∼138 m
resnet-34 2015 34∼21 m
densenet 2016 var.∼8 m
vii. reglas dedise ˜nonoescritas
la comunidad dedeep learningha consolidado ciertas
prácticas comunes:
•el tama ño de la imagen de entrada debe ser divisible
entre 2 para facilitar los c álculos depooling(ej.32,64,
•preferir kernels peque ños:3×3conpadding1 o5×5
conpadding2, para preservar las dimensiones espaciales.
•usarmax pooling2×2con stride 2 como capa est ándar
de reducci ón.
•aplicar la funci ón de activaci ónreludespu és de cada
convolución.",,"{""semana"": 10, ""fecha"": ""2026-04-28"", ""nombre_archivo"": ""10_SEMANA_AI_20260428_3.pdf"", ""autor"": ""Victor Aymerich"", ""tema_principal"": ""I. INTRODUCCI ´ON"", ""secciones"": ""I. INTRODUCCI ´ON, II. CAPASCONVOLUCIONALES CONIM ´AGENES, III. CAPA DEPOOLING, IV. CAPACOMPLETAMENTECONECTADA YVECTOR DE, V. KERNELSPEQUE ˜NOS VS. KERNELSGRANDES"", ""chunk_numero"": 12, ""total_chunks"": 16}"
"•usarmax pooling2×2con stride 2 como capa est ándar
de reducci ón.
•aplicar la funci ón de activaci ónreludespu és de cada
convolución.
•dejar la responsabilidad de reducir dimensiones a la capa
depooling, no a la convoluci ón.
viii. explicabilidad encnn
las cnn tienen poca explicabilidad intr´ınseca: no es directo
determinarpor qu éla red tom ó una decisi ón. existen varias
técnicas para intentar interpretarlas:
a. visualizaci ón de activaciones y filtros
se inspeccionan los pesos aprendidos por los kernels de la
primera capa, donde los filtros suelen especializarse en detectar
colores, bordes y l ´ıneas diagonales. en capas profundas esta
visualización pierde sentido semántico para el humano, aunque
es m ás significativa para la red.
b. proyecci ón de embeddings",,"{""semana"": 10, ""fecha"": ""2026-04-28"", ""nombre_archivo"": ""10_SEMANA_AI_20260428_3.pdf"", ""autor"": ""Victor Aymerich"", ""tema_principal"": ""I. INTRODUCCI ´ON"", ""secciones"": ""I. INTRODUCCI ´ON, II. CAPASCONVOLUCIONALES CONIM ´AGENES, III. CAPA DEPOOLING, IV. CAPACOMPLETAMENTECONECTADA YVECTOR DE, V. KERNELSPEQUE ˜NOS VS. KERNELSGRANDES"", ""chunk_numero"": 13, ""total_chunks"": 16}"
"visualización pierde sentido semántico para el humano, aunque
es m ás significativa para la red.
b. proyecci ón de embeddings
el vector de caracter ´ısticas de salida (embedding) se
proyecta a 2d mediante t écnicas como pca o t-sne. datos
semánticamente similares quedan agrupados en el plano, lo
que permite verificar si la red ha aprendido representaciones
coherentes.
fig. 7: proyección t-sne de embeddings de 4096 dimensiones.
objetos con caracter ´ısticas similares (p.ej. p ájaros y aviones)
aparecen agrupados.
c. oclusi ón de regiones
se coloca un parche sobre distintas regiones de la imagen
y se observa c ómo cambian las activaciones. si al cubrir una
zona clave (p.ej. la cara del animal) la activaci ón cae, esa zona
es determinante para la decisi ón del modelo.",,"{""semana"": 10, ""fecha"": ""2026-04-28"", ""nombre_archivo"": ""10_SEMANA_AI_20260428_3.pdf"", ""autor"": ""Victor Aymerich"", ""tema_principal"": ""I. INTRODUCCI ´ON"", ""secciones"": ""I. INTRODUCCI ´ON, II. CAPASCONVOLUCIONALES CONIM ´AGENES, III. CAPA DEPOOLING, IV. CAPACOMPLETAMENTECONECTADA YVECTOR DE, V. KERNELSPEQUE ˜NOS VS. KERNELSGRANDES"", ""chunk_numero"": 14, ""total_chunks"": 16}"
"zona clave (p.ej. la cara del animal) la activaci ón cae, esa zona
es determinante para la decisi ón del modelo.
d. mapas de calor (grad-cam)
los mapas de activaci ón de las últimas capas convolu-
cionales se combinan para producir un mapa de calor que
indica qué región de la imagen contribuyó más a la predicción.
lo ideal es que el mapa se concentre sobre el objeto de interés.
[pagina 4]
fig. 8: mapa de calor superpuesto sobre la imagen original:
las zonas rojas indican mayor contribuci ón a la decisi ón del
clasificador.
ix. conclusiones
•las cnn reducen dr ásticamente los par ámetros respecto
a capas densas gracias al mecanismo depesos compar-
tidos.
•elmax poolinges la t écnica est ándar de reducci ón
espacial; no posee par ámetros entrenables.",,"{""semana"": 10, ""fecha"": ""2026-04-28"", ""nombre_archivo"": ""10_SEMANA_AI_20260428_3.pdf"", ""autor"": ""Victor Aymerich"", ""tema_principal"": ""I. INTRODUCCI ´ON"", ""secciones"": ""I. INTRODUCCI ´ON, II. CAPASCONVOLUCIONALES CONIM ´AGENES, III. CAPA DEPOOLING, IV. CAPACOMPLETAMENTECONECTADA YVECTOR DE, V. KERNELSPEQUE ˜NOS VS. KERNELSGRANDES"", ""chunk_numero"": 15, ""total_chunks"": 16}"
"tidos.
•elmax poolinges la t écnica est ándar de reducci ón
espacial; no posee par ámetros entrenables.
•kernels peque ños apilados (3×3) son preferibles a ker-
nels grandes: menos par ámetros y mayor no-linealidad.
•la evoluci ón alexnet→vgg→googlenet→resnet
→densenet muestra una b úsqueda continua de redes
más profundas y eficientes.
•lasconexiones residuales(resnet) solucionan el prob-
lema delvanishing gradienten redes muy profundas.
•laexplicabilidadsigue siendo un reto abierto; her-
ramientas como grad-cam y t-sne ofrecen aproxima-
ciones parciales.",,"{""semana"": 10, ""fecha"": ""2026-04-28"", ""nombre_archivo"": ""10_SEMANA_AI_20260428_3.pdf"", ""autor"": ""Victor Aymerich"", ""tema_principal"": ""I. INTRODUCCI ´ON"", ""secciones"": ""I. INTRODUCCI ´ON, II. CAPASCONVOLUCIONALES CONIM ´AGENES, III. CAPA DEPOOLING, IV. CAPACOMPLETAMENTECONECTADA YVECTOR DE, V. KERNELSPEQUE ˜NOS VS. KERNELSGRANDES"", ""chunk_numero"": 16, ""total_chunks"": 16}"
"[pagina 1]
apuntes semana 11 clase ii
hans fern ández murillo
tecnológico de costa rica
curso: ic6200 inteligencia artificial
fecha: 07 de mayo de 2026
abstract—en esta clase se vieron los autoencoders, arqui-
tectura muy utilizada en procesamiento de im ágenes. entre
los contenidos del apunte est án: usos, partes del autoencoder,
hiperparámetros y tipos de autoencoder .
index terms—autoencoder, decoder, encoder, latent space,
convolutional networks
i. introducci ´on
al inicio de la clase los grupos de proyecto presentaron
avances del proyecto i. se acord ó mover la fecha de entrega
al domingo 10 de mayo a las 7:00pm con las siguientes
condiciones:
1) informe tiene que presentar secci ón de state of the art.
2) mostrar gr áficas comparativas de training y validation",,"{""semana"": 11, ""fecha"": null, ""nombre_archivo"": ""11_SEMANA_AI_2016193340_2.pdf"", ""autor"": ""Hans Fernández Murillo"", ""tema_principal"": ""I. INTRODUCCI ´ON"", ""secciones"": ""I. INTRODUCCI ´ON, II. AUTOENCODER, III. TAREAS QUERESUELVE, C. Procesamiento de im ´agenes, IV. ENCODER"", ""chunk_numero"": 1, ""total_chunks"": 14}"
"condiciones:
1) informe tiene que presentar secci ón de state of the art.
2) mostrar gr áficas comparativas de training y validation
de los modelos (overfitting) wandb.
3) an álisis de matriz de confusi ón vs los resultados
obtenidos con el mobile.
se mencion ó adem ás que la semana 12 ser ´ıa de revisiones y
no hubo clases. deben estar todos los integrantes del grupo
en la defensa. la defensa ser á solo en el celular, pero tambi én
se debe llevar el c ódigo del apk y notebook.
ii. autoencoder
el autoencoder es una arquitectura relacionada a proce-
samiento de imágenes. hasta ahorita hemos visto que tenemos
una red capaz de procesar una im ágen a trav és de una cnn.
entre algunos ejemplos de arquitecturas cnn est án lenet,
alexnet, resnet, densenet, mobilenet, vgg. estos modelos",,"{""semana"": 11, ""fecha"": null, ""nombre_archivo"": ""11_SEMANA_AI_2016193340_2.pdf"", ""autor"": ""Hans Fernández Murillo"", ""tema_principal"": ""I. INTRODUCCI ´ON"", ""secciones"": ""I. INTRODUCCI ´ON, II. AUTOENCODER, III. TAREAS QUERESUELVE, C. Procesamiento de im ´agenes, IV. ENCODER"", ""chunk_numero"": 2, ""total_chunks"": 14}"
"entre algunos ejemplos de arquitecturas cnn est án lenet,
alexnet, resnet, densenet, mobilenet, vgg. estos modelos
consisten en la extracci ón de caracter ´ısticas de una imagen,
dando como resultado un vector que puede ser utilizado por
un clasificador.
el autoencoder por su parte no clasifica, sino que recon-
struye im ágenes.
a. unsupervised learning
muchas de las lecturas mencionan que los autoencoders
utilizan aprendizaje no supervisado. esto quiere decir que no
utiliza etiquetas y el resultado se compara contra la misma
entradax. otra forma de verlo es que la entrada es la misma
etiqueta. la arquitectura se puede resumir de la siguiente
forma: al pasar una imagen de entrada por una cnn que
la reduzca a un vector, reconstruir esa imagen utilizando ese",,"{""semana"": 11, ""fecha"": null, ""nombre_archivo"": ""11_SEMANA_AI_2016193340_2.pdf"", ""autor"": ""Hans Fernández Murillo"", ""tema_principal"": ""I. INTRODUCCI ´ON"", ""secciones"": ""I. INTRODUCCI ´ON, II. AUTOENCODER, III. TAREAS QUERESUELVE, C. Procesamiento de im ´agenes, IV. ENCODER"", ""chunk_numero"": 3, ""total_chunks"": 14}"
"forma: al pasar una imagen de entrada por una cnn que
la reduzca a un vector, reconstruir esa imagen utilizando ese
vector de caracter ´ısticas. para efectos de la clase se utiliza el
ejemplo de im ágenes, sin embargo esto se puede a aplicar a
otros datos como texto. a pesar de que t écnicamente es un
modelo de aprendizaje no supervisado, s ´ı se utiliza la entrada
como etiqueta para supervisar el aprendizaje.
b. c ómo se ve un autoencoder
se tiene una entrada que se pasa por un encoder y se
transforma a un vector reducido con la informaci ón semántica
de la entrada. este se llama vector latente o espacio latente.
después, el vector latente pasa por un proceso de decoder que
es lo que reconstruye los datos. otro ejemplo de autoencoder,",,"{""semana"": 11, ""fecha"": null, ""nombre_archivo"": ""11_SEMANA_AI_2016193340_2.pdf"", ""autor"": ""Hans Fernández Murillo"", ""tema_principal"": ""I. INTRODUCCI ´ON"", ""secciones"": ""I. INTRODUCCI ´ON, II. AUTOENCODER, III. TAREAS QUERESUELVE, C. Procesamiento de im ´agenes, IV. ENCODER"", ""chunk_numero"": 4, ""total_chunks"": 14}"
"después, el vector latente pasa por un proceso de decoder que
es lo que reconstruye los datos. otro ejemplo de autoencoder,
es el que genera unµy unσcon los que se puede generar un
espacio latente continuo para la generaci ón de im ágenes. esto
puede generar im ágenes nunca antes vistas por el modelo.
las partes de este modelo en orden de ejecuci ón son:
1) encoder
2) cuello de botella, vector latente, espacio latente
3) decoder
fig. 1. arquitectura autoencoder
iii. tareas queresuelve
a. reducci ón de dimensionalidad
para este prop ósito, removemos el decoder. el punto es
tener un encoder el cu ál reduce los datos a un vector latente.
algunos ejemplos pr ácticos son: reducci ón de espacio de
los datos, comparaci ón de im ágenes. la calidad del vector",,"{""semana"": 11, ""fecha"": null, ""nombre_archivo"": ""11_SEMANA_AI_2016193340_2.pdf"", ""autor"": ""Hans Fernández Murillo"", ""tema_principal"": ""I. INTRODUCCI ´ON"", ""secciones"": ""I. INTRODUCCI ´ON, II. AUTOENCODER, III. TAREAS QUERESUELVE, C. Procesamiento de im ´agenes, IV. ENCODER"", ""chunk_numero"": 5, ""total_chunks"": 14}"
"algunos ejemplos pr ácticos son: reducci ón de espacio de
los datos, comparaci ón de im ágenes. la calidad del vector
producido por estos modelos es mejor que un algoritmo como
b. detecci ón de anomal ´ıas
si se entrena el modelo teniendo en cuenta que los datos del
entrenamiento poseen la cualidad de correctitud y luego se le
[pagina 2]
pasa como entrada al modelo datos que presentan anomal ´ıas
comparado a dicha correctitud, el vector latente producido
deber´ıa de ser de baja calidad y por lo tanto la salida del
decoder ser á de baja calidad. esto implica que al comparar
el resultadoˆycon la entrada(x−ˆy) 2 se obtiene un resultado
anómalo. es necesario definir el umbral en el cuál un resultado
de la funci ón de loss se considera an ómalo. puede ser usado",,"{""semana"": 11, ""fecha"": null, ""nombre_archivo"": ""11_SEMANA_AI_2016193340_2.pdf"", ""autor"": ""Hans Fernández Murillo"", ""tema_principal"": ""I. INTRODUCCI ´ON"", ""secciones"": ""I. INTRODUCCI ´ON, II. AUTOENCODER, III. TAREAS QUERESUELVE, C. Procesamiento de im ´agenes, IV. ENCODER"", ""chunk_numero"": 6, ""total_chunks"": 14}"
"anómalo. es necesario definir el umbral en el cuál un resultado
de la funci ón de loss se considera an ómalo. puede ser usado
para detectar transacciones fraudulentas.
c. procesamiento de im ágenes
para compresi ón de im ágenes, reducci ón de ruido, super
resolution. este caso tiene una consideraci ón interesante: de
entrada se requiere una im ágen de buena calidad y su equiv-
alente en baja calidad (por ejemplo: ruido agregado o menor
resolución). de entrada al encoder, se le pasa la imagen de
baja calidad, pero al dar la salida el decoder, esta se compara
con la imagen de entrada de buena calidad.
fig. 2. procesamiento de im ágenes
iv. encoder
condensa la imagen a un vector y aprende esa distribuci ón
del vector. este proceso se le conoce como downsampling.",,"{""semana"": 11, ""fecha"": null, ""nombre_archivo"": ""11_SEMANA_AI_2016193340_2.pdf"", ""autor"": ""Hans Fernández Murillo"", ""tema_principal"": ""I. INTRODUCCI ´ON"", ""secciones"": ""I. INTRODUCCI ´ON, II. AUTOENCODER, III. TAREAS QUERESUELVE, C. Procesamiento de im ´agenes, IV. ENCODER"", ""chunk_numero"": 7, ""total_chunks"": 14}"
"iv. encoder
condensa la imagen a un vector y aprende esa distribuci ón
del vector. este proceso se le conoce como downsampling.
conjunto de bloques convolucionales seguidos de m ódulos de
pooling. encargada de extraer las caracter´ısticas principales de
la imagen de entrada y comprimir la informaci ón.
expectativa: aprender información importante de la entrada.
produce una representaci ón latente.
v. cuello de botella
resultado del proceso de encoding o proceso de con-
volución. es el espacio latente, la representaci ón latente. de
la calidad de este espacio viene la calidad del resultado del
proceso de reconstrucci ón de los datos. llama la atenci ón ya
que debe ser la parte m ás ”peque ña” del modelo. reduce o
restringe el flujo de informaci ón proveniente del encoder hacia",,"{""semana"": 11, ""fecha"": null, ""nombre_archivo"": ""11_SEMANA_AI_2016193340_2.pdf"", ""autor"": ""Hans Fernández Murillo"", ""tema_principal"": ""I. INTRODUCCI ´ON"", ""secciones"": ""I. INTRODUCCI ´ON, II. AUTOENCODER, III. TAREAS QUERESUELVE, C. Procesamiento de im ´agenes, IV. ENCODER"", ""chunk_numero"": 8, ""total_chunks"": 14}"
"que debe ser la parte m ás ”peque ña” del modelo. reduce o
restringe el flujo de informaci ón proveniente del encoder hacia
el decoder. lo que se espera visualmente de este proceso
es que los datos se distribuyan de forma ordenada seg ún la
entrada y el avance del entrenamiento.
vi. decoder
conjunto de convoluciones que hacen upsampling. recon-
struye la imagen basada en el vector latente. entre m ás grande
sea el vector latente m ás f ácil es para el decoder producir un
resultado de calidad, por lo que se debe mantener un balance
para que no sea muy extenso ni muy reducido. el m étodo
en python que hace proceso inverso de convoluci ón se llama
convtranspose2d, de la librer ´ıa pytorch.
vii. hiperpar ´ametros a considerar
•tama ño de la codificaci ón (vector latente): decide cu ánto",,"{""semana"": 11, ""fecha"": null, ""nombre_archivo"": ""11_SEMANA_AI_2016193340_2.pdf"", ""autor"": ""Hans Fernández Murillo"", ""tema_principal"": ""I. INTRODUCCI ´ON"", ""secciones"": ""I. INTRODUCCI ´ON, II. AUTOENCODER, III. TAREAS QUERESUELVE, C. Procesamiento de im ´agenes, IV. ENCODER"", ""chunk_numero"": 9, ""total_chunks"": 14}"
"convtranspose2d, de la librer ´ıa pytorch.
vii. hiperpar ´ametros a considerar
•tama ño de la codificaci ón (vector latente): decide cu ánto
se comprimen los datos. entre m ás pequeño sea el vector,
mejor comprensi ón seg ún la calidad. sin embargo entre
más peque ño sea el vector se tienen menos datos para el
proceso de reconstrucci ón.
•n úmero de capas: se decide por el dise ñador del modelo.
definen la profundidad del encoder y el decoder. siguen
la misma regla: mayor n úmero de capas equivale a un
modelo m ás complejo pero mayor tiempo para ejecutar.
menor número de capas equivale a un modelo más rápido
pero a la vez sencillo.
•funci ón de reconstrucci ón: depende de la entrada y
salida esperada. las b ásicas que se mencionan son mse",,"{""semana"": 11, ""fecha"": null, ""nombre_archivo"": ""11_SEMANA_AI_2016193340_2.pdf"", ""autor"": ""Hans Fernández Murillo"", ""tema_principal"": ""I. INTRODUCCI ´ON"", ""secciones"": ""I. INTRODUCCI ´ON, II. AUTOENCODER, III. TAREAS QUERESUELVE, C. Procesamiento de im ´agenes, IV. ENCODER"", ""chunk_numero"": 10, ""total_chunks"": 14}"
"pero a la vez sencillo.
•funci ón de reconstrucci ón: depende de la entrada y
salida esperada. las b ásicas que se mencionan son mse
(mean square error) donde se compara pixel por pixel las
imágenes. binary cross entropy, al procesar im ágenes
en blanco y negro se puede reducir a un problema de
probabilidades donde los valores est án en el rango de
viii. tipos deautoencoder
a. undercomplete autoencoder
autoencoder vanilla. toma una imagen de entrada e intenta
predecir la misma imagen de salida. la dimensi ón del espacio
latente es menor que el espacio de entrada. disminuye la
entrada hasta producir el cuello de botella, de ah ´ı se pasa al
decoder para reconstruir la imagen.
b. sparse autoencoder
evita la reducci ón de dimensionalidad en las capas ocultas.",,"{""semana"": 11, ""fecha"": null, ""nombre_archivo"": ""11_SEMANA_AI_2016193340_2.pdf"", ""autor"": ""Hans Fernández Murillo"", ""tema_principal"": ""I. INTRODUCCI ´ON"", ""secciones"": ""I. INTRODUCCI ´ON, II. AUTOENCODER, III. TAREAS QUERESUELVE, C. Procesamiento de im ´agenes, IV. ENCODER"", ""chunk_numero"": 11, ""total_chunks"": 14}"
"decoder para reconstruir la imagen.
b. sparse autoencoder
evita la reducci ón de dimensionalidad en las capas ocultas.
intenta que la arquitectura siempre sea la misma y no reducir
las dimensiones. selectivamente activa neuronas o regiones de
la red dependiendo de la entrada.
c. denoising autoencoder
no es una arquitectura pero se considera una categor ´ıa de
autoencoder debido a la cantidad de papers relacionados al
tema. se encarga de remover el ruido de una imagen. no tiene
la imagen de entrada como salida realmente, ya que la imagen
de entrada es la imagen sin ruido.
d. variational autoencoder
autoencoders cuyo prop ósito es representar un espacio
latente. ´util para cuando se requiere representar un espacio
que no es continuo o que es dif ´ıcil de interpolar. interpolar se",,"{""semana"": 11, ""fecha"": null, ""nombre_archivo"": ""11_SEMANA_AI_2016193340_2.pdf"", ""autor"": ""Hans Fernández Murillo"", ""tema_principal"": ""I. INTRODUCCI ´ON"", ""secciones"": ""I. INTRODUCCI ´ON, II. AUTOENCODER, III. TAREAS QUERESUELVE, C. Procesamiento de im ´agenes, IV. ENCODER"", ""chunk_numero"": 12, ""total_chunks"": 14}"
"latente. ´util para cuando se requiere representar un espacio
que no es continuo o que es dif ´ıcil de interpolar. interpolar se
le conoce al proceso de estimar valores desconocidos dentro
[pagina 3]
de un conjunto de datos conocidos. expresa los valores del
vector latente como una distribuci ón de probabilidad.
a partir de los variational autoencoders empieza la ia
generativa.
para este tipo de autoencoders:
•codificador produce dos vectores para hacer la dis-
tribución: una mediaµy una desviaci ón est ándarσ. se
espera que im ágenes que pertenecen a una misma clase
produzcan la mismaµyσ.
•reparametrizaci ón: se toman muestras deµyσpara
producir el vector latente. a partir deµyσse aproxima
que sigan una distribuci ón normaln(0,1).
•se toma el vector latente y se alimenta al decoder.",,"{""semana"": 11, ""fecha"": null, ""nombre_archivo"": ""11_SEMANA_AI_2016193340_2.pdf"", ""autor"": ""Hans Fernández Murillo"", ""tema_principal"": ""I. INTRODUCCI ´ON"", ""secciones"": ""I. INTRODUCCI ´ON, II. AUTOENCODER, III. TAREAS QUERESUELVE, C. Procesamiento de im ´agenes, IV. ENCODER"", ""chunk_numero"": 13, ""total_chunks"": 14}"
"producir el vector latente. a partir deµyσse aproxima
que sigan una distribuci ón normaln(0,1).
•se toma el vector latente y se alimenta al decoder.
•se tiene una funci ón de p érdida compuesta: disminuir la
suma de binary cross entropy (bce) y kullback-leibler
divergence (kld). kld compara dos distribuciones y
nos dice qu é tanto se parecen.
en la figura 3 se puede observar un ejemplo de c ómo se
pueden representar el resultado de la reconstrucci ón en un
espacio continuo.
fig. 3. procesamiento de im ágenes",,"{""semana"": 11, ""fecha"": null, ""nombre_archivo"": ""11_SEMANA_AI_2016193340_2.pdf"", ""autor"": ""Hans Fernández Murillo"", ""tema_principal"": ""I. INTRODUCCI ´ON"", ""secciones"": ""I. INTRODUCCI ´ON, II. AUTOENCODER, III. TAREAS QUERESUELVE, C. Procesamiento de im ´agenes, IV. ENCODER"", ""chunk_numero"": 14, ""total_chunks"": 14}"
"[pagina 1]
apunte semana 11 clase i inteligencia artificial
fabricio picado alvarado
escuela de ingeniería en computación
tecnológico de costa rica
profesor: steven pacheco portuguez
curso: ic6200 inteligencia artificial
fecha: 05 de mayo de 2026
i. introducción
las redes neuronales convolucionales (convolutional
neural networks, cnn) fueron diseñadas principalmente para
procesar información visual, permitiendo analizar imágenes
de manera automática mediante el aprendizaje de patrones y
características relevantes.
el funcionamiento de una cnn se basa enmúltiples ca-
pas que trabajan de manera jerárquica para transformar una
imagen de entrada en representaciones abstractasútiles para
clasificación o reconocimiento.
figura 1. arquitecturabásica de una cnn
ii. funcionamientobásico de lascnn",,"{""semana"": 11, ""fecha"": ""2026-05-05"", ""nombre_archivo"": ""11_SEMANA_AI_20260505_1.pdf"", ""autor"": ""Fabricio Picado Alvarado"", ""tema_principal"": ""I. INTRODUCCIÓN"", ""secciones"": ""I. INTRODUCCIÓN, II. FUNCIONAMIENTOBÁSICO DE LASCNN, III. CAPAS DE UNACNN, IV. APRENDIZAJE DECARACTERÍSTICAS, V. EVOLUCIÓN DEARQUITECTURASCNN"", ""chunk_numero"": 1, ""total_chunks"": 23}"
"clasificación o reconocimiento.
figura 1. arquitecturabásica de una cnn
ii. funcionamientobásico de lascnn
ii-a. imágenes como entrada de la red
una cnn recibe una imagen como entrada. matemática-
mente, una imagen se representa mediante una matriz depíxeles donde cada posición contiene información numérica
relacionada con intensidad o color.
en imágenes en escala de grises, cadapíxel posee unúnico valor numérico. por otro lado, las imágenes a color
normalmente utilizan tres canales: rojo (red), verde (green)
y azul (blue), conocidos como rgb. debido a esto, una
imagen a color puede representarse mediante tres matrices
superpuestas.
las dimensiones de entrada son importantes porque la red
procesa imágenes con tamaños específicos. cada imagen con-",,"{""semana"": 11, ""fecha"": ""2026-05-05"", ""nombre_archivo"": ""11_SEMANA_AI_20260505_1.pdf"", ""autor"": ""Fabricio Picado Alvarado"", ""tema_principal"": ""I. INTRODUCCIÓN"", ""secciones"": ""I. INTRODUCCIÓN, II. FUNCIONAMIENTOBÁSICO DE LASCNN, III. CAPAS DE UNACNN, IV. APRENDIZAJE DECARACTERÍSTICAS, V. EVOLUCIÓN DEARQUITECTURASCNN"", ""chunk_numero"": 2, ""total_chunks"": 23}"
"superpuestas.
las dimensiones de entrada son importantes porque la red
procesa imágenes con tamaños específicos. cada imagen con-
tiene información espacial que será utilizada posteriormente
para detectar patrones visuales.
ii-b. convolución
la convolución es una de las operaciones fundamentales
dentro de las cnn. consiste en aplicar pequeños filtros o
kernelssobre regiones específicas de la imagen para detectar
patrones locales.
figura 2. proceso de convolución mediante un kernel recorriendo una imagen
los filtros son matrices pequeñas que se desplazan sobre
toda la imagen realizando multiplicaciones y sumas entre sus
valores y lospíxeles correspondientes. el resultado de esta
operación genera nuevos valores que forman un mapa de
activación ofeature map.",,"{""semana"": 11, ""fecha"": ""2026-05-05"", ""nombre_archivo"": ""11_SEMANA_AI_20260505_1.pdf"", ""autor"": ""Fabricio Picado Alvarado"", ""tema_principal"": ""I. INTRODUCCIÓN"", ""secciones"": ""I. INTRODUCCIÓN, II. FUNCIONAMIENTOBÁSICO DE LASCNN, III. CAPAS DE UNACNN, IV. APRENDIZAJE DECARACTERÍSTICAS, V. EVOLUCIÓN DEARQUITECTURASCNN"", ""chunk_numero"": 3, ""total_chunks"": 23}"
"valores y lospíxeles correspondientes. el resultado de esta
operación genera nuevos valores que forman un mapa de
activación ofeature map.
durante la convolución, el filtro se desplaza utilizando
un parámetro denominadostride, el cual determina cuántospíxeles avanza el filtro en cada movimiento.
por ejemplo:
algunos filtros detectan bordes horizontales.
otros detectan bordes verticales.
algunos detectan texturas.
otros identifican patrones específicos.
ii-c. dimensiones y filtros convolucionales
en una cnn, cada filtro posee pesos que son aprendidos
durante el entrenamiento. estos pesos permiten detectar patro-
nes específicos dentro de la imagen.
por ejemplo, en alexnet se utiliza una imagen de entrada
de dimensiones227×227×3, donde el valor 3 representa los
canales rgb.",,"{""semana"": 11, ""fecha"": ""2026-05-05"", ""nombre_archivo"": ""11_SEMANA_AI_20260505_1.pdf"", ""autor"": ""Fabricio Picado Alvarado"", ""tema_principal"": ""I. INTRODUCCIÓN"", ""secciones"": ""I. INTRODUCCIÓN, II. FUNCIONAMIENTOBÁSICO DE LASCNN, III. CAPAS DE UNACNN, IV. APRENDIZAJE DECARACTERÍSTICAS, V. EVOLUCIÓN DEARQUITECTURASCNN"", ""chunk_numero"": 4, ""total_chunks"": 23}"
"por ejemplo, en alexnet se utiliza una imagen de entrada
de dimensiones227×227×3, donde el valor 3 representa los
canales rgb.
la primera capa convolucional utiliza 96 filtros de tamaño
11×11×3. cada filtro procesa simultáneamente los tres
canales de la imagen de entrada.
como resultado de aplicar la convolución se obtiene un
volumen de salida de dimensiones55×55×96, donde 96
corresponde a la cantidad defeature mapsgenerados.
[pagina 2]
ii-d. filtros y extracción de características
los filtros son elementos fundamentales dentro de las cnn
porque permiten aprender características automáticamente a
partir de los datos.
las imágenes también muestran el concepto de extracción
jerárquica de información. esto significa que las primeras
capas aprenden patronesbásicos y las capas posteriores com-",,"{""semana"": 11, ""fecha"": ""2026-05-05"", ""nombre_archivo"": ""11_SEMANA_AI_20260505_1.pdf"", ""autor"": ""Fabricio Picado Alvarado"", ""tema_principal"": ""I. INTRODUCCIÓN"", ""secciones"": ""I. INTRODUCCIÓN, II. FUNCIONAMIENTOBÁSICO DE LASCNN, III. CAPAS DE UNACNN, IV. APRENDIZAJE DECARACTERÍSTICAS, V. EVOLUCIÓN DEARQUITECTURASCNN"", ""chunk_numero"": 5, ""total_chunks"": 23}"
"jerárquica de información. esto significa que las primeras
capas aprenden patronesbásicos y las capas posteriores com-
binan esos patrones simples para formar representacionesmás
complejas.
iii. capas de unacnn
iii-a. capas convolucionales
la función principal de estas capas es aplicarmúltiples
filtros sobre la imagen o sobre los mapas de activación
generados previamente. cada filtro produce unfeature map
diferente.
cada uno de estos mapas resalta diferentes características
visuales importantes para la red.
la combinación de todos losfeature mapspermite construir
representaciones muchomás completas de la imagen original.
mientrasmás capas convolucionales existan, mayor será la
capacidad de aprender características complejas y abstractas.
iii-b. stacks de convoluciones pequeñas",,"{""semana"": 11, ""fecha"": ""2026-05-05"", ""nombre_archivo"": ""11_SEMANA_AI_20260505_1.pdf"", ""autor"": ""Fabricio Picado Alvarado"", ""tema_principal"": ""I. INTRODUCCIÓN"", ""secciones"": ""I. INTRODUCCIÓN, II. FUNCIONAMIENTOBÁSICO DE LASCNN, III. CAPAS DE UNACNN, IV. APRENDIZAJE DECARACTERÍSTICAS, V. EVOLUCIÓN DEARQUITECTURASCNN"", ""chunk_numero"": 6, ""total_chunks"": 23}"
"capacidad de aprender características complejas y abstractas.
iii-b. stacks de convoluciones pequeñas
en arquitecturas modernas se prefierenmúltiples convolu-
ciones pequeñas en lugar de una sola convolución grande.
por ejemplo, un stack de tres convoluciones3×3permite
obtener un campo receptivo equivalente a una convolución7×
la primera convolución observa una región3×3de la
imagen original. la segunda convolución, al conectarse con
la salida anterior, logra observar unárea efectiva de5×5.
finalmente, la tercera convolución permite observar unárea
total de7×7.
aunque el resultado espacial es similar al de una convolu-
ciónúnica7×7, el uso de stacks pequeños presenta ventajas
importantes. entre las principales se encuentran:
menor cantidad de parámetros,
reducción del costo computacional,",,"{""semana"": 11, ""fecha"": ""2026-05-05"", ""nombre_archivo"": ""11_SEMANA_AI_20260505_1.pdf"", ""autor"": ""Fabricio Picado Alvarado"", ""tema_principal"": ""I. INTRODUCCIÓN"", ""secciones"": ""I. INTRODUCCIÓN, II. FUNCIONAMIENTOBÁSICO DE LASCNN, III. CAPAS DE UNACNN, IV. APRENDIZAJE DECARACTERÍSTICAS, V. EVOLUCIÓN DEARQUITECTURASCNN"", ""chunk_numero"": 7, ""total_chunks"": 23}"
"importantes. entre las principales se encuentran:
menor cantidad de parámetros,
reducción del costo computacional,
incorporación demúltiples funciones no lineales relu,
generación de característicasmás expresivas.
suponiendo que los volúmenes poseenccanales, una
convolución7×7requiere:
(7×7×c)×c= 49c 2
parámetros.
por otro lado, un stack de tres convoluciones3×3requiere:
3×(3×3×c)×c= 27c 2
parámetros, lo que representa una reducción significativa.
iii-c. buenasprácticas en capas convolucionales
en cnn modernas existen varias recomendaciones comunes
para el diseño de capas convolucionales.
generalmente se utilizan campos receptivos pequeños de
3×3o, comomáximo,5×5.
además, normalmente se utiliza:
strideigual a 1,
paddingde ceros para conservar dimensiones espaciales.
por ejemplo:",,"{""semana"": 11, ""fecha"": ""2026-05-05"", ""nombre_archivo"": ""11_SEMANA_AI_20260505_1.pdf"", ""autor"": ""Fabricio Picado Alvarado"", ""tema_principal"": ""I. INTRODUCCIÓN"", ""secciones"": ""I. INTRODUCCIÓN, II. FUNCIONAMIENTOBÁSICO DE LASCNN, III. CAPAS DE UNACNN, IV. APRENDIZAJE DECARACTERÍSTICAS, V. EVOLUCIÓN DEARQUITECTURASCNN"", ""chunk_numero"": 8, ""total_chunks"": 23}"
"3×3o, comomáximo,5×5.
además, normalmente se utiliza:
strideigual a 1,
paddingde ceros para conservar dimensiones espaciales.
por ejemplo:
para filtros3×3se utilizap= 1,
para filtros5×5se utilizap= 2.
esto permite mantener el tamaño espacial de los mapas de
activación mientras se extraen características.
iii-d. funciones de activación
las funciones de activación permiten introducir no lineali-
dad dentro de la red neuronal. una de lasmás utilizadas en
cnn es relu.
la función relu transforma todos los valores negativos en
cero y mantiene los valores positivos sin cambios.
figura 3. función de activación relu
normalmente, la función de activación se aplica inmediata-
mente después de una convolución.
iii-e. pooling
elpoolinges una operación utilizada para reducir las dimen-",,"{""semana"": 11, ""fecha"": ""2026-05-05"", ""nombre_archivo"": ""11_SEMANA_AI_20260505_1.pdf"", ""autor"": ""Fabricio Picado Alvarado"", ""tema_principal"": ""I. INTRODUCCIÓN"", ""secciones"": ""I. INTRODUCCIÓN, II. FUNCIONAMIENTOBÁSICO DE LASCNN, III. CAPAS DE UNACNN, IV. APRENDIZAJE DECARACTERÍSTICAS, V. EVOLUCIÓN DEARQUITECTURASCNN"", ""chunk_numero"": 9, ""total_chunks"": 23}"
"mente después de una convolución.
iii-e. pooling
elpoolinges una operación utilizada para reducir las dimen-
siones espaciales de los mapas de activación, disminuyendo la
cantidad de información procesada por la red.
generalmente, elpoolingse aplica después de una capa
convolucional y de la función de activación.
figura 4. ejemplo de operaciónmax pooling2x2
[pagina 3]
enmax pooling:
se toma una región pequeña del mapa de activación,
se selecciona el valormáximo,
ese valor representa toda la región.
este proceso permite conservar las característicasmás im-
portantes mientras se reducen dimensiones.
entre las principales ventajas delpoolingse encuentran:
reducción de carga computacional,
menor cantidad de parámetros,
disminución del riesgo deoverfitting,",,"{""semana"": 11, ""fecha"": ""2026-05-05"", ""nombre_archivo"": ""11_SEMANA_AI_20260505_1.pdf"", ""autor"": ""Fabricio Picado Alvarado"", ""tema_principal"": ""I. INTRODUCCIÓN"", ""secciones"": ""I. INTRODUCCIÓN, II. FUNCIONAMIENTOBÁSICO DE LASCNN, III. CAPAS DE UNACNN, IV. APRENDIZAJE DECARACTERÍSTICAS, V. EVOLUCIÓN DEARQUITECTURASCNN"", ""chunk_numero"": 10, ""total_chunks"": 23}"
"reducción de carga computacional,
menor cantidad de parámetros,
disminución del riesgo deoverfitting,
mayor robustez ante pequeñas variaciones de la imagen.
iii-f. capas fully connected
las capasfully connectedaparecen en la etapa final de
una cnn. estas capas funcionan de manera similar a una
red neuronal tradicional y utilizan las características extraídas
previamente para realizar la clasificación final.
las capas convolucionales extraen información relevante,
elpoolingreduce dimensiones y finalmente las capasfully
connectedutilizan toda esa información para determinar la
clase correspondiente.
por ejemplo, la red puede clasificar si la imagen corresponde
unnúmero,
un animal,
una persona,
un objeto específico.
iv. aprendizaje decaracterísticas
iv-a. activaciones en capas iniciales",,"{""semana"": 11, ""fecha"": ""2026-05-05"", ""nombre_archivo"": ""11_SEMANA_AI_20260505_1.pdf"", ""autor"": ""Fabricio Picado Alvarado"", ""tema_principal"": ""I. INTRODUCCIÓN"", ""secciones"": ""I. INTRODUCCIÓN, II. FUNCIONAMIENTOBÁSICO DE LASCNN, III. CAPAS DE UNACNN, IV. APRENDIZAJE DECARACTERÍSTICAS, V. EVOLUCIÓN DEARQUITECTURASCNN"", ""chunk_numero"": 11, ""total_chunks"": 23}"
"unnúmero,
un animal,
una persona,
un objeto específico.
iv. aprendizaje decaracterísticas
iv-a. activaciones en capas iniciales
las primeras capas de una cnn trabajan con información
visual simple y de bajo nivel.
estas capas detectan:
bordes,
líneas,
texturas,
coloresbásicos,
contrastes.
estas característicasbásicas sirven como base para el apren-
dizaje de patronesmás complejos en capas posteriores.
iv-b. activaciones en capas profundas
a medida que aumenta la profundidad de la red, las repre-
sentaciones aprendidas se vuelvenmás abstractas y complejas.
las capas profundas pueden reconocer formas completas o
mas complejas
esto ocurre porque las capas profundas combinan la infor-
mación aprendida por las capas anteriores.
iv-c. embeddings y representación de características",,"{""semana"": 11, ""fecha"": ""2026-05-05"", ""nombre_archivo"": ""11_SEMANA_AI_20260505_1.pdf"", ""autor"": ""Fabricio Picado Alvarado"", ""tema_principal"": ""I. INTRODUCCIÓN"", ""secciones"": ""I. INTRODUCCIÓN, II. FUNCIONAMIENTOBÁSICO DE LASCNN, III. CAPAS DE UNACNN, IV. APRENDIZAJE DECARACTERÍSTICAS, V. EVOLUCIÓN DEARQUITECTURASCNN"", ""chunk_numero"": 12, ""total_chunks"": 23}"
"mación aprendida por las capas anteriores.
iv-c. embeddings y representación de características
las cnn transforman progresivamente las imágenes en
representaciones vectoriales denominadasembeddings.
estos vectores contienen información abstracta y permi-
ten representar imágenes mediante características numéricas
aprendidas automáticamente.
el objetivo es que imágenes similares produzcan embed-
dings cercanos, mientras que imágenes diferentes generen
representaciones separadas.
estas representaciones pueden visualizarse utilizandotéc-
nicas de reducción de dimensionalidad como t-sne (t-
distributed stochastic neighbor embedding).
t-sne permite transformar embeddings de alta dimensión
a espacios de menor dimensión conservando relaciones de
distancia entre muestras similares.",,"{""semana"": 11, ""fecha"": ""2026-05-05"", ""nombre_archivo"": ""11_SEMANA_AI_20260505_1.pdf"", ""autor"": ""Fabricio Picado Alvarado"", ""tema_principal"": ""I. INTRODUCCIÓN"", ""secciones"": ""I. INTRODUCCIÓN, II. FUNCIONAMIENTOBÁSICO DE LASCNN, III. CAPAS DE UNACNN, IV. APRENDIZAJE DECARACTERÍSTICAS, V. EVOLUCIÓN DEARQUITECTURASCNN"", ""chunk_numero"": 13, ""total_chunks"": 23}"
"t-sne permite transformar embeddings de alta dimensión
a espacios de menor dimensión conservando relaciones de
distancia entre muestras similares.
figura 5. representación de embeddings y separación de características en
espacios vectoriales.
iv-d. visualización de características aprendidas
la visualización de activaciones y filtros permite compren-
der mejor el funcionamiento interno de una cnn.
estas visualizaciones ayudan a:
interpretar el comportamiento del modelo,
identificar patrones importantes,
analizar errores,
mejorar arquitecturas.
figura 6. visualización de activaciones medianteheatmaps
[pagina 4]
gracias a estastécnicas es posible entender qué regiones de
la imagen sonmás relevantes para la clasificación.
v. evolución dearquitecturascnn
v-a. lenet",,"{""semana"": 11, ""fecha"": ""2026-05-05"", ""nombre_archivo"": ""11_SEMANA_AI_20260505_1.pdf"", ""autor"": ""Fabricio Picado Alvarado"", ""tema_principal"": ""I. INTRODUCCIÓN"", ""secciones"": ""I. INTRODUCCIÓN, II. FUNCIONAMIENTOBÁSICO DE LASCNN, III. CAPAS DE UNACNN, IV. APRENDIZAJE DECARACTERÍSTICAS, V. EVOLUCIÓN DEARQUITECTURASCNN"", ""chunk_numero"": 14, ""total_chunks"": 23}"
"la imagen sonmás relevantes para la clasificación.
v. evolución dearquitecturascnn
v-a. lenet
lenet fue una de las primeras arquitecturas cnn exitosas
y fue diseñada principalmente para reconocimiento dedígitos
escritos a mano.
lenet demostró que las redes convolucionales podían resol-
ver problemas de reconocimiento visual de manera eficiente.
figura 7. arquitectura lenet
v-b. alexnet
alexnet representó una revolución dentro deldeep lear-
ningy logró resultados superiores en clasificación de imáge-
las diapositivas explican que alexnet logró resultados
extremadamente superiores en clasificación de imágenes.
entre sus principales características destacan:
uso de gpu para acelerar entrenamiento,
utilización de relu,
implementación dedropout,
aumento de profundidad de la red.",,"{""semana"": 11, ""fecha"": ""2026-05-05"", ""nombre_archivo"": ""11_SEMANA_AI_20260505_1.pdf"", ""autor"": ""Fabricio Picado Alvarado"", ""tema_principal"": ""I. INTRODUCCIÓN"", ""secciones"": ""I. INTRODUCCIÓN, II. FUNCIONAMIENTOBÁSICO DE LASCNN, III. CAPAS DE UNACNN, IV. APRENDIZAJE DECARACTERÍSTICAS, V. EVOLUCIÓN DEARQUITECTURASCNN"", ""chunk_numero"": 15, ""total_chunks"": 23}"
"uso de gpu para acelerar entrenamiento,
utilización de relu,
implementación dedropout,
aumento de profundidad de la red.
alexnet popularizó el uso de redes neuronales profundas
en visión por computadora.
v-c. zfnet
zfnet es presentada como una mejora de alexnet.
esta arquitectura realizó ajustes importantes en:
ajustó tamaños de filtros,
mejoró parámetros de convolución,
permitió visualizar activaciones con mayor claridad.
zfnet permitió comprender mejorcómo aprenden las cnn
internamente.
figura 8. arquitectura zfnet
v-d. googlenet
su principal innovación fue utilizarmúltiples convoluciones
paralelas dentro de un mismo bloque.
esto permite:
capturar información a distintas escalas,
detectar patrones de diferentes tamaños,
mejorar rendimiento con menos parámetros.",,"{""semana"": 11, ""fecha"": ""2026-05-05"", ""nombre_archivo"": ""11_SEMANA_AI_20260505_1.pdf"", ""autor"": ""Fabricio Picado Alvarado"", ""tema_principal"": ""I. INTRODUCCIÓN"", ""secciones"": ""I. INTRODUCCIÓN, II. FUNCIONAMIENTOBÁSICO DE LASCNN, III. CAPAS DE UNACNN, IV. APRENDIZAJE DECARACTERÍSTICAS, V. EVOLUCIÓN DEARQUITECTURASCNN"", ""chunk_numero"": 16, ""total_chunks"": 23}"
"esto permite:
capturar información a distintas escalas,
detectar patrones de diferentes tamaños,
mejorar rendimiento con menos parámetros.
la arquitectura mejoró considerablemente la eficiencia
computacional de las cnn profundas.
v-e. vgg16
vgg16 fue una arquitectura desarrollada por la universidad
de oxford que popularizó el uso de stacks de convoluciones
pequeñas3×3.
la arquitectura posee 16 capas profundas y demostró que
aumentar la profundidad de una red mejora significativamente
el aprendizaje de características complejas.
entre sus principales características destacan:
uso de convoluciones pequeñas,
arquitectura uniforme,
gran profundidad,
excelente desempeño en clasificación de imágenes.
figura 9. arquitectura vgg16.
v-f. resnet",,"{""semana"": 11, ""fecha"": ""2026-05-05"", ""nombre_archivo"": ""11_SEMANA_AI_20260505_1.pdf"", ""autor"": ""Fabricio Picado Alvarado"", ""tema_principal"": ""I. INTRODUCCIÓN"", ""secciones"": ""I. INTRODUCCIÓN, II. FUNCIONAMIENTOBÁSICO DE LASCNN, III. CAPAS DE UNACNN, IV. APRENDIZAJE DECARACTERÍSTICAS, V. EVOLUCIÓN DEARQUITECTURASCNN"", ""chunk_numero"": 17, ""total_chunks"": 23}"
"arquitectura uniforme,
gran profundidad,
excelente desempeño en clasificación de imágenes.
figura 9. arquitectura vgg16.
v-f. resnet
resnet introdujo el concepto de conexiones residuales (skip
connections), permitiendo entrenar redes neuronales extrema-
damente profundas.
estas conexiones permiten que la información fluya direc-
tamente entre capas, reduciendo problemas como el desvane-
cimiento del gradiente.
gracias a esto, resnet logró entrenar redes demás de 100
capas con alto rendimiento.
vi. arquitecturageneral de unacnn
vi-a. flujo de procesamiento
figura 10. flujo completo de procesamiento en una cnn
cada capa transforma progresivamente la información vi-
sual hasta convertirla en representaciones abstractasútiles para
clasificación.
[pagina 5]
vi-b. profundidad de la red",,"{""semana"": 11, ""fecha"": ""2026-05-05"", ""nombre_archivo"": ""11_SEMANA_AI_20260505_1.pdf"", ""autor"": ""Fabricio Picado Alvarado"", ""tema_principal"": ""I. INTRODUCCIÓN"", ""secciones"": ""I. INTRODUCCIÓN, II. FUNCIONAMIENTOBÁSICO DE LASCNN, III. CAPAS DE UNACNN, IV. APRENDIZAJE DECARACTERÍSTICAS, V. EVOLUCIÓN DEARQUITECTURASCNN"", ""chunk_numero"": 18, ""total_chunks"": 23}"
"sual hasta convertirla en representaciones abstractasútiles para
clasificación.
[pagina 5]
vi-b. profundidad de la red
las redesmás profundas poseen mayor capacidad para
aprender representaciones complejas.
comparación entre red superficial y profunda:
mientrasmás capas existan:
mayor capacidad de aprendizaje,
mayor complejidad de patrones reconocidos,
mejor desempeño en tareas visuales.
sin embargo, las redes profundas también requieren mayor
capacidad computacional y tiempos de entrenamientomás
elevados.
vii. ventajas de lascnn
las cnn presentanmúltiples ventajas dentro delárea de
visión por computadora.
detección automática de características sin intervención
manual.
excelente desempeño en tareas de visión por computado-
capacidad para aprender patrones complejos.",,"{""semana"": 11, ""fecha"": ""2026-05-05"", ""nombre_archivo"": ""11_SEMANA_AI_20260505_1.pdf"", ""autor"": ""Fabricio Picado Alvarado"", ""tema_principal"": ""I. INTRODUCCIÓN"", ""secciones"": ""I. INTRODUCCIÓN, II. FUNCIONAMIENTOBÁSICO DE LASCNN, III. CAPAS DE UNACNN, IV. APRENDIZAJE DECARACTERÍSTICAS, V. EVOLUCIÓN DEARQUITECTURASCNN"", ""chunk_numero"": 19, ""total_chunks"": 23}"
"manual.
excelente desempeño en tareas de visión por computado-
capacidad para aprender patrones complejos.
reducción de necesidad de ingeniería manual de carac-
terísticas.
mayor capacidad de generalización.
adaptabilidad amúltiples tareas visuales.
viii. limitaciones yproblemas de lascnn
uno de los principales problemas es la explicabilidad del
modelo. en muchos casos las redes neuronales funcionan
como una “caja negra”, dificultando entender exactamentecómo toman decisiones.
además, los features aprendidos no siempre sonfácilmente
interpretables
referencias
[1] 3blue1brown, “but what is a neural network?,” youtube, 2017. [onli-
ne]. available: https://www.youtube.com/watch?v=pj9-rr1wdhm&t=1s
[2] statquest with josh starmer, “convolutional neural networks (cnns)",,"{""semana"": 11, ""fecha"": ""2026-05-05"", ""nombre_archivo"": ""11_SEMANA_AI_20260505_1.pdf"", ""autor"": ""Fabricio Picado Alvarado"", ""tema_principal"": ""I. INTRODUCCIÓN"", ""secciones"": ""I. INTRODUCCIÓN, II. FUNCIONAMIENTOBÁSICO DE LASCNN, III. CAPAS DE UNACNN, IV. APRENDIZAJE DECARACTERÍSTICAS, V. EVOLUCIÓN DEARQUITECTURASCNN"", ""chunk_numero"": 20, ""total_chunks"": 23}"
"ne]. available: https://www.youtube.com/watch?v=pj9-rr1wdhm&t=1s
[2] statquest with josh starmer, “convolutional neural networks (cnns)
explained,” youtube, 2021. [online]. available: https://www.youtube.
com/watch?v=6mmgnzsa5ni
[3] google developers, “funciones de activación,”machine learning
crash course. [online]. available: https://developers-google-com.
translate.goog/machine-learning/crash-course/neural-networks/
activation-functions?_x_tr_sl=en&_x_tr_tl=es&_x_tr_hl=es&_x_tr_
pto=tc
[4] a. jain, “deep learning architecture – alexnet,” medium, 2024.
[online]. available: https://medium.com/@abhishekjainindore24/
deep-learning-architecture-2-alexnet-8018f7640161
[5] i. azeem, “a brief overview of zfnet architecture,” me-
dium, 2023. [online]. available: https://medium.com/@ibtedaazeem/",,"{""semana"": 11, ""fecha"": ""2026-05-05"", ""nombre_archivo"": ""11_SEMANA_AI_20260505_1.pdf"", ""autor"": ""Fabricio Picado Alvarado"", ""tema_principal"": ""I. INTRODUCCIÓN"", ""secciones"": ""I. INTRODUCCIÓN, II. FUNCIONAMIENTOBÁSICO DE LASCNN, III. CAPAS DE UNACNN, IV. APRENDIZAJE DECARACTERÍSTICAS, V. EVOLUCIÓN DEARQUITECTURASCNN"", ""chunk_numero"": 21, ""total_chunks"": 23}"
"[5] i. azeem, “a brief overview of zfnet architecture,” me-
dium, 2023. [online]. available: https://medium.com/@ibtedaazeem/
a-brief-overview-of-zfnet-architecture-c56aa015d20f
[6] s. b., “googlenet: a deep dive into google’s
neural network technology,” medium, 2024. [on-
line]. available: https://medium.com/@siddheshb008/
googlenet-a-deep-dive-into-googles-neural-network-technology-f588d1b49e55
[7] ultralytics, “residual networks (resnet),” ultralytics glossary.
[online]. available: https://www.ultralytics.com/es/glossary/
residual-networks-resnet
[8] d. h. karar, “vgg16: the timeless deep learning
architecture that redefined image classification,” medium, 2024.
[online]. available: https://medium.com/@deepvisionkararhaider/",,"{""semana"": 11, ""fecha"": ""2026-05-05"", ""nombre_archivo"": ""11_SEMANA_AI_20260505_1.pdf"", ""autor"": ""Fabricio Picado Alvarado"", ""tema_principal"": ""I. INTRODUCCIÓN"", ""secciones"": ""I. INTRODUCCIÓN, II. FUNCIONAMIENTOBÁSICO DE LASCNN, III. CAPAS DE UNACNN, IV. APRENDIZAJE DECARACTERÍSTICAS, V. EVOLUCIÓN DEARQUITECTURASCNN"", ""chunk_numero"": 22, ""total_chunks"": 23}"
"architecture that redefined image classification,” medium, 2024.
[online]. available: https://medium.com/@deepvisionkararhaider/
vgg16-the-timeless-deep-learning-architecture-that-redefined-image-classification-fd4d3088fb8e
[9] datacamp, “what are vector embeddings?,” datacamp blog, 2024.
[online]. available: https://www.datacamp.com/blog/vector-embedding
[10] ultralytics, “t-distributed stochastic neighbor embedding (t-sne),”
ultralytics glossary. [online]. available: https://www.ultralytics.com/
glossary/t-distributed-stochastic-neighbor-embedding-t-sne. [accessed:
08-may-2026].",,"{""semana"": 11, ""fecha"": ""2026-05-05"", ""nombre_archivo"": ""11_SEMANA_AI_20260505_1.pdf"", ""autor"": ""Fabricio Picado Alvarado"", ""tema_principal"": ""I. INTRODUCCIÓN"", ""secciones"": ""I. INTRODUCCIÓN, II. FUNCIONAMIENTOBÁSICO DE LASCNN, III. CAPAS DE UNACNN, IV. APRENDIZAJE DECARACTERÍSTICAS, V. EVOLUCIÓN DEARQUITECTURASCNN"", ""chunk_numero"": 23, ""total_chunks"": 23}"
"[pagina 1]
apuntes semana 11 [martes]
curso: ic6200 inteligencia artificial
clase del 05 de mayo de 2026
jose david chaves mena - 2024072126
tecnologico de costa rica
escuela de ingenierıa en computacion
profesor: steven pacheco portuguez
fecha: 05 de mayo de 2026
abstract
este documento presenta los conceptos fundamentales de las redes neuronales convolucionales (cnn), incluyendo capas convolu-
cionales, pooling, pesos compartidos y capas totalmente conectadas. adem ás, se describen arquitecturas importantes como lenet,
alexnet, googlenet, vgg16 y resnet, junto con sus principales caracter´ısticas, ventajas y limitaciones.
1. discusi ón de resultados del proyecto
en la discusi ón previa a la clase, la mayor ´ıa de los grupos
indicó haber utilizadomobilenetv2. en general, se men-",,"{""semana"": 11, ""fecha"": ""2026-05-05"", ""nombre_archivo"": ""11_SEMANA_AI_20260505_2.pdf"", ""autor"": ""Jose David Chaves Mena"", ""tema_principal"": ""1. Discusi ´on de resultados del proyecto"", ""secciones"": ""1. Discusi ´on de resultados del proyecto, 2. Arquitectura de una CNN, 3. Pesos compartidos, 4. Pooling, 5. Capa totalmente conectada"", ""chunk_numero"": 1, ""total_chunks"": 14}"
"en la discusi ón previa a la clase, la mayor ´ıa de los grupos
indicó haber utilizadomobilenetv2. en general, se men-
cionó que este modelo fue una de las mejores opciones para
el proyecto debido a su buen equilibrio entre rendimiento y
cantidad de parámetros.
de forma aproximada, varios grupos reportaron una exac-
titud cercana a0.8con la opci ón b, mientras que con la
opción a se alcanzaron resultados cercanos a0.9en al-
gunos casos. en la mayor ´ıa de las intervenciones,mo-
bilenetfue la arquitectura m ás utilizada, principalmente
por su eficiencia computacional y su buen desempe ño en
tareas de clasificación.
2. arquitectura de una cnn
unared neuronal convolucional(convolutional neural
network, cnn) es una arquitectura dise ñada para proce-",,"{""semana"": 11, ""fecha"": ""2026-05-05"", ""nombre_archivo"": ""11_SEMANA_AI_20260505_2.pdf"", ""autor"": ""Jose David Chaves Mena"", ""tema_principal"": ""1. Discusi ´on de resultados del proyecto"", ""secciones"": ""1. Discusi ´on de resultados del proyecto, 2. Arquitectura de una CNN, 3. Pesos compartidos, 4. Pooling, 5. Capa totalmente conectada"", ""chunk_numero"": 2, ""total_chunks"": 14}"
"2. arquitectura de una cnn
unared neuronal convolucional(convolutional neural
network, cnn) es una arquitectura dise ñada para proce-
sar im ágenes y extraer caracter ´ısticas relevantes de forma
progresiva.
2.1. capa de convoluci ón
la capa de convoluci ón permite extraerfeatureso carac-
ter´ısticas importantes de la imagen, como bordes, texturas,
formas y patrones m ás complejos. el proceso consiste en
aplicar filtros okernelssobre regiones peque ñas de la ima-
gen para detectar patrones locales.
a medida que la informaci ón avanza por la red, la repre-
sentación de la imagen se va condensando. primero se ex-
traen caracter´ısticas básicas, luego patrones más complejos
y, finalmente, se obtiene una representaci ón compacta en
forma de vector que resume la información más importante",,"{""semana"": 11, ""fecha"": ""2026-05-05"", ""nombre_archivo"": ""11_SEMANA_AI_20260505_2.pdf"", ""autor"": ""Jose David Chaves Mena"", ""tema_principal"": ""1. Discusi ´on de resultados del proyecto"", ""secciones"": ""1. Discusi ´on de resultados del proyecto, 2. Arquitectura de una CNN, 3. Pesos compartidos, 4. Pooling, 5. Capa totalmente conectada"", ""chunk_numero"": 3, ""total_chunks"": 14}"
"y, finalmente, se obtiene una representaci ón compacta en
forma de vector que resume la información más importante
de la imagen.
figure 1: flujo general del procesamiento en una red neu-
ronal convolucional.
por ejemplo, en la arquitectura delenetse observan varias
etapas de convoluci ón seguidas por una capa totalmente
conectada. la imagen mostrada anteriormente corresponde
a un ejemplo de arquitectura comoalexnet.
2.2. kernels y mapas de caracter ´ısticas
loskernelsson peque ños filtros que recorren regiones es-
pec´ıficas de la imagen para detectar patrones locales.
losmapas de caracter´ısticas(feature maps) son los resul-
tados producidos por esos filtros. dependiendo del dise ño
de la red, se pueden escoger distintos mapas para conservar",,"{""semana"": 11, ""fecha"": ""2026-05-05"", ""nombre_archivo"": ""11_SEMANA_AI_20260505_2.pdf"", ""autor"": ""Jose David Chaves Mena"", ""tema_principal"": ""1. Discusi ´on de resultados del proyecto"", ""secciones"": ""1. Discusi ´on de resultados del proyecto, 2. Arquitectura de una CNN, 3. Pesos compartidos, 4. Pooling, 5. Capa totalmente conectada"", ""chunk_numero"": 4, ""total_chunks"": 14}"
"tados producidos por esos filtros. dependiendo del dise ño
de la red, se pueden escoger distintos mapas para conservar
las caracter´ısticas más relevantes durante el procesamiento.
3. pesos compartidos
para mejorar la eficiencia, las cnn no aprenden un con-
junto distinto de pesos para cada posición de la imagen. en
su lugar, utilizanpesos compartidos: el mismo filtro se
aplica a toda la imagen.
esto significa que si un extractor de caracter ´ısticas fun-
ciona para una posici ón(x, y), también puede aplicarse en
(x1, y1),(x 2, y2), . . . ,(xn, yn). esta propiedad reduce con-
[pagina 2]
siderablemente la cantidad de par ámetros que debe apren-
der la red.
figure 2: ejemplo de kernel y pesos compartidos en una
3.1. ejemplo: 96 filtros en alexnet",,"{""semana"": 11, ""fecha"": ""2026-05-05"", ""nombre_archivo"": ""11_SEMANA_AI_20260505_2.pdf"", ""autor"": ""Jose David Chaves Mena"", ""tema_principal"": ""1. Discusi ´on de resultados del proyecto"", ""secciones"": ""1. Discusi ´on de resultados del proyecto, 2. Arquitectura de una CNN, 3. Pesos compartidos, 4. Pooling, 5. Capa totalmente conectada"", ""chunk_numero"": 5, ""total_chunks"": 14}"
"der la red.
figure 2: ejemplo de kernel y pesos compartidos en una
3.1. ejemplo: 96 filtros en alexnet
en alexnet, cada filtro procesa una entrada de11×11×3
y la capa de salida produce55×55×96, como resultado
de aplicar los 96 filtros a lo largo de una imagen de entrada
de227×227×3.
figure 3: filtros y mapas de caracter´ısticas en alexnet.
en esta imagen se puede observar c ómo cada mapa de car-
acter´ısticas ayuda a identificar bordes horizontales, diago-
nales, colores y otros patrones relevantes.
4. pooling
elpoolinges una operaci ón utilizada para reducir las di-
mensiones espaciales de los mapas de activaci ón, dismin-
uyendo la cantidad de información que procesa la red. gen-
eralmente se aplica después de una capa convolucional y de
una función de activación.",,"{""semana"": 11, ""fecha"": ""2026-05-05"", ""nombre_archivo"": ""11_SEMANA_AI_20260505_2.pdf"", ""autor"": ""Jose David Chaves Mena"", ""tema_principal"": ""1. Discusi ´on de resultados del proyecto"", ""secciones"": ""1. Discusi ´on de resultados del proyecto, 2. Arquitectura de una CNN, 3. Pesos compartidos, 4. Pooling, 5. Capa totalmente conectada"", ""chunk_numero"": 6, ""total_chunks"": 14}"
"uyendo la cantidad de información que procesa la red. gen-
eralmente se aplica después de una capa convolucional y de
una función de activación.
su objetivo principal es reducir el costo computacional y
la cantidad de parámetros sin perder las caracter´ısticas más
importantes. en la pr áctica, se utiliza con frecuenciamax
pooling, normalmente con unstridede 2 y un filtro de2×2.
figure 4: ejemplo de max pooling con filtro2×2.
en este m étodo se toma una regi ón peque ña del mapa de
activación, se selecciona el valor máximo y ese valor repre-
senta toda la región.
4.1. dimensionalidad del pooling
dada una entrada de anchow, altohy profundidadd,
con un kernel de tama ñoky unstrides, la dimensi ón de
salida se calcula como:
wout = w−k
s + 1",,"{""semana"": 11, ""fecha"": ""2026-05-05"", ""nombre_archivo"": ""11_SEMANA_AI_20260505_2.pdf"", ""autor"": ""Jose David Chaves Mena"", ""tema_principal"": ""1. Discusi ´on de resultados del proyecto"", ""secciones"": ""1. Discusi ´on de resultados del proyecto, 2. Arquitectura de una CNN, 3. Pesos compartidos, 4. Pooling, 5. Capa totalmente conectada"", ""chunk_numero"": 7, ""total_chunks"": 14}"
"dada una entrada de anchow, altohy profundidadd,
con un kernel de tama ñoky unstrides, la dimensi ón de
salida se calcula como:
wout = w−k
s + 1
de forma análoga, se calcula el alto de salida. la profundi-
dad, normalmente, se mantiene constante.
otras t écnicas comoaverage poolingyl2pooling
también existen, aunque en muchos casosmax pooling
ofrece mejores resultados prácticos.
la idea es que, después de las capas de convolución y pool-
ing, se obtenga una representación de la imagen que pueda
convertirse en un vector para la siguiente etapa: la capa to-
talmente conectada.
5. capa totalmente conectada
lafully connected layerfunciona de manera similar a
una red neuronal tradicional. utiliza las caracter ´ısticas ex-
tra´ıdas previamente para realizar la clasificación final.",,"{""semana"": 11, ""fecha"": ""2026-05-05"", ""nombre_archivo"": ""11_SEMANA_AI_20260505_2.pdf"", ""autor"": ""Jose David Chaves Mena"", ""tema_principal"": ""1. Discusi ´on de resultados del proyecto"", ""secciones"": ""1. Discusi ´on de resultados del proyecto, 2. Arquitectura de una CNN, 3. Pesos compartidos, 4. Pooling, 5. Capa totalmente conectada"", ""chunk_numero"": 8, ""total_chunks"": 14}"
"una red neuronal tradicional. utiliza las caracter ´ısticas ex-
tra´ıdas previamente para realizar la clasificación final.
figure 5: resumen del proceso: convolución, extracción de
caracter´ısticas y capa totalmente conectada.
[pagina 3]
cuanto mayor sea la capacidad del vector de entrada para
esta capa, mejor puede ser el desempe ño del modelo. sin
embargo, también aumenta el costo computacional, por lo
que es importante encontrar un equilibrio entre la cantidad
de parámetros y la calidad del resultado.
6. arquitecturas convolucionales: reglas,
estándares y recomendaciones
6.1. convoluciones peque ñas
conviene utilizar convoluciones pequeñas, por ejemplo de
3×3o5×5.
por ejemplo, una secuencia de tres convoluciones de3×
3puede lograr un campo receptivo equivalente al de una",,"{""semana"": 11, ""fecha"": ""2026-05-05"", ""nombre_archivo"": ""11_SEMANA_AI_20260505_2.pdf"", ""autor"": ""Jose David Chaves Mena"", ""tema_principal"": ""1. Discusi ´on de resultados del proyecto"", ""secciones"": ""1. Discusi ´on de resultados del proyecto, 2. Arquitectura de una CNN, 3. Pesos compartidos, 4. Pooling, 5. Capa totalmente conectada"", ""chunk_numero"": 9, ""total_chunks"": 14}"
"3×3o5×5.
por ejemplo, una secuencia de tres convoluciones de3×
3puede lograr un campo receptivo equivalente al de una
convolución de7×7.
la primera convolución observa una regi ón de3×3de la
imagen original. la segunda, al conectarse con la salida
anterior, observa un área efectiva de5×5. finalmente, la
tercera permite observar un área total de7×7.
aunque el resultado espacial es similar al de una sola con-
volución de7×7, el uso de bloques peque ños presenta
ventajas importantes:
• menor cantidad de par ámetros,
• menor costo computacional,
• m ás funciones no lineales, como relu,
• caracter ´ısticas más expresivas.
suponiendo que los volúmenes poseenccanales, una con-
volución de7×7requiere:
(7×7×c)×c= 49c 2
por otro lado, un bloque de tres convoluciones de3×3
requiere:",,"{""semana"": 11, ""fecha"": ""2026-05-05"", ""nombre_archivo"": ""11_SEMANA_AI_20260505_2.pdf"", ""autor"": ""Jose David Chaves Mena"", ""tema_principal"": ""1. Discusi ´on de resultados del proyecto"", ""secciones"": ""1. Discusi ´on de resultados del proyecto, 2. Arquitectura de una CNN, 3. Pesos compartidos, 4. Pooling, 5. Capa totalmente conectada"", ""chunk_numero"": 10, ""total_chunks"": 14}"
"volución de7×7requiere:
(7×7×c)×c= 49c 2
por otro lado, un bloque de tres convoluciones de3×3
requiere:
3×(3×3×c)×c= 27c 2
esto representa una reducción significativa en el número de
parámetros.
6.2. otras recomendaciones
• el tama ño de la capa de entrada suele ser divisible en-
tre 2 varias veces, para facilitar la reducción progresiva
de dimensiones.
• en pooling, la configuraci ón m ás com ún es un filtro
de tama ño2constride2; tambi én es frecuente usar
filtros de3×3constride2.
7. ejemplos de arquitecturas
7.1. lenet
figure 6: arquitectura de lenet.
7.2. alexnet
figure 7: arquitectura de alexnet.
7.3. zfnet
figure 8: arquitectura de zfnet.
[pagina 4]
zfnet es similar a alexnet, pero utiliza kernels de menor
tamaño y ajustes que mejoran la visualizaci ón e inter-",,"{""semana"": 11, ""fecha"": ""2026-05-05"", ""nombre_archivo"": ""11_SEMANA_AI_20260505_2.pdf"", ""autor"": ""Jose David Chaves Mena"", ""tema_principal"": ""1. Discusi ´on de resultados del proyecto"", ""secciones"": ""1. Discusi ´on de resultados del proyecto, 2. Arquitectura de una CNN, 3. Pesos compartidos, 4. Pooling, 5. Capa totalmente conectada"", ""chunk_numero"": 11, ""total_chunks"": 14}"
"[pagina 4]
zfnet es similar a alexnet, pero utiliza kernels de menor
tamaño y ajustes que mejoran la visualizaci ón e inter-
pretación de los filtros.
7.4. googlenet
figure 9: arquitectura de googlenet.
googlenet permiti ó una reducci ón importante de
parámetros, pasando aproximadamente de 60 millones
en alexnet a alrededor de 4 millones en su dise ño. esto
permite:
• capturar informaci ón a distintas escalas,
• detectar patrones de diferentes tama ños,
• mejorar el rendimiento con menos par ámetros.
en consecuencia, la arquitectura mejor ó de forma consid-
erable la eficiencia computacional de las cnn profundas.
7.5. vgg16
figure 10: arquitectura de vgg16 y resnet.
vgg16 tiene 16 capas profundas y demostró que aumentar
la profundidad de una red puede mejorar significativamente",,"{""semana"": 11, ""fecha"": ""2026-05-05"", ""nombre_archivo"": ""11_SEMANA_AI_20260505_2.pdf"", ""autor"": ""Jose David Chaves Mena"", ""tema_principal"": ""1. Discusi ´on de resultados del proyecto"", ""secciones"": ""1. Discusi ´on de resultados del proyecto, 2. Arquitectura de una CNN, 3. Pesos compartidos, 4. Pooling, 5. Capa totalmente conectada"", ""chunk_numero"": 12, ""total_chunks"": 14}"
"vgg16 tiene 16 capas profundas y demostró que aumentar
la profundidad de una red puede mejorar significativamente
el aprendizaje de caracter´ısticas complejas. entre sus prin-
cipales caracter´ısticas destacan:
• uso de convoluciones peque ñas,
• arquitectura uniforme,
• gran profundidad.
7.6. resnet
resnet introdujo el concepto deconexiones residuales
(skip connections), lo que permiti ó entrenar redes neu-
ronales extremadamente profundas. un ejemplo es una ar-
quitectura con 34 capas.
8. limitaciones y problemas de las cnn
uno de los principales problemas de las cnn es subaja
explicabilidad. en muchos casos, estas redes funcionan
como unacaja negra, lo que dificulta entender con pre-
cisión cómo toman decisiones.
además, losfeaturesaprendidos no siempre son f áciles de",,"{""semana"": 11, ""fecha"": ""2026-05-05"", ""nombre_archivo"": ""11_SEMANA_AI_20260505_2.pdf"", ""autor"": ""Jose David Chaves Mena"", ""tema_principal"": ""1. Discusi ´on de resultados del proyecto"", ""secciones"": ""1. Discusi ´on de resultados del proyecto, 2. Arquitectura de una CNN, 3. Pesos compartidos, 4. Pooling, 5. Capa totalmente conectada"", ""chunk_numero"": 13, ""total_chunks"": 14}"
"como unacaja negra, lo que dificulta entender con pre-
cisión cómo toman decisiones.
además, losfeaturesaprendidos no siempre son f áciles de
interpretar, especialmente cuando la red tiene muchas capas
y aprende representaciones muy abstractas.",,"{""semana"": 11, ""fecha"": ""2026-05-05"", ""nombre_archivo"": ""11_SEMANA_AI_20260505_2.pdf"", ""autor"": ""Jose David Chaves Mena"", ""tema_principal"": ""1. Discusi ´on de resultados del proyecto"", ""secciones"": ""1. Discusi ´on de resultados del proyecto, 2. Arquitectura de una CNN, 3. Pesos compartidos, 4. Pooling, 5. Capa totalmente conectada"", ""chunk_numero"": 14, ""total_chunks"": 14}"
"[pagina 1]
apuntes clase 2 semana 11
jose maria vindas ortiz
escuela de ingenier ´ıa en computadores
instituto tecnológico de costa rica
profesor: steven pacheco portuguez
curso: ic6200 inteligencia artificial
fecha: 7 de mayo de 2026
resumen—en esta lecci ón se inici ó el tema de autoencoders,
una arquitectura capaz de reconstruir la entrada a partir de
un vector reducido, se procedi ó a ver que tareas puede resolver
esta arquitectura, que partes componen el autoencoder, hiper
parámetros a considerar al trabajar con ellos y finalmente que
tipos de autoencoders existen.
i. entrega del proyecto
antes de empezar la lecci ón, a petici ón de los estudiantes
se solicitó el aplazamiento de la fecha de entrega del proyecto,
el profesor al confirmar que la mayor ´ıa de grupos tienen",,"{""semana"": 11, ""fecha"": ""2026-05-07"", ""nombre_archivo"": ""11_SEMANA_AI_20260507_1.pdf"", ""autor"": ""Jose Maria Vindas Ortiz"", ""tema_principal"": ""I. ENTREGA DEL PROYECTO"", ""secciones"": ""I. ENTREGA DEL PROYECTO, II. INTRODUCCI ´ON, III. AUTOENCODER, IV. TAREAS A RESOLVER, C. Procesamiento de imagenes"", ""chunk_numero"": 1, ""total_chunks"": 18}"
"se solicitó el aplazamiento de la fecha de entrega del proyecto,
el profesor al confirmar que la mayor ´ıa de grupos tienen
una buena cantidad de avances, acepto aplazar la entrega al
domingo 10 de mayo a las 7pm, puesto se necesita un margen
de tiempo para revisar los informes, a cambio de las siguientes
condiciones:
•informe tiene que presentar sota.
•muestren gr áficas comparativas de training y validation
de los modelos (overfitting) wandb
•an álisis matriz de confusi ón vs los resultados obtenidos
con el mobile.
estas condiciones, adem ás de hablarse al principio de la
lección, fueron pasadas por el grupo de whatsapp de la clase.
ii. introducci ´on
lo que se ha visto hasta el momento en clase son
arquitecturas en las que se utiliza una red capaz de procesar",,"{""semana"": 11, ""fecha"": ""2026-05-07"", ""nombre_archivo"": ""11_SEMANA_AI_20260507_1.pdf"", ""autor"": ""Jose Maria Vindas Ortiz"", ""tema_principal"": ""I. ENTREGA DEL PROYECTO"", ""secciones"": ""I. ENTREGA DEL PROYECTO, II. INTRODUCCI ´ON, III. AUTOENCODER, IV. TAREAS A RESOLVER, C. Procesamiento de imagenes"", ""chunk_numero"": 2, ""total_chunks"": 18}"
"ii. introducci ´on
lo que se ha visto hasta el momento en clase son
arquitecturas en las que se utiliza una red capaz de procesar
una imagen mediante una cnn, como lenet, resnet y
mobilenet, produciendo un vector reducido con informaci ón
semántica condensada, el cual es enviado a un clasificador.
ahora se proceder á a estudiar una arquitectura que no
clasifica, sino que reconstruye: el autoencoder.
iii. autoencoder
el objetivo de un autoencoder es reconstruir la entrada,
haciéndola pasar por una arquitectura convolucional que la
reduzca a un vector y, a partir de este, volver a construir la
misma entrada con ligeras variaciones.
se debe tomar en cuenta que se continuar á con el tema de
procesamiento de im ágenes, por lo que todos los siguientes",,"{""semana"": 11, ""fecha"": ""2026-05-07"", ""nombre_archivo"": ""11_SEMANA_AI_20260507_1.pdf"", ""autor"": ""Jose Maria Vindas Ortiz"", ""tema_principal"": ""I. ENTREGA DEL PROYECTO"", ""secciones"": ""I. ENTREGA DEL PROYECTO, II. INTRODUCCI ´ON, III. AUTOENCODER, IV. TAREAS A RESOLVER, C. Procesamiento de imagenes"", ""chunk_numero"": 3, ""total_chunks"": 18}"
"se debe tomar en cuenta que se continuar á con el tema de
procesamiento de im ágenes, por lo que todos los siguientes
ejemplos estar án relacionados con la reconstrucci ón de
imágenes.
en teor ´ıa, un autoencoder utiliza ”unsupervised learning”;
sin embargo, en la pr áctica s ´ı existe supervisi ón durante
el aprendizaje, ya que se emplean los mismos mecanismos
utilizados en procesos de supervised learning. la diferencia
radica en que la etiqueta objetivo corresponde a la misma
entrada, la cual se compara con el resultado obtenido. en
otras palabras, s´ı se est á controlando cu ál deber´ıa ser la salida
mediante un punto de comparaci ón.
existen otros tipos de autoencoders, por ejemplo, aquellos
que producen unµy unσpara generar un espacio latente",,"{""semana"": 11, ""fecha"": ""2026-05-07"", ""nombre_archivo"": ""11_SEMANA_AI_20260507_1.pdf"", ""autor"": ""Jose Maria Vindas Ortiz"", ""tema_principal"": ""I. ENTREGA DEL PROYECTO"", ""secciones"": ""I. ENTREGA DEL PROYECTO, II. INTRODUCCI ´ON, III. AUTOENCODER, IV. TAREAS A RESOLVER, C. Procesamiento de imagenes"", ""chunk_numero"": 4, ""total_chunks"": 18}"
"mediante un punto de comparaci ón.
existen otros tipos de autoencoders, por ejemplo, aquellos
que producen unµy unσpara generar un espacio latente
continuo orientado a la generaci ón de im ágenes. el objetivo
es que todas las im ágenes sigan una distribuci ón, usualmente
normal. estas im ágenes pueden extrapolarse, lo que permite
la creaci ón de datos sint éticos nunca antes vistos.
iv. tareas a resolver
a. reduccion de dimencionalidad
permite reducir el espacio utilizado para almacenar
imágenes en una base de datos. im ágenes que normalmente
ocupar´ıan una gran cantidad de espacio son convertidas en
vectores m ás peque ños, los cuales requieren únicamente una
fracción del espacio que utilizar ´ıa una imagen convencional
y que, adem ás, pueden reconstruirse nuevamente en sus",,"{""semana"": 11, ""fecha"": ""2026-05-07"", ""nombre_archivo"": ""11_SEMANA_AI_20260507_1.pdf"", ""autor"": ""Jose Maria Vindas Ortiz"", ""tema_principal"": ""I. ENTREGA DEL PROYECTO"", ""secciones"": ""I. ENTREGA DEL PROYECTO, II. INTRODUCCI ´ON, III. AUTOENCODER, IV. TAREAS A RESOLVER, C. Procesamiento de imagenes"", ""chunk_numero"": 5, ""total_chunks"": 18}"
"fracción del espacio que utilizar ´ıa una imagen convencional
y que, adem ás, pueden reconstruirse nuevamente en sus
imágenes originales en cualquier momento.
además, permite la comparaci ón de im ágenes, ya que
los espacios latentes de im ágenes similares tambi én ser án
muy cercanos entre s ´ı. incluso, se obtienen representaciones
vectoriales de mayor calidad que las producidas por algoritmos
como pca, por ejemplo.
b. deteccion de anomalias
se puede entrenar un autoencoder para reconstruir
únicamente datos correctos y, de esta manera, detectar datos
anómalos o incorrectos.
por ejemplo, si se introduce un voucher bancario en un
autoencoder entrenado para procesar vouchers leg ´ıtimos, este
podrá reproducirlo sin problemas.
sin embargo, al introducir un voucher fraudulento, se",,"{""semana"": 11, ""fecha"": ""2026-05-07"", ""nombre_archivo"": ""11_SEMANA_AI_20260507_1.pdf"", ""autor"": ""Jose Maria Vindas Ortiz"", ""tema_principal"": ""I. ENTREGA DEL PROYECTO"", ""secciones"": ""I. ENTREGA DEL PROYECTO, II. INTRODUCCI ´ON, III. AUTOENCODER, IV. TAREAS A RESOLVER, C. Procesamiento de imagenes"", ""chunk_numero"": 6, ""total_chunks"": 18}"
"podrá reproducirlo sin problemas.
sin embargo, al introducir un voucher fraudulento, se
generará un vector latente de baja calidad y se producir á una
imagen muy diferente a la de entrada, mostrando un error
(x−ˆy2)alto en la reconstrucci ón, lo que indica una se ñal de
fraude.
[pagina 2]
c. procesamiento de imagenes
consiste en restaurar im ágenes deterioradas y producir
imágenes digitales de mejor calidad.
se toma un dataset y, antes de introducir las im ágenes al
autoencoder, se les aplica un filtro dependiendo del objetivo
deseado: ruido, escala de grises, deterioro, entre otros.
posteriormente, se entrena el autoencoder para reconstruir
la imagen original antes de aplicar dicho filtro, permitiendo
obtener un modelo capaz de restaurar im ágenes.",,"{""semana"": 11, ""fecha"": ""2026-05-07"", ""nombre_archivo"": ""11_SEMANA_AI_20260507_1.pdf"", ""autor"": ""Jose Maria Vindas Ortiz"", ""tema_principal"": ""I. ENTREGA DEL PROYECTO"", ""secciones"": ""I. ENTREGA DEL PROYECTO, II. INTRODUCCI ´ON, III. AUTOENCODER, IV. TAREAS A RESOLVER, C. Procesamiento de imagenes"", ""chunk_numero"": 7, ""total_chunks"": 18}"
"la imagen original antes de aplicar dicho filtro, permitiendo
obtener un modelo capaz de restaurar im ágenes.
incluso es posible aumentar la resoluci ón de im ágenes.
para ello, se aplica previamente un filtro que reduzca la
resolución y se entrena el modelo para revertir dicho proceso;
es decir, realizar ”super resolution”, generando im ágenes de
alta resoluci ón a partir de im ágenes de baja resoluci ón.
v. partes delautoencoder
•encoder: red convolucional encargada de reducir la
imagen de entrada a un vector de menor dimensi ón.
•latent space (cuello de botella): vector reducido que
contiene informaci ón sem ántica condensada.
•decoder: red encargada de tomar el vector latente y
reconstruir la imagen, utilizando operaciones inversas a
la convolución.
a. encoder",,"{""semana"": 11, ""fecha"": ""2026-05-07"", ""nombre_archivo"": ""11_SEMANA_AI_20260507_1.pdf"", ""autor"": ""Jose Maria Vindas Ortiz"", ""tema_principal"": ""I. ENTREGA DEL PROYECTO"", ""secciones"": ""I. ENTREGA DEL PROYECTO, II. INTRODUCCI ´ON, III. AUTOENCODER, IV. TAREAS A RESOLVER, C. Procesamiento de imagenes"", ""chunk_numero"": 8, ""total_chunks"": 18}"
"•decoder: red encargada de tomar el vector latente y
reconstruir la imagen, utilizando operaciones inversas a
la convolución.
a. encoder
conjunto de bloques convolucionales seguidos de m ódulos
de pooling, encargados de extraer las caracter ´ısticas de la
imagen de entrada y comprimir su informaci ón.
el objetivo es condensar la imagen en un vector y aprender
la distribuci ón de dicho vector, proceso conocido como
downsampling.
la obtenci ón de una representaci ón latente es uno de
los principios fundamentales detr ás de gran parte de la
inteligencia artificial moderna. la capacidad de distribuir
distintos datos dentro de un espacio latente permite separar
datos diferentes y agrupar datos similares.
esto brinda la posibilidad de navegar dicho espacio y",,"{""semana"": 11, ""fecha"": ""2026-05-07"", ""nombre_archivo"": ""11_SEMANA_AI_20260507_1.pdf"", ""autor"": ""Jose Maria Vindas Ortiz"", ""tema_principal"": ""I. ENTREGA DEL PROYECTO"", ""secciones"": ""I. ENTREGA DEL PROYECTO, II. INTRODUCCI ´ON, III. AUTOENCODER, IV. TAREAS A RESOLVER, C. Procesamiento de imagenes"", ""chunk_numero"": 9, ""total_chunks"": 18}"
"datos diferentes y agrupar datos similares.
esto brinda la posibilidad de navegar dicho espacio y
encontrar representaciones nunca antes vistas. de hecho, gran
parte de los principios de la ia generativa se basan en este
tipo de espacios latentes.
b. cuello de botella
vector resultante del proceso convolucional. es la parte
más crucial del autoencoder, ya que, si este vector no posee
suficiente calidad, no ser á posible generar buenos resultados
en la reconstrucci ón.
existen arquitecturas que utilizan este vector como entrada
para una red neuronal adicional con el objetivo de generar
nuevos vectores. otras arquitecturas utilizan la predicción de la
media y la desviaci ón estándar para construir espacios latentes
que sigan una distribuci ón normal est ándar.
c. decoder",,"{""semana"": 11, ""fecha"": ""2026-05-07"", ""nombre_archivo"": ""11_SEMANA_AI_20260507_1.pdf"", ""autor"": ""Jose Maria Vindas Ortiz"", ""tema_principal"": ""I. ENTREGA DEL PROYECTO"", ""secciones"": ""I. ENTREGA DEL PROYECTO, II. INTRODUCCI ´ON, III. AUTOENCODER, IV. TAREAS A RESOLVER, C. Procesamiento de imagenes"", ""chunk_numero"": 10, ""total_chunks"": 18}"
"media y la desviaci ón estándar para construir espacios latentes
que sigan una distribuci ón normal est ándar.
c. decoder
conjunto de convoluciones encargadas de realizar
upsampling, normalmente utilizando convtranspose2d
en pytorch con python, con el objetivo de reconstruir la
imagen a partir del vector latente con la mayor calidad posible.
mientras m ás grande sea el vector latente, mejor podr á
actuar el decoder; sin embargo, esto reduce el efecto de la
reducción de dimensionalidad y trae consigo consecuencias
como una mayor necesidad de almacenamiento.
vi. h ´iper par ´ametros a considerar
•tama ño de la codificaci ón (vector latente): mientras
más peque ño sea el vector, mayor ser á la compresi ón
obtenida; sin embargo, habr á menos informaci ón",,"{""semana"": 11, ""fecha"": ""2026-05-07"", ""nombre_archivo"": ""11_SEMANA_AI_20260507_1.pdf"", ""autor"": ""Jose Maria Vindas Ortiz"", ""tema_principal"": ""I. ENTREGA DEL PROYECTO"", ""secciones"": ""I. ENTREGA DEL PROYECTO, II. INTRODUCCI ´ON, III. AUTOENCODER, IV. TAREAS A RESOLVER, C. Procesamiento de imagenes"", ""chunk_numero"": 11, ""total_chunks"": 18}"
"más peque ño sea el vector, mayor ser á la compresi ón
obtenida; sin embargo, habr á menos informaci ón
disponible para la reconstrucci ón. esto requiere vectores
latentes de muy alta calidad debido a la reducci ón en el
margen de error permitido.
•n úmero de capas: define la profundidad tanto del
encoder como del decoder. a mayor cantidad de capas,
más complejo ser á el modelo, aunque tambi én requerir á
un mayor tiempo de procesamiento y entrenamiento.
•funciones de reconstrucci ón: son funciones utilizadas
para evaluar la calidad de la reconstrucci ón del modelo.
existe una gran variedad de ellas; sin embargo, las m ás
comunes son las siguientes:
–mse (mean squared error): compara p ´ıxel por
p´ıxel las im ágenes de entrada y salida. presenta",,"{""semana"": 11, ""fecha"": ""2026-05-07"", ""nombre_archivo"": ""11_SEMANA_AI_20260507_1.pdf"", ""autor"": ""Jose Maria Vindas Ortiz"", ""tema_principal"": ""I. ENTREGA DEL PROYECTO"", ""secciones"": ""I. ENTREGA DEL PROYECTO, II. INTRODUCCI ´ON, III. AUTOENCODER, IV. TAREAS A RESOLVER, C. Procesamiento de imagenes"", ""chunk_numero"": 12, ""total_chunks"": 18}"
"comunes son las siguientes:
–mse (mean squared error): compara p ´ıxel por
p´ıxel las im ágenes de entrada y salida. presenta
el inconveniente de generar im ágenes con efecto
de ”blur”, ya que utiliza el promedio del error de
toda la imagen para propagar la p érdida durante el
entrenamiento. se utiliza normalmente en im ágenes
a color.
–binary cross-entropy: calcula la probabilidad asoci-
ada a cada p´ıxel. debido a que se trabaja con valores
normalizados de im ágenes, suele producir im ágenes
más definidas y con menor efecto de ”blur”. se
utiliza com únmente en im ágenes en blanco y negro,
as´ı como en tareas de segmentaci ón, contornos o
generación de m áscaras de objetos.
vii. tipos de autoencoders
a. undercomplete autoencoder
toma una imagen de entrada e intenta reconstruir la misma",,"{""semana"": 11, ""fecha"": ""2026-05-07"", ""nombre_archivo"": ""11_SEMANA_AI_20260507_1.pdf"", ""autor"": ""Jose Maria Vindas Ortiz"", ""tema_principal"": ""I. ENTREGA DEL PROYECTO"", ""secciones"": ""I. ENTREGA DEL PROYECTO, II. INTRODUCCI ´ON, III. AUTOENCODER, IV. TAREAS A RESOLVER, C. Procesamiento de imagenes"", ""chunk_numero"": 13, ""total_chunks"": 18}"
"generación de m áscaras de objetos.
vii. tipos de autoencoders
a. undercomplete autoencoder
toma una imagen de entrada e intenta reconstruir la misma
imagen en la salida, es el modelo ”vainilla” que hemos estado
viendo.
la dimensión del espacio latente es menor que la dimensi ón
del espacio de entrada, obligando al modelo a aprender una
representación comprimida de la informaci ón.
[pagina 3]
b. sparse autoencoder
evita la reducci ón expl ´ıcita de dimensionalidad en las
capas ocultas, manteniendo dimensiones similares a lo largo
de toda la arquitectura.
en lugar de ello, se penalizan ciertas activaciones para
simular din ámicamente esta reducci ón. para lograrlo, se
aplican factores de regularizaci ón sobre la funci ón de
pérdida, provocando que algunas neuronas se activen y otras",,"{""semana"": 11, ""fecha"": ""2026-05-07"", ""nombre_archivo"": ""11_SEMANA_AI_20260507_1.pdf"", ""autor"": ""Jose Maria Vindas Ortiz"", ""tema_principal"": ""I. ENTREGA DEL PROYECTO"", ""secciones"": ""I. ENTREGA DEL PROYECTO, II. INTRODUCCI ´ON, III. AUTOENCODER, IV. TAREAS A RESOLVER, C. Procesamiento de imagenes"", ""chunk_numero"": 14, ""total_chunks"": 18}"
"aplican factores de regularizaci ón sobre la funci ón de
pérdida, provocando que algunas neuronas se activen y otras
permanezcan inactivas dependiendo de la entrada.
de esta manera, diferentes regiones de la red son activadas
selectivamente según las caracter´ısticas de los datos de entrada.
c. denoising autoencoders
no constituyen una arquitectura completamente distinta;
sin embargo, se consideran una categor ´ıa funcional enfocada
espec´ıficamente en la limpieza y restauraci ón de im ágenes.
en este caso, no se compara directamente la entrada con
la salida. en cambio, la salida del modelo se compara con la
imagen original antes de haber aplicado los filtros o el ruido,
permitiendo entrenar el autoencoder para recuperar la versi ón
limpia de la imagen.
d. variational autoencoder",,"{""semana"": 11, ""fecha"": ""2026-05-07"", ""nombre_archivo"": ""11_SEMANA_AI_20260507_1.pdf"", ""autor"": ""Jose Maria Vindas Ortiz"", ""tema_principal"": ""I. ENTREGA DEL PROYECTO"", ""secciones"": ""I. ENTREGA DEL PROYECTO, II. INTRODUCCI ´ON, III. AUTOENCODER, IV. TAREAS A RESOLVER, C. Procesamiento de imagenes"", ""chunk_numero"": 15, ""total_chunks"": 18}"
"permitiendo entrenar el autoencoder para recuperar la versi ón
limpia de la imagen.
d. variational autoencoder
los autoencoders convencionales no garantizan que el
espacio latente sea continuo, lo que dificulta la interpolaci ón.
la interpolaci ón consiste en estimar valores intermedios
entre dos puntos conocidos; sin embargo, debido a la
falta de continuidad en el espacio latente, las predicciones
generadas entre muestras pueden resultar inconsistentes o
poco representativas.
los variational autoencoders, por otro lado, modelan
el espacio latente mediante distribuciones de probabilidad.
esto permite obtener un espacio continuo para cada variable
latente, facilitando modificar sus valores libremente para
generar nuevas im ágenes, principio fundamental detr ás de",,"{""semana"": 11, ""fecha"": ""2026-05-07"", ""nombre_archivo"": ""11_SEMANA_AI_20260507_1.pdf"", ""autor"": ""Jose Maria Vindas Ortiz"", ""tema_principal"": ""I. ENTREGA DEL PROYECTO"", ""secciones"": ""I. ENTREGA DEL PROYECTO, II. INTRODUCCI ´ON, III. AUTOENCODER, IV. TAREAS A RESOLVER, C. Procesamiento de imagenes"", ""chunk_numero"": 16, ""total_chunks"": 18}"
"latente, facilitando modificar sus valores libremente para
generar nuevas im ágenes, principio fundamental detr ás de
gran parte de la ia generativa.
este tipo de arquitecturas produce par ámetros estad´ısticos,
espec´ıficamente una media y una desviaci ón est ándar. lo
esperable es que im ágenes similares generen medias y
desviaciones est ándar similares.
con estos par ámetros se realiza un proceso de
reparametrización, el cual consiste en utilizar dichos
valores para aproximar una distribuci ón normal. a partir de
esta distribuci ón se obtiene una muestraz, correspondiente al
vector latente.
la función de pérdida en este tipo de modelos es compuesta.
por un lado, se utiliza binary cross entropy para asegurar una
buena calidad de reconstrucci ón con respecto a la imagen de",,"{""semana"": 11, ""fecha"": ""2026-05-07"", ""nombre_archivo"": ""11_SEMANA_AI_20260507_1.pdf"", ""autor"": ""Jose Maria Vindas Ortiz"", ""tema_principal"": ""I. ENTREGA DEL PROYECTO"", ""secciones"": ""I. ENTREGA DEL PROYECTO, II. INTRODUCCI ´ON, III. AUTOENCODER, IV. TAREAS A RESOLVER, C. Procesamiento de imagenes"", ""chunk_numero"": 17, ""total_chunks"": 18}"
"por un lado, se utiliza binary cross entropy para asegurar una
buena calidad de reconstrucci ón con respecto a la imagen de
entrada. por otro lado, se utiliza kullback-leibler divergence
(kld), la cual compara dos distribuciones de probabilidad
para medir qu é tan similares son, utilizando la media y
desviación est ándar obtenidas frente a una distribuci ón gaus-
siana est ándar.",,"{""semana"": 11, ""fecha"": ""2026-05-07"", ""nombre_archivo"": ""11_SEMANA_AI_20260507_1.pdf"", ""autor"": ""Jose Maria Vindas Ortiz"", ""tema_principal"": ""I. ENTREGA DEL PROYECTO"", ""secciones"": ""I. ENTREGA DEL PROYECTO, II. INTRODUCCI ´ON, III. AUTOENCODER, IV. TAREAS A RESOLVER, C. Procesamiento de imagenes"", ""chunk_numero"": 18, ""total_chunks"": 18}"
"[pagina 1]
apuntes semana 13 clase i
hans fern ández murillo
tecnológico de costa rica
curso: ic6200 inteligencia artificial
fecha: 19 de mayo del 2026
abstract—en esta clase se vieron los autoencoders, arqui-
tectura muy utilizada en procesamiento de im ágenes. entre
los contenidos del apunte est án: usos, partes del autoencoder,
hiperparámetros y tipos de autoencoder .
index terms—autoencoder, decoder, encoder, latent space,
convolutional networks
i. introducci ´on
al inicio de la clase se presentaron observaciones generales
respecto al proyecto i que deben considerarse para el proyecto
1) uso de ia: en la defensa del proyecto, hubo problemas
para explicar aspectos t écnicos y te óricos, a pesar de la
ejecución correcta del proyecto. esto puede ser debido al",,"{""semana"": 13, ""fecha"": null, ""nombre_archivo"": ""13_SEMANA_AI_2016193340_3.pdf"", ""autor"": ""Hans Fernández Murillo"", ""tema_principal"": ""I. INTRODUCCI ´ON"", ""secciones"": ""I. INTRODUCCI ´ON, II.\n1) Uso de IA: en la defensa del proyecto, hubo problemas, II. REPASOAUTOENCODER, III. U-NET: CONVOLUTIONALNETWORKS FOR, IV. PRESENTACI ´ON DETAREA3"", ""chunk_numero"": 1, ""total_chunks"": 7}"
"para explicar aspectos t écnicos y te óricos, a pesar de la
ejecución correcta del proyecto. esto puede ser debido al
uso de ia para programar y/o redactar la documentación.
se recomienda usar la ia para salir de dudas y apoyar
el proceso did áctico.
2) la longitud de la documentaci ón fue excesiva, por lo
que para el siguiente proyecto se manejar á un l ´ımite de
10 p áginas para la documentaci ón.
3) mal uso de weight & bias: el prop ósito de esta her-
ramienta es poder registrar los datos producidos du-
rante el entrenamiento. se pueden capturar por ejem-
plo, m étricas, funciones de p érdida en entrenamiento
y validaci ón, im ágenes y gr áficas generadas, resultados
de predicciones con el paso de epochs. el an álisis de
overfitting se pod´ıa realizar con esta plataforma, muchos",,"{""semana"": 13, ""fecha"": null, ""nombre_archivo"": ""13_SEMANA_AI_2016193340_3.pdf"", ""autor"": ""Hans Fernández Murillo"", ""tema_principal"": ""I. INTRODUCCI ´ON"", ""secciones"": ""I. INTRODUCCI ´ON, II.\n1) Uso de IA: en la defensa del proyecto, hubo problemas, II. REPASOAUTOENCODER, III. U-NET: CONVOLUTIONALNETWORKS FOR, IV. PRESENTACI ´ON DETAREA3"", ""chunk_numero"": 2, ""total_chunks"": 7}"
"de predicciones con el paso de epochs. el an álisis de
overfitting se pod´ıa realizar con esta plataforma, muchos
lo realizaron con matplotlib.
el enunciado del proyecto ii se entrega en semana 15. el
exámen se realiza en semana 18.
ii. repasoautoencoder
enfocado en mecanismos de reconstrucci ón de datos. algo-
ritmo no supervisado, con la consideraci ón de que los datos de
entrenamiento se utilizan para entrenar y supervisar el modelo.
en otras palabras, la salida del autoencoder se compara con
el dato de entrada. esto permite adem ás usar los mismos
algoritmos de optimizaci ón que en algoritmos supervisados.
sigue siendo un algoritmo no supervisado ya que no se tienen
etiquetas para comparar.
recordando la arquitectura del autoencoder, se inicia en la",,"{""semana"": 13, ""fecha"": null, ""nombre_archivo"": ""13_SEMANA_AI_2016193340_3.pdf"", ""autor"": ""Hans Fernández Murillo"", ""tema_principal"": ""I. INTRODUCCI ´ON"", ""secciones"": ""I. INTRODUCCI ´ON, II.\n1) Uso de IA: en la defensa del proyecto, hubo problemas, II. REPASOAUTOENCODER, III. U-NET: CONVOLUTIONALNETWORKS FOR, IV. PRESENTACI ´ON DETAREA3"", ""chunk_numero"": 3, ""total_chunks"": 7}"
"sigue siendo un algoritmo no supervisado ya que no se tienen
etiquetas para comparar.
recordando la arquitectura del autoencoder, se inicia en la
parte deencoderque reduce la muestra inicial a unvector
latente. despu és sigue la parte deldecoder, que toma el
vector latentey reconstruye el dato que representa.
existe otro tipo de autoencoder llamadovariational au-
toencoderque en lugar de un vector latente, posee unes-
pacio latenteque puede mapear un espacio continuo para
hacer mejores predicciones en los espacios que tienen pocas
muestras.
entre los usos del autoencoder se mencionan:
•reducci ón de la dimensionalidad
•detecci ón de anomal ´ıas
•procesamiento de im ágenes (remover ruido, compresi ón,
upsampling)
iii. u-net: convolutionalnetworks for
biomedicalimagesegmentation",,"{""semana"": 13, ""fecha"": null, ""nombre_archivo"": ""13_SEMANA_AI_2016193340_3.pdf"", ""autor"": ""Hans Fernández Murillo"", ""tema_principal"": ""I. INTRODUCCI ´ON"", ""secciones"": ""I. INTRODUCCI ´ON, II.\n1) Uso de IA: en la defensa del proyecto, hubo problemas, II. REPASOAUTOENCODER, III. U-NET: CONVOLUTIONALNETWORKS FOR, IV. PRESENTACI ´ON DETAREA3"", ""chunk_numero"": 4, ""total_chunks"": 7}"
"•procesamiento de im ágenes (remover ruido, compresi ón,
upsampling)
iii. u-net: convolutionalnetworks for
biomedicalimagesegmentation
arquitectura propuesta para hacer segmentaci ón de
imágenes en un dominio biom édico. la importancia de esto
para la clase es la arquitectura propuesta.
en primera instancia la arquitectura se ve similar a la vista
anteriormente en clase. hay una secci ón de encoding que
lleva al vector latente, para posteriormente pasar al decoder
y realizar el proceso de upsampling.
la diferencia yace en que al realizar el decoding, el decoder
tiene acceso a los datos del encoder en cada capa de profun-
didad. esto nos permite preservar informaci ón en cada etapa
de reconstrucci ón para poder rescontruir los datos con mayor
fidelidad.",,"{""semana"": 13, ""fecha"": null, ""nombre_archivo"": ""13_SEMANA_AI_2016193340_3.pdf"", ""autor"": ""Hans Fernández Murillo"", ""tema_principal"": ""I. INTRODUCCI ´ON"", ""secciones"": ""I. INTRODUCCI ´ON, II.\n1) Uso de IA: en la defensa del proyecto, hubo problemas, II. REPASOAUTOENCODER, III. U-NET: CONVOLUTIONALNETWORKS FOR, IV. PRESENTACI ´ON DETAREA3"", ""chunk_numero"": 5, ""total_chunks"": 7}"
"didad. esto nos permite preservar informaci ón en cada etapa
de reconstrucci ón para poder rescontruir los datos con mayor
fidelidad.
en la salida de este modelo, se puede reconstruir la im ágen
original, como tambi én se pueden construir m áscaras que
representan la forma en la que se segmentan los datos en la
imágen de entrada.
a. skip connections
este concepto se ha estudiado antes en clase y es lo que
permite desarrollar esta arquitectura.
•sugiere que la salida de una capa anterior alimente la
salida de una capa como la entrada de las siguientes
capas.
•resuelve el problema de degradaci ón de datos.
•en la mayor ´ıa de casos, es simplemente la suma entre
los resultados de salida y resultados de la capa anterior.
iv. presentaci ´on detarea3",,"{""semana"": 13, ""fecha"": null, ""nombre_archivo"": ""13_SEMANA_AI_2016193340_3.pdf"", ""autor"": ""Hans Fernández Murillo"", ""tema_principal"": ""I. INTRODUCCI ´ON"", ""secciones"": ""I. INTRODUCCI ´ON, II.\n1) Uso de IA: en la defensa del proyecto, hubo problemas, II. REPASOAUTOENCODER, III. U-NET: CONVOLUTIONALNETWORKS FOR, IV. PRESENTACI ´ON DETAREA3"", ""chunk_numero"": 6, ""total_chunks"": 7}"
"•en la mayor ´ıa de casos, es simplemente la suma entre
los resultados de salida y resultados de la capa anterior.
iv. presentaci ´on detarea3
tarea relacionada a generaci ón de im ágenes con autoen-
coder. como objetivo didáctico, esta tarea busca dar una expe-
riencia m ás af´ın al entrenamiento como ingenieros, mediante
el uso de herramientas m ás avanzadas.
[pagina 2]
fig. 1. arquitectura u-net. las flechas grises indican donde el decoder toma
datos del encoder.
esta tarea no tiene documentaci ón en latex. solo se debe
presentar el c ódigo y notebook relacionado. la fecha de
entrega es 26 de mayo.",,"{""semana"": 13, ""fecha"": null, ""nombre_archivo"": ""13_SEMANA_AI_2016193340_3.pdf"", ""autor"": ""Hans Fernández Murillo"", ""tema_principal"": ""I. INTRODUCCI ´ON"", ""secciones"": ""I. INTRODUCCI ´ON, II.\n1) Uso de IA: en la defensa del proyecto, hubo problemas, II. REPASOAUTOENCODER, III. U-NET: CONVOLUTIONALNETWORKS FOR, IV. PRESENTACI ´ON DETAREA3"", ""chunk_numero"": 7, ""total_chunks"": 7}"
"[pagina 1]
apuntes semana 13 clase i - inteligencia artificial
clase del 19 de mayo de 2026
alexander brenes garita
carnet: 2018191805
i. retroalimentación delproyecto1
a. aspectostécnicos y de investigación
el profesor destacó que, si bien los proyectos entregados
presentaron resultados generalmente buenos, se identificaron
deficiencias importantes en la profundidadtécnica e
investigativa. el principal problema detectado fue el uso
excesivo de herramientas de ia generativa (claude, chatgpt,
etc.) para redactar el informe y generarcódigo, sin que los
estudiantes dominaran los conceptos subyacentes.
“si alguien experto en el campo lee su
informe y nota que un concepto está explicado
incorrectamente, su trabajo se ve afectado. el
conocimiento profundo es el factor diferenciador en",,"{""semana"": 13, ""fecha"": null, ""nombre_archivo"": ""13_SEMANA_AI_2018191805_1.pdf"", ""autor"": ""Alexander Brenes Garita"", ""tema_principal"": ""I. RETROALIMENTACIÓN DELPROYECTO1"", ""secciones"": ""I. RETROALIMENTACIÓN DELPROYECTO1, C. Cambios para Próximos Proyectos, II. AUTOENCODERS: REVISIÓNTÉCNICA, C. Aplicaciones de los Autoencoders, D. Hiperparámetros Clave"", ""chunk_numero"": 1, ""total_chunks"": 18}"
"informe y nota que un concepto está explicado
incorrectamente, su trabajo se ve afectado. el
conocimiento profundo es el factor diferenciador en
el mercado laboral. ”
se enfatizó que el ingeniero debe ser quien tome las
decisiones y quien valide cadalínea decódigo generado, no
quien simplemente lo acepta sin comprender.
b. deficiencias en los informes
se identificaron los siguientes problemas recurrentes en los
informes:
•falta de profundidad: conceptos como la transformadarápida de fourier (fft) fueron mencionados sin explicar
su funcionamiento o justificación matemática.
•exceso depáginas: varios informes superaron las 20páginas, cuando el estándar en conferencias científicas es
de 6 a 8páginas incluyendo referencias.
•citas incompletas: se rellenó la sección de referencias sin",,"{""semana"": 13, ""fecha"": null, ""nombre_archivo"": ""13_SEMANA_AI_2018191805_1.pdf"", ""autor"": ""Alexander Brenes Garita"", ""tema_principal"": ""I. RETROALIMENTACIÓN DELPROYECTO1"", ""secciones"": ""I. RETROALIMENTACIÓN DELPROYECTO1, C. Cambios para Próximos Proyectos, II. AUTOENCODERS: REVISIÓNTÉCNICA, C. Aplicaciones de los Autoencoders, D. Hiperparámetros Clave"", ""chunk_numero"": 2, ""total_chunks"": 18}"
"de 6 a 8páginas incluyendo referencias.
•citas incompletas: se rellenó la sección de referencias sin
incluir citas en el cuerpo del texto.
•introduccióndébil: muchos trabajos carecieron de un
planteamiento claro del problema, revisión del estado del
arte, y descripción de la metodología seguida.
•subutilización de weights & biases: la herramienta fue
usada de forma superficial, sin aprovechar dashboards de
curvas depérdida, análisis de overfitting, o visualización de
imágenes porépoca.
c. cambios parapróximos proyectos
•los informesno deben superar las 10páginas.
•lasrúbricas seránmás estrictas en cuanto a calidadtécnica.
•es obligatorio incluir: estado del arte con citas académicas,
análisis de overfitting en wandb, ygráficas depérdida de
entrenamiento y validación.",,"{""semana"": 13, ""fecha"": null, ""nombre_archivo"": ""13_SEMANA_AI_2018191805_1.pdf"", ""autor"": ""Alexander Brenes Garita"", ""tema_principal"": ""I. RETROALIMENTACIÓN DELPROYECTO1"", ""secciones"": ""I. RETROALIMENTACIÓN DELPROYECTO1, C. Cambios para Próximos Proyectos, II. AUTOENCODERS: REVISIÓNTÉCNICA, C. Aplicaciones de los Autoencoders, D. Hiperparámetros Clave"", ""chunk_numero"": 3, ""total_chunks"": 18}"
"•es obligatorio incluir: estado del arte con citas académicas,
análisis de overfitting en wandb, ygráficas depérdida de
entrenamiento y validación.
ii. autoencoders: revisióntécnica
a. concepto general
un autoencoder es un algoritmo de aprendizajeauto-
supervisado(no supervisado). aprende a comprimir y
reconstruir sus propios datos de entrada, utilizando la misma
muestra tanto como entrada como como etiqueta implícita. la
arquitectura base está compuesta por tres componentes:
1)encoder: red de convoluciones que reduce las
dimensiones de la imagen, extrayendo características
relevantes.
2)cuello de botella / v ector latente: representación
comprimida en un espacio vectorial de menor dimensión.
3)decoder: proceso inverso deupsamplingque reconstruye
la imagen a partir del vector latente.",,"{""semana"": 13, ""fecha"": null, ""nombre_archivo"": ""13_SEMANA_AI_2018191805_1.pdf"", ""autor"": ""Alexander Brenes Garita"", ""tema_principal"": ""I. RETROALIMENTACIÓN DELPROYECTO1"", ""secciones"": ""I. RETROALIMENTACIÓN DELPROYECTO1, C. Cambios para Próximos Proyectos, II. AUTOENCODERS: REVISIÓNTÉCNICA, C. Aplicaciones de los Autoencoders, D. Hiperparámetros Clave"", ""chunk_numero"": 4, ""total_chunks"": 18}"
"comprimida en un espacio vectorial de menor dimensión.
3)decoder: proceso inverso deupsamplingque reconstruye
la imagen a partir del vector latente.
la función depérdida compara directamente la imagen
reconstruida con la imagen original (píxel apíxel o mediantemétricas de similitud estructural), lo que constituye el
elemento supervisado implícito del algoritmo.
b. tipos de autoencoders
1) autoencoder vanilla (clásico):el autoencoder estándar
comprime la información en un cuello de botella y la
reconstruye. cuantomás pequeño sea el vector latente, mayor
es la compresión pero menor la calidad de reconstrucción.
2) autoencoder disperso (sparse):mantiene la misma
dimensionalidad en la arquitectura, pero aplica un mecanismo
de encendido/apagado aleatorio de neuronas (similar a",,"{""semana"": 13, ""fecha"": null, ""nombre_archivo"": ""13_SEMANA_AI_2018191805_1.pdf"", ""autor"": ""Alexander Brenes Garita"", ""tema_principal"": ""I. RETROALIMENTACIÓN DELPROYECTO1"", ""secciones"": ""I. RETROALIMENTACIÓN DELPROYECTO1, C. Cambios para Próximos Proyectos, II. AUTOENCODERS: REVISIÓNTÉCNICA, C. Aplicaciones de los Autoencoders, D. Hiperparámetros Clave"", ""chunk_numero"": 5, ""total_chunks"": 18}"
"dimensionalidad en la arquitectura, pero aplica un mecanismo
de encendido/apagado aleatorio de neuronas (similar a
dropout) para distribuir la información de formamás eficiente
entre las neuronas.
3) autoencoder denoising:diseñado para remover ruido
de imágenes. el proceso de entrenamiento consiste en:
1) tomar la imagen limpia original.
2) agregarle ruido artificialmente (ej.salt & pepper).
3) alimentar la imagen ruidosa al autoencoder.
4) comparar la salida con laimagen limpia original(no
con la ruidosa).
esto permite entrenar modelos que transforman imágenes de
baja resolución a alta resolución, de escala de grises a color,
o que eliminan tipos específicos de artefactos visuales.
4) autoencoder variacional (vae):el v ae introduce
una mejora fundamental: en lugar de un vector latente",,"{""semana"": 13, ""fecha"": null, ""nombre_archivo"": ""13_SEMANA_AI_2018191805_1.pdf"", ""autor"": ""Alexander Brenes Garita"", ""tema_principal"": ""I. RETROALIMENTACIÓN DELPROYECTO1"", ""secciones"": ""I. RETROALIMENTACIÓN DELPROYECTO1, C. Cambios para Próximos Proyectos, II. AUTOENCODERS: REVISIÓNTÉCNICA, C. Aplicaciones de los Autoencoders, D. Hiperparámetros Clave"", ""chunk_numero"": 6, ""total_chunks"": 18}"
"4) autoencoder variacional (vae):el v ae introduce
una mejora fundamental: en lugar de un vector latente
determinístico, el encoder produce unadistribución de
probabilidadcaracterizada por su media (µ) y desviación
estándar (σ) para cada dimensión del espacio latente.
[pagina 2]
esto permite tener unespacio latente continuo, con el cual
se puede interpolar entre clases y generar imágenes que el
modelo nunca ha visto durante el entrenamiento. el proceso de
entrenamiento utiliza eltruco de reparametrizaciónpara poder
hacer backpropagation a través de la muestra estocástica.
la función depérdida del v ae tiene dos componentes:
lv ae=l reconstruccin +l kl (1)
dondel reconstruccin (bce o mse) penaliza la diferencia
entre la imagen reconstruida y la original, yl kl (divergencia",,"{""semana"": 13, ""fecha"": null, ""nombre_archivo"": ""13_SEMANA_AI_2018191805_1.pdf"", ""autor"": ""Alexander Brenes Garita"", ""tema_principal"": ""I. RETROALIMENTACIÓN DELPROYECTO1"", ""secciones"": ""I. RETROALIMENTACIÓN DELPROYECTO1, C. Cambios para Próximos Proyectos, II. AUTOENCODERS: REVISIÓNTÉCNICA, C. Aplicaciones de los Autoencoders, D. Hiperparámetros Clave"", ""chunk_numero"": 7, ""total_chunks"": 18}"
"dondel reconstruccin (bce o mse) penaliza la diferencia
entre la imagen reconstruida y la original, yl kl (divergencia
kl) penaliza que la distribución aprendida se aleje de una
distribución normal estándarn(0,1).
“si logramos que las características se distribuyan
en un espacio latente continuo, podemos cambiar los
valores y vercómo afectan el resultado: cambiar
elgénero, el tono de piel, la sonrisa... generando
imágenes que el modelo jamás fue entrenado para
ver. ”
5) u-net con skip connections:la arquitectura u-net
fue propuesta originalmente para segmentación de imágenes
biomédicas. su diferencia principal respecto al autoencoderclásico es el uso deskip connections: conexiones directas
entre las capas del encoder y las capas correspondientes del
decoder.",,"{""semana"": 13, ""fecha"": null, ""nombre_archivo"": ""13_SEMANA_AI_2018191805_1.pdf"", ""autor"": ""Alexander Brenes Garita"", ""tema_principal"": ""I. RETROALIMENTACIÓN DELPROYECTO1"", ""secciones"": ""I. RETROALIMENTACIÓN DELPROYECTO1, C. Cambios para Próximos Proyectos, II. AUTOENCODERS: REVISIÓNTÉCNICA, C. Aplicaciones de los Autoencoders, D. Hiperparámetros Clave"", ""chunk_numero"": 8, ""total_chunks"": 18}"
"entre las capas del encoder y las capas correspondientes del
decoder.
en lugar de la suma elemento a elemento (como en resnet),
u-net usaconcatenaciónde los tensores, lo que permite al
decoder acceder a información de alta resolución preservada
del encoder. esto resulta en reconstrucciones con mayor
fidelidad y detalle.
aplicaciones: segmentación de imágenesmédicas (rayos
x, detección decáncer), segmentación de terrenos satelitales,
cualquier tarea donde se requiera generar unamáscara o salida
de la misma resolución que la entrada.
c. aplicaciones de los autoencoders
•reducción de dimensionalidad: superiores a pca en
tareas con imágenes. permiten comparaciones semánticas
de similitud entre imágenes mediante distancia vectorial en
el espacio latente.",,"{""semana"": 13, ""fecha"": null, ""nombre_archivo"": ""13_SEMANA_AI_2018191805_1.pdf"", ""autor"": ""Alexander Brenes Garita"", ""tema_principal"": ""I. RETROALIMENTACIÓN DELPROYECTO1"", ""secciones"": ""I. RETROALIMENTACIÓN DELPROYECTO1, C. Cambios para Próximos Proyectos, II. AUTOENCODERS: REVISIÓNTÉCNICA, C. Aplicaciones de los Autoencoders, D. Hiperparámetros Clave"", ""chunk_numero"": 9, ""total_chunks"": 18}"
"tareas con imágenes. permiten comparaciones semánticas
de similitud entre imágenes mediante distancia vectorial en
el espacio latente.
•detección de anomalías: un autoencoder entrenado solo
con muestras normales producirá vectores latentes erróneos
y reconstrucciones de baja calidad ante muestras anómalas
(alta función depérdida = anomalía).
•denoising: remoción de ruido, mejora de resolución,
conversión de dominio.
•generación de imágenes: con v ae, interpolación entre
clases y generación de muestras nuevas.
•segmentación: con u-net, generación demáscaras de
segmentación.
d. hiperparámetros clave
•tamaño del vector latente: más grande→mayor calidad,
más memoria. más pequeño→mayor compresión.
•profundidad de la red: a mayor profundidad, mayor",,"{""semana"": 13, ""fecha"": null, ""nombre_archivo"": ""13_SEMANA_AI_2018191805_1.pdf"", ""autor"": ""Alexander Brenes Garita"", ""tema_principal"": ""I. RETROALIMENTACIÓN DELPROYECTO1"", ""secciones"": ""I. RETROALIMENTACIÓN DELPROYECTO1, C. Cambios para Próximos Proyectos, II. AUTOENCODERS: REVISIÓNTÉCNICA, C. Aplicaciones de los Autoencoders, D. Hiperparámetros Clave"", ""chunk_numero"": 10, ""total_chunks"": 18}"
"•tamaño del vector latente: más grande→mayor calidad,
más memoria. más pequeño→mayor compresión.
•profundidad de la red: a mayor profundidad, mayor
capacidad peromás costo computacional y riesgo de
sobreajuste.
•arquitectura del encoder: vgg, resnet, u-net,
convoluciones simples, etc.
•función depérdida: l1 (mae), l2 (mse), ssim,
ms-ssim. l2 tiende a producir imágenesmás borrosas
(blur); métricas estructurales como ssim capturan mejor
la percepción humana.
iii. tarea2: detección deanomalías con
autoencoders
a. objetivo
implementar y comparar dos arquitecturas de autoencoders
para detección de anomalías en un dataset industrial:
•autoencoder variacional (v ae)
•autoencoder con arquitectura u-net (skip connections)
b. dataset: mvtec anomaly detection",,"{""semana"": 13, ""fecha"": null, ""nombre_archivo"": ""13_SEMANA_AI_2018191805_1.pdf"", ""autor"": ""Alexander Brenes Garita"", ""tema_principal"": ""I. RETROALIMENTACIÓN DELPROYECTO1"", ""secciones"": ""I. RETROALIMENTACIÓN DELPROYECTO1, C. Cambios para Próximos Proyectos, II. AUTOENCODERS: REVISIÓNTÉCNICA, C. Aplicaciones de los Autoencoders, D. Hiperparámetros Clave"", ""chunk_numero"": 11, ""total_chunks"": 18}"
"•autoencoder variacional (v ae)
•autoencoder con arquitectura u-net (skip connections)
b. dataset: mvtec anomaly detection
dataset de imágenes industriales con objetos que presentan
tanto muestras normales como defectuosas. para esta tarea se
utilizaráncuatro clases:
•cables
•cápsulas
•tornillos
•transistores
tamaño de imágenes:128×128×3(color).
c. herramientas requeridas
1) pytorch lightning:framework que añade una capa
de abstracción sobre pytorch, organizando elcódigo de
entrenamiento enmétodos bien definidos (training_step,
validation_step, etc.). permite gestionar el ciclo de
entrenamiento de forma modular, con soporte nativo para
callbacks,profilingy registro demétricas.
2) hydra:sistema de gestión de configuraciones mediante",,"{""semana"": 13, ""fecha"": null, ""nombre_archivo"": ""13_SEMANA_AI_2018191805_1.pdf"", ""autor"": ""Alexander Brenes Garita"", ""tema_principal"": ""I. RETROALIMENTACIÓN DELPROYECTO1"", ""secciones"": ""I. RETROALIMENTACIÓN DELPROYECTO1, C. Cambios para Próximos Proyectos, II. AUTOENCODERS: REVISIÓNTÉCNICA, C. Aplicaciones de los Autoencoders, D. Hiperparámetros Clave"", ""chunk_numero"": 12, ""total_chunks"": 18}"
"callbacks,profilingy registro demétricas.
2) hydra:sistema de gestión de configuraciones mediante
archivos y aml. permite separar los hiperparámetros delcódigo, facilitar la ejecución demúltiples experimentos y
reproducir configuraciones exactas. la estructuramínima del
proyecto debe incluir:
•configs/config.yaml(archivo central)
•configs/model/(arquitectura, tamaño latente, capas)
•configs/trainer/(épocas, learning rate, batch size)
•configs/logger/(configuración de wandb)
3) weights & biases (wandb):plataforma de seguimiento
de experimentos. se debe registrar:
•curvas depérdida (entrenamiento y validación)
•reconstrucciones de imágenes porépoca
•proyección del espacio latente (t-sne en 2d)
•histogramas del error de reconstrucción
d. configuración experimental",,"{""semana"": 13, ""fecha"": null, ""nombre_archivo"": ""13_SEMANA_AI_2018191805_1.pdf"", ""autor"": ""Alexander Brenes Garita"", ""tema_principal"": ""I. RETROALIMENTACIÓN DELPROYECTO1"", ""secciones"": ""I. RETROALIMENTACIÓN DELPROYECTO1, C. Cambios para Próximos Proyectos, II. AUTOENCODERS: REVISIÓNTÉCNICA, C. Aplicaciones de los Autoencoders, D. Hiperparámetros Clave"", ""chunk_numero"": 13, ""total_chunks"": 18}"
"•proyección del espacio latente (t-sne en 2d)
•histogramas del error de reconstrucción
d. configuración experimental
se deben realizar8 entrenamientos(4 por arquitectura)
variando la función depérdida:
1) distancia l1 (mae)
2) distancia l2 (mse)
3) ssim (structural similarity index)
4) ms-ssim (multi-scale ssim)
[pagina 3]
e. evaluación
•reconstrucción: comparar imágenes normales vs.
reconstruidas; evaluar la calidad de reconstrucción en
imágenes con defectos.
•proyección del espacio latente: visualizar con t-snecómo
se distribuyen las clases normales y anómalas.
•histograma del error: analizar si las imágenes defectuosas
producen errores de reconstrucción significativamente
mayores.
f . formato de entrega
no se solicita informe escrito. la entrega consiste en un
jupyter notebookcon:",,"{""semana"": 13, ""fecha"": null, ""nombre_archivo"": ""13_SEMANA_AI_2018191805_1.pdf"", ""autor"": ""Alexander Brenes Garita"", ""tema_principal"": ""I. RETROALIMENTACIÓN DELPROYECTO1"", ""secciones"": ""I. RETROALIMENTACIÓN DELPROYECTO1, C. Cambios para Próximos Proyectos, II. AUTOENCODERS: REVISIÓNTÉCNICA, C. Aplicaciones de los Autoencoders, D. Hiperparámetros Clave"", ""chunk_numero"": 14, ""total_chunks"": 18}"
"mayores.
f . formato de entrega
no se solicita informe escrito. la entrega consiste en un
jupyter notebookcon:
•celdas de texto explicativas (markdown) documentando
cada paso.
•imágenes generadas durante el entrenamiento integradas en
el notebook.
•todas las visualizaciones de wandb incorporadas.
iv. próximasactividades
a. lecturas obligatorias para lapróxima clase
la siguiente semana se hará una pausa en el tema
de imágenes para introducirprocesamiento de lenguaje
natural (nlp). se deben leer dos papers:
1)paper sobre modelos de lenguaje tipo pa y: cubre la
arquitectura base de transformers y sus capacidades de
representación del lenguaje. se evaluará la comprensión
matemática del modelo.
2)crítica a los modelos de lenguaje: paper publicado",,"{""semana"": 13, ""fecha"": null, ""nombre_archivo"": ""13_SEMANA_AI_2018191805_1.pdf"", ""autor"": ""Alexander Brenes Garita"", ""tema_principal"": ""I. RETROALIMENTACIÓN DELPROYECTO1"", ""secciones"": ""I. RETROALIMENTACIÓN DELPROYECTO1, C. Cambios para Próximos Proyectos, II. AUTOENCODERS: REVISIÓNTÉCNICA, C. Aplicaciones de los Autoencoders, D. Hiperparámetros Clave"", ""chunk_numero"": 15, ""total_chunks"": 18}"
"representación del lenguaje. se evaluará la comprensión
matemática del modelo.
2)crítica a los modelos de lenguaje: paper publicado
hace aproximadamente cinco años que cuestiona el
comportamiento de los llms como “loros estocásticos”
que repiten patrones del internet sin comprensión real.
aunque el campo ha evolucionado, sus principios siguen
siendoválidos y sentaron precedentes importantes.
b. calendario de evaluaciones
table ipróximasevaluaciones delcurso
actividad plazo peso
quiz (papers nlp) próximo martes normal
tarea 2 (autoencoders) próxima semana×2
proyecto 2 semana 15 proyecto
examen final semana 18 examen
“el examen es en la semana 18. ya les subí las notas
al sistema digital. próximo martes hay quiz sobre los
papers de nlp — tengan eso muy presente. ”",,"{""semana"": 13, ""fecha"": null, ""nombre_archivo"": ""13_SEMANA_AI_2018191805_1.pdf"", ""autor"": ""Alexander Brenes Garita"", ""tema_principal"": ""I. RETROALIMENTACIÓN DELPROYECTO1"", ""secciones"": ""I. RETROALIMENTACIÓN DELPROYECTO1, C. Cambios para Próximos Proyectos, II. AUTOENCODERS: REVISIÓNTÉCNICA, C. Aplicaciones de los Autoencoders, D. Hiperparámetros Clave"", ""chunk_numero"": 16, ""total_chunks"": 18}"
"“el examen es en la semana 18. ya les subí las notas
al sistema digital. próximo martes hay quiz sobre los
papers de nlp — tengan eso muy presente. ”
v. conceptosclave para elquiz
basado en el contenido de clase, los siguientes conceptos
son prioritarios para el quiz y el examen:
•diferencia entre autoencoder vanilla, disperso, denoising y
variacional.
•por qué el autoencoder es considerado auto-supervisado a
pesar de usar descenso del gradiente.
•función depérdida del v ae: componente de reconstrucción
+ divergencia kl.
•truco de reparametrización en el v ae.
•por qué u-net usa concatenación y no suma en sus skip
connections.
•cómo el espacio latente continuo del v ae permite generar
nuevas imágenes.
•principio de detección de anomalías con autoencoders.
references",,"{""semana"": 13, ""fecha"": null, ""nombre_archivo"": ""13_SEMANA_AI_2018191805_1.pdf"", ""autor"": ""Alexander Brenes Garita"", ""tema_principal"": ""I. RETROALIMENTACIÓN DELPROYECTO1"", ""secciones"": ""I. RETROALIMENTACIÓN DELPROYECTO1, C. Cambios para Próximos Proyectos, II. AUTOENCODERS: REVISIÓNTÉCNICA, C. Aplicaciones de los Autoencoders, D. Hiperparámetros Clave"", ""chunk_numero"": 17, ""total_chunks"": 18}"
"•cómo el espacio latente continuo del v ae permite generar
nuevas imágenes.
•principio de detección de anomalías con autoencoders.
references
[1] i. goodfellow, y . bengio, a. courville,deep learning. mit press,
[2] d. p. kingma, m. welling, “auto-encoding variational bayes,”
arxiv:1312.6114, 2013.
[3] o. ronneberger, p. fischer, t. brox, “u-net: convolutional networks
for biomedical image segmentation,”miccai, 2015.
[4] p. bergmann et al., “mvtec ad – a comprehensive real-world dataset
for unsupervised anomaly detection,”cvpr, 2019.
[5] e. m. bender, t. gebru, a. mcmillan-major, s. shmitchell, “on the
dangers of stochastic parrots: can language models be too big?,”
facct, 2021.",,"{""semana"": 13, ""fecha"": null, ""nombre_archivo"": ""13_SEMANA_AI_2018191805_1.pdf"", ""autor"": ""Alexander Brenes Garita"", ""tema_principal"": ""I. RETROALIMENTACIÓN DELPROYECTO1"", ""secciones"": ""I. RETROALIMENTACIÓN DELPROYECTO1, C. Cambios para Próximos Proyectos, II. AUTOENCODERS: REVISIÓNTÉCNICA, C. Aplicaciones de los Autoencoders, D. Hiperparámetros Clave"", ""chunk_numero"": 18, ""total_chunks"": 18}"
"[pagina 1]
apuntes semana 13 clase 1
fabricio mena mej ´ıa
instituto tecnológico de costa rica
ic-6200 inteligencia artifical
fabriciomena11@estudiantec.cr
abstract—en este presente documento se van a presentar
los apuntes de la clase del 19 de mayo, correspondiente a la
semana 13 del curso de inteligencia artificial, con el profesor
steven pacheco. se va a comenzar con comentarios y aspectos
importantes con respecto al proyecto1, luego como es habitual
con un peque ño repaso de la clase anterior (jueves 7 de mayo)
sobre el tema de la autoencoders y seguidamente se continua
propiamente ya con los apuntes del d ´ıa correspondiente, martes
19 de mayo, sobre la arquitectura de u-net: convolutional
network for biomedical image segmentation.
i. comentarios sobre elproyecto1",,"{""semana"": 13, ""fecha"": ""2026-05-19"", ""nombre_archivo"": ""13_SEMANA_AI_20260519_1.pdf"", ""autor"": ""Fabricio Mena Mejía"", ""tema_principal"": ""I. COMENTARIOS SOBRE ELPROYECTO1"", ""secciones"": ""I. COMENTARIOS SOBRE ELPROYECTO1, II. EVALUACIONES, III. REPASO, C. Latent Space (Cuello de Botella), D. Decoder"", ""chunk_numero"": 1, ""total_chunks"": 25}"
"19 de mayo, sobre la arquitectura de u-net: convolutional
network for biomedical image segmentation.
i. comentarios sobre elproyecto1
la clase inicia con comentarios sobre las revisiones del
proyecto 1, especifica que la r úbrica es muy importante
revisarla para que los estudiantes salgan medianamente bien a
la hora de ser evaluados.
se brindan aspectos a mejorar, principalmente t écnicos, prob-
ablemente son problemas de utilizar ias a la hora de realizar el
proceso de escritura; es consciente de que los programadores
las usan mucho, pero es deber de nosotros el poder revisar,
leer y entender el contenido (hay que doble checkear). hay que
realizar una investigaci ón a profundidad sobre lo que estamos
redactando, y comprenderlo para poder defenderlo o debatirlo",,"{""semana"": 13, ""fecha"": ""2026-05-19"", ""nombre_archivo"": ""13_SEMANA_AI_20260519_1.pdf"", ""autor"": ""Fabricio Mena Mejía"", ""tema_principal"": ""I. COMENTARIOS SOBRE ELPROYECTO1"", ""secciones"": ""I. COMENTARIOS SOBRE ELPROYECTO1, II. EVALUACIONES, III. REPASO, C. Latent Space (Cuello de Botella), D. Decoder"", ""chunk_numero"": 2, ""total_chunks"": 25}"
"realizar una investigaci ón a profundidad sobre lo que estamos
redactando, y comprenderlo para poder defenderlo o debatirlo
con personas que poseen ese conocimiento o explic árselo a las
que no. podemos aprovechar los outputs de la ia para evacuar
dudas. en cuanto al reporte casi todos lo presentaron bien, los
problemas m ás que todo son de estructura y orden, como se
realizan los experimentos, los resultados como se presentan.
no se deben de poner tantas p áginas, con 8 p áginas en las
conferencias est án bien, ya que a partir de esta cantidad se
empieza a cobrar extra, asi que para el proyecto realizar la
sección del estado del arte es muy importante por lo que ahora
es obligatoria para el siguiente proyecto, esta secci ón debe de",,"{""semana"": 13, ""fecha"": ""2026-05-19"", ""nombre_archivo"": ""13_SEMANA_AI_20260519_1.pdf"", ""autor"": ""Fabricio Mena Mejía"", ""tema_principal"": ""I. COMENTARIOS SOBRE ELPROYECTO1"", ""secciones"": ""I. COMENTARIOS SOBRE ELPROYECTO1, II. EVALUACIONES, III. REPASO, C. Latent Space (Cuello de Botella), D. Decoder"", ""chunk_numero"": 3, ""total_chunks"": 25}"
"sección del estado del arte es muy importante por lo que ahora
es obligatoria para el siguiente proyecto, esta secci ón debe de
ser parte del proceso de investigaci ón, hacer las referencias
en los textos es necesario, deben haber citas de p árrafos o
art´ıculos que existan en medio. por ejemplo hay que explicar la
página de w&b, las gr áficas generadas, explicar las funciones
de las herramientas, la utilidad, que significan las gr áficas,
important´ısimos los an álisis de overfitting y underfitting.
ii. evaluaciones
•examen semana 18.
•proyecto 2 se asigna semana 15.
•se subieron las notas actualizadas.
•quedan 3 tareas pendientes, pero por cuestiones de
tiempo se dividen en 1 tarea normal, y una tarea grande
pero que vale por 2.
iii. repaso",,"{""semana"": 13, ""fecha"": ""2026-05-19"", ""nombre_archivo"": ""13_SEMANA_AI_20260519_1.pdf"", ""autor"": ""Fabricio Mena Mejía"", ""tema_principal"": ""I. COMENTARIOS SOBRE ELPROYECTO1"", ""secciones"": ""I. COMENTARIOS SOBRE ELPROYECTO1, II. EVALUACIONES, III. REPASO, C. Latent Space (Cuello de Botella), D. Decoder"", ""chunk_numero"": 4, ""total_chunks"": 25}"
"•quedan 3 tareas pendientes, pero por cuestiones de
tiempo se dividen en 1 tarea normal, y una tarea grande
pero que vale por 2.
iii. repaso
este repaso sintetiza los conceptos m ás relevantes vistos en
la clase anterior relacionados con autoencoders.
a. autoencoders
vamos a tener mecanismos de reconstrucción de datos (para
la pr óxima tarea que tengamos vamos a tener reconstrucci ón
de im ágenes). es no supervisado(unsupervised learning) su
objetivo es reconstruir la entrada original. la estructura del
modelo que vamos a usar para reconstrucci ón de im ágenes es
la siguiente:
fig. 1. arquitectura de autoencoder.
1) encoder: comprime la entrada en un vector latente.
extrae las caracter ´ısticas m ás importantes.
2) espacio latente (cuello de botella): representaci ón com-",,"{""semana"": 13, ""fecha"": ""2026-05-19"", ""nombre_archivo"": ""13_SEMANA_AI_20260519_1.pdf"", ""autor"": ""Fabricio Mena Mejía"", ""tema_principal"": ""I. COMENTARIOS SOBRE ELPROYECTO1"", ""secciones"": ""I. COMENTARIOS SOBRE ELPROYECTO1, II. EVALUACIONES, III. REPASO, C. Latent Space (Cuello de Botella), D. Decoder"", ""chunk_numero"": 5, ""total_chunks"": 25}"
"extrae las caracter ´ısticas m ás importantes.
2) espacio latente (cuello de botella): representaci ón com-
primida de los datos. contiene la informaci ón esencial
3) decoder: reconstruye la entrada a partir del vector
latente.
un autoencoder representa la entrada en un espacio, la
idea es que el dato reconstruido sea lo mas similar a la
entrada. ademas hay que tener encuenta que a pesar de ser no
supervisado, no es cierto que no tenemos etiquetas. formato
de red, convierte la entrada a un vector latente, toma las
caracter´ısticas mas importantes de la imagen para pasarla a
un espacio vectorial, luego se realiza un proceso inverso, y
a partir del vector muy caracter ´ıstico se intenta reconstruir la
entrada.
b. encoder
•pueden verse como un conjunto de convolusiones segui-",,"{""semana"": 13, ""fecha"": ""2026-05-19"", ""nombre_archivo"": ""13_SEMANA_AI_20260519_1.pdf"", ""autor"": ""Fabricio Mena Mejía"", ""tema_principal"": ""I. COMENTARIOS SOBRE ELPROYECTO1"", ""secciones"": ""I. COMENTARIOS SOBRE ELPROYECTO1, II. EVALUACIONES, III. REPASO, C. Latent Space (Cuello de Botella), D. Decoder"", ""chunk_numero"": 6, ""total_chunks"": 25}"
"a partir del vector muy caracter ´ıstico se intenta reconstruir la
entrada.
b. encoder
•pueden verse como un conjunto de convolusiones segui-
dos de modulos de pooling.
[pagina 2]
•se encarga de extraer las caracter ´ısticas principales de la
imagen de entrada y de comprimir su informaci ón.
•con esto se espera aprender la informaci ón m ás impor-
tante de la entrada.
•se realiza downsampling.
es como lo que hemos estado haciendo de cnn pero ahora
con un decoder en lugar de un clasificador.
c. latent space (cuello de botella)
permite representar datos en un espacio reducido.
facilita:
•comparaciones sem ánticas entre datos.
•reducci ón de dimensionalidad.
ejemplo: puntos cercanos en el espacio = datos similares.
el espacio latente es muy importante, as ´ı que hay que ser",,"{""semana"": 13, ""fecha"": ""2026-05-19"", ""nombre_archivo"": ""13_SEMANA_AI_20260519_1.pdf"", ""autor"": ""Fabricio Mena Mejía"", ""tema_principal"": ""I. COMENTARIOS SOBRE ELPROYECTO1"", ""secciones"": ""I. COMENTARIOS SOBRE ELPROYECTO1, II. EVALUACIONES, III. REPASO, C. Latent Space (Cuello de Botella), D. Decoder"", ""chunk_numero"": 7, ""total_chunks"": 25}"
"•reducci ón de dimensionalidad.
ejemplo: puntos cercanos en el espacio = datos similares.
el espacio latente es muy importante, as ´ı que hay que ser
cuidadoso con la alimentaci ón de datos.
lo mas importante es la parte de cuello de botella, si no
están tan bien distribuidos estos datos vamos a tener malas
reconstrucciones.
d. decoder
es el proceso inverso a las convoluciones.
e. reducci ón de dimensionalidad
cuando hay una imagen de alta resoluci ón y se codifica a
un hiperplano, se toman esas caracter ´ısticas y las gr áfica en
un espacio. es importante porque permite hacer el guardado
en una versi ón compacta y hacer comparaciones sem ánticas
para poder saber si dos im ágenes se parecen. si los puntos
naranjas y rojos est án muy cerca significa que pertenecen a",,"{""semana"": 13, ""fecha"": ""2026-05-19"", ""nombre_archivo"": ""13_SEMANA_AI_20260519_1.pdf"", ""autor"": ""Fabricio Mena Mejía"", ""tema_principal"": ""I. COMENTARIOS SOBRE ELPROYECTO1"", ""secciones"": ""I. COMENTARIOS SOBRE ELPROYECTO1, II. EVALUACIONES, III. REPASO, C. Latent Space (Cuello de Botella), D. Decoder"", ""chunk_numero"": 8, ""total_chunks"": 25}"
"para poder saber si dos im ágenes se parecen. si los puntos
naranjas y rojos est án muy cerca significa que pertenecen a
una misma clase. si se realizara este proceso basado en pixeles
meramente ser´ıa demasiado complicado.
fig. 2. pca vs autoencoder.
iv. detecci ´on de anomal ´ias
la idea es que se realiza un entrenamiento para la recon-
strucción de datos de una tarea tomando en cuenta su estado
positivo.
el ejemplo que se hab ´ıa brindado es un sistema de detecci ón
de los voucher de sinpe m óvil, para detectar si es verdadero o
falso, se alimenta con 10 000 muestras un modelo y luego
se pasa a un autoencoder para poder reconstruir de forma
correcta las im ágenes. como solo se aprendi ó al ser entrenado
con la clase correcta, si se le pasa un voucher incorrecto",,"{""semana"": 13, ""fecha"": ""2026-05-19"", ""nombre_archivo"": ""13_SEMANA_AI_20260519_1.pdf"", ""autor"": ""Fabricio Mena Mejía"", ""tema_principal"": ""I. COMENTARIOS SOBRE ELPROYECTO1"", ""secciones"": ""I. COMENTARIOS SOBRE ELPROYECTO1, II. EVALUACIONES, III. REPASO, C. Latent Space (Cuello de Botella), D. Decoder"", ""chunk_numero"": 9, ""total_chunks"": 25}"
"correcta las im ágenes. como solo se aprendi ó al ser entrenado
con la clase correcta, si se le pasa un voucher incorrecto
va a generarse un vector latente err óneo y el proceso de
reconstrucción va a ser de baja calidad. a partir de ah ´ı se
define un umbral para poder detectar cuando un voucher
pertenece a la clase fraudulenta, también si son resultados bien
altos de puede deducir a partir de eso si es correcto.
a. procesamiento de im ágenes
el objetivo es tener un autoencoder que permita remover
ruido de las dem ás im ágenes (salt and pepper por ejemplo),
si lo alimentamos con im ágenes con ruido, vamos a terminar
entrenando un modelo capaz de eliminar ese ruido especifico,
pueden quitar blurs, pasar de blanco y negro a color, etc.",,"{""semana"": 13, ""fecha"": ""2026-05-19"", ""nombre_archivo"": ""13_SEMANA_AI_20260519_1.pdf"", ""autor"": ""Fabricio Mena Mejía"", ""tema_principal"": ""I. COMENTARIOS SOBRE ELPROYECTO1"", ""secciones"": ""I. COMENTARIOS SOBRE ELPROYECTO1, II. EVALUACIONES, III. REPASO, C. Latent Space (Cuello de Botella), D. Decoder"", ""chunk_numero"": 10, ""total_chunks"": 25}"
"entrenando un modelo capaz de eliminar ese ruido especifico,
pueden quitar blurs, pasar de blanco y negro a color, etc.
podemos entrar a la parte de super resolution (podr ´ıa aparecer
en una tarea futura). esto abre muchas posibilidades.
b. hiper par ámetros a considerar
tamaño de la codificaci ón (vector latente).
•decide cuanto se comprimen los datos.
número de capas
•profundidad del encoder y del decoder.
•mayor = modelo complejo.
•menor = modelo r ápido.
mientras m ás grande el vector latente m ás informaci ón de la
imagen original, pero mientras m ás peque ño más comprimida
la informaci ón de la imagen.
a mayor profundidad m ás hiper par ámetros, y por ende m ás
tiempo de entrenamiento.
nosotros tenemos que encontrar el balance entre calidad y
rendimiento.
función de reconstrucci ón",,"{""semana"": 13, ""fecha"": ""2026-05-19"", ""nombre_archivo"": ""13_SEMANA_AI_20260519_1.pdf"", ""autor"": ""Fabricio Mena Mejía"", ""tema_principal"": ""I. COMENTARIOS SOBRE ELPROYECTO1"", ""secciones"": ""I. COMENTARIOS SOBRE ELPROYECTO1, II. EVALUACIONES, III. REPASO, C. Latent Space (Cuello de Botella), D. Decoder"", ""chunk_numero"": 11, ""total_chunks"": 25}"
"tiempo de entrenamiento.
nosotros tenemos que encontrar el balance entre calidad y
rendimiento.
función de reconstrucci ón
•altamente dependiente de la entrada y salida esperada.
•mse: cuantifica la ”distancia” num érica promedio entre
los p´ıxeles (o valores) originales y los reconstruidos. pe-
naliza mucho m ás los errores grandes que los peque ños,
obligando al modelo a ser muy preciso. indica la calidad
de reconstrucci ón de im ágenes.
•binarycrossentropy: se utiliza cuando se trata la salida
del autoencoder como si fuera una distribuci ón de prob-
abilidad.
ventajas del binarycrossentropy:
– tratamiento de p ´ıxeles: si los datos (como
imágenes en escala de grises) tienen valores que
representan una intensidad, se puede interpretar cada",,"{""semana"": 13, ""fecha"": ""2026-05-19"", ""nombre_archivo"": ""13_SEMANA_AI_20260519_1.pdf"", ""autor"": ""Fabricio Mena Mejía"", ""tema_principal"": ""I. COMENTARIOS SOBRE ELPROYECTO1"", ""secciones"": ""I. COMENTARIOS SOBRE ELPROYECTO1, II. EVALUACIONES, III. REPASO, C. Latent Space (Cuello de Botella), D. Decoder"", ""chunk_numero"": 12, ""total_chunks"": 25}"
"– tratamiento de p ´ıxeles: si los datos (como
imágenes en escala de grises) tienen valores que
representan una intensidad, se puede interpretar cada
p´ıxel como una probabilidad de ”presencia” de ese
punto.
– gradientes: el bce suele tener gradientes m ás
”fuertes” cuando el modelo est á muy lejos de la
respuesta correcta. esto puede ayudar a que el mod-
elo aprenda a reconstruir bordes o detalles finos m ás
rápido que con el mse en ciertos tipos de datos.
– convergencia: muchos modelos (especialmente los
variational autoencoders) prefieren bce porque
asumen que los p ´ıxeles siguen una distribuci ón de
bernoulli (ceros y unos), lo cual a veces estabiliza
el entrenamiento si la activaci ón de la última capa es
[pagina 3]
una sigmoide (que tambi én comprime todo al rango",,"{""semana"": 13, ""fecha"": ""2026-05-19"", ""nombre_archivo"": ""13_SEMANA_AI_20260519_1.pdf"", ""autor"": ""Fabricio Mena Mejía"", ""tema_principal"": ""I. COMENTARIOS SOBRE ELPROYECTO1"", ""secciones"": ""I. COMENTARIOS SOBRE ELPROYECTO1, II. EVALUACIONES, III. REPASO, C. Latent Space (Cuello de Botella), D. Decoder"", ""chunk_numero"": 13, ""total_chunks"": 25}"
"el entrenamiento si la activaci ón de la última capa es
[pagina 3]
una sigmoide (que tambi én comprime todo al rango
c. undercomplete autoencoder
es el que se encarga de condensar todo en un vector. toma
una imagen de entrada e intenta predecir la misma imagen
de salida. la dimensi ón del despacio latente es menor que el
espacio de entrada.
fig. 3. uncercomplete autoencoder.
d. sparse autoencoder
este es el modelo dise ñado espec´ıficamente para que, ante
una entrada, solo un conjunto de neuronas est é activo (cercano
a 1) y otra parte est é apagado (cercano a 0).
esto obliga a la red a encontrar las caracter ´ısticas m ás ”esen-
ciales” de los datos, ya que no puede usar todas las neuronas
para memorizar cada detalle. al igual que el cerebro, que",,"{""semana"": 13, ""fecha"": ""2026-05-19"", ""nombre_archivo"": ""13_SEMANA_AI_20260519_1.pdf"", ""autor"": ""Fabricio Mena Mejía"", ""tema_principal"": ""I. COMENTARIOS SOBRE ELPROYECTO1"", ""secciones"": ""I. COMENTARIOS SOBRE ELPROYECTO1, II. EVALUACIONES, III. REPASO, C. Latent Space (Cuello de Botella), D. Decoder"", ""chunk_numero"": 14, ""total_chunks"": 25}"
"ciales” de los datos, ya que no puede usar todas las neuronas
para memorizar cada detalle. al igual que el cerebro, que
no usa todas las neuronas al mismo tiempo, esto fuerza al
modelo a aprender representaciones altamente interpretables y
eficientes.
fig. 4. sparse autoencoder.
e. v ariational autoencoder
los autencoder est ándar aprenden a representar un espacio
latente, el problema es que este no es un espacio continuo, por
lo que es dif´ıcil deinterpolar (estimar valores desconocidos
dentro de un conjunto de datos conocidos).
•problema: valores del vector latente no est án expresados
de forma probabil ´ıstica.
•soluci ón: variational autoencoders.
•resultado: expresa los valores como una distribuci ón de
probabilidad.
si consigo hacer que las caracter ´ısticas se distribuyan en el",,"{""semana"": 13, ""fecha"": ""2026-05-19"", ""nombre_archivo"": ""13_SEMANA_AI_20260519_1.pdf"", ""autor"": ""Fabricio Mena Mejía"", ""tema_principal"": ""I. COMENTARIOS SOBRE ELPROYECTO1"", ""secciones"": ""I. COMENTARIOS SOBRE ELPROYECTO1, II. EVALUACIONES, III. REPASO, C. Latent Space (Cuello de Botella), D. Decoder"", ""chunk_numero"": 15, ""total_chunks"": 25}"
"•resultado: expresa los valores como una distribuci ón de
probabilidad.
si consigo hacer que las caracter ´ısticas se distribuyan en el
espacio latente, puedo cambiar el g énero de una imagen pero
que siga manteniendo su significado.
por ejemplo, en la figura 5 se pudo interpolar el espacio que
fig. 5. espacios entre clases.
hay entre 2 distintas clases(se pudo ver que hay entre ellas).
lo que hacemos con el encoder es que tratamos de obtener
la media y la desviaci ón est ándar para cada una de las clases
que le ingresan al modelo, para que a partir de esa entrada
se puede hacer una parametrizaci ón para poder obtener un
espacio continuo.
para eso usamos 2 funciones una para comparar si la imagen
reconstruida se parece a la original y otra para comparar las
distribuciones obtenidas.",,"{""semana"": 13, ""fecha"": ""2026-05-19"", ""nombre_archivo"": ""13_SEMANA_AI_20260519_1.pdf"", ""autor"": ""Fabricio Mena Mejía"", ""tema_principal"": ""I. COMENTARIOS SOBRE ELPROYECTO1"", ""secciones"": ""I. COMENTARIOS SOBRE ELPROYECTO1, II. EVALUACIONES, III. REPASO, C. Latent Space (Cuello de Botella), D. Decoder"", ""chunk_numero"": 16, ""total_chunks"": 25}"
"para eso usamos 2 funciones una para comparar si la imagen
reconstruida se parece a la original y otra para comparar las
distribuciones obtenidas.
donde los resultados que difieran mas de la normal van a ser
penalizados.
proceso:
•codificador produce 2 vectores para hacer la distribuci ón:
–la representacion deµ.
–la representacion deσestandar.
•reparametrizacion:
–se toman muestras deµyσpara producir el vector
latente.
[pagina 4]
•se toma al vector latente y se alimenta el decoder.
•loss:
–disminuir la suma de bce y kullback-leibler di-
vergence (kld).
a partir de binarycrossentropy se optimiza la funci ón de loss
y la calidad de reconstrucci ón de la imagen.
v. materianueva: u-net
se propuso para hacer segmentaci ón de im ágenes en el",,"{""semana"": 13, ""fecha"": ""2026-05-19"", ""nombre_archivo"": ""13_SEMANA_AI_20260519_1.pdf"", ""autor"": ""Fabricio Mena Mejía"", ""tema_principal"": ""I. COMENTARIOS SOBRE ELPROYECTO1"", ""secciones"": ""I. COMENTARIOS SOBRE ELPROYECTO1, II. EVALUACIONES, III. REPASO, C. Latent Space (Cuello de Botella), D. Decoder"", ""chunk_numero"": 17, ""total_chunks"": 25}"
"y la calidad de reconstrucci ón de la imagen.
v. materianueva: u-net
se propuso para hacer segmentaci ón de im ágenes en el
dominio biom édico, deb ´ıa de hacer m áscaras de imagenes
para detectar c élulas; lo m ás importante es la arquitectura
propuesta.
tengo encoder y decoder como la arquitectura m ás vainilla:
fig. 6. arquitectura de u-net.
el upsampling que se aplica es de 512 pero dice 1024, pero
ese proceso que se usa es el de hacer un skip-connection,
hacemos el mismo proceso de atoencoding, pero por cada
capa se tiene un skip-connection a cada capa que se tenia
del encoder, esto permite preservar la informaci ón original.
en u-net se producen las distintas mascaras para poder analizar
la informaci ón que se desea de la imagen. lo interesante de",,"{""semana"": 13, ""fecha"": ""2026-05-19"", ""nombre_archivo"": ""13_SEMANA_AI_20260519_1.pdf"", ""autor"": ""Fabricio Mena Mejía"", ""tema_principal"": ""I. COMENTARIOS SOBRE ELPROYECTO1"", ""secciones"": ""I. COMENTARIOS SOBRE ELPROYECTO1, II. EVALUACIONES, III. REPASO, C. Latent Space (Cuello de Botella), D. Decoder"", ""chunk_numero"": 18, ""total_chunks"": 25}"
"en u-net se producen las distintas mascaras para poder analizar
la informaci ón que se desea de la imagen. lo interesante de
esta arquitectura es que hace uso de skip-connections para
preservar mayor fidelidad.
la diferencia entre skip-connections y u-net es que en el
primero se hace una sumatorio y en el segundo se hace una
concatenación.
a. skip connections
sugiere que la salida de una capa anterior alimente la salida
de una capa como la entrada de las siguientes capas.
resuelve el problema de degradaci ón.
vi. tarea3
se anuncia tarea 3 en grupos. vamos a empezar con los
primeros pasos con ia generativa, vamos a comenzar con
autoencoders para generar im ágenes, no es tan pesada as ´ı
que se puede usar collab ya que es con fines acad émicos,",,"{""semana"": 13, ""fecha"": ""2026-05-19"", ""nombre_archivo"": ""13_SEMANA_AI_20260519_1.pdf"", ""autor"": ""Fabricio Mena Mejía"", ""tema_principal"": ""I. COMENTARIOS SOBRE ELPROYECTO1"", ""secciones"": ""I. COMENTARIOS SOBRE ELPROYECTO1, II. EVALUACIONES, III. REPASO, C. Latent Space (Cuello de Botella), D. Decoder"", ""chunk_numero"": 19, ""total_chunks"": 25}"
"autoencoders para generar im ágenes, no es tan pesada as ´ı
que se puede usar collab ya que es con fines acad émicos,
son arquitecturas peque ñas, pero vamos a comenzar a usar
herramientas del framework de desarrollo de modelos de ia.
fig. 7. skip connections.
1) la idea es darle m ás uso a pytorch lightning, que
es como un pytorch con esteroides. tiene much ´ısima
personalización, se puede agregar fallbacks, bit ácoras,
etc. hay que darse tiempo para explorar la herramienta.
hydra se puede dibujar como un sistema de anotaciones,
para poder mapear de forma m ás ordenada las configu-
raciones de entrenamiento, con esta herramienta ya no
están hardcodeados, ahora se pueden escribir en .yamls
y luego se cargan. vamos a seguir con el uso de w&b,
pero hay que registrar m ás cosas ahora.",,"{""semana"": 13, ""fecha"": ""2026-05-19"", ""nombre_archivo"": ""13_SEMANA_AI_20260519_1.pdf"", ""autor"": ""Fabricio Mena Mejía"", ""tema_principal"": ""I. COMENTARIOS SOBRE ELPROYECTO1"", ""secciones"": ""I. COMENTARIOS SOBRE ELPROYECTO1, II. EVALUACIONES, III. REPASO, C. Latent Space (Cuello de Botella), D. Decoder"", ""chunk_numero"": 20, ""total_chunks"": 25}"
"están hardcodeados, ahora se pueden escribir en .yamls
y luego se cargan. vamos a seguir con el uso de w&b,
pero hay que registrar m ás cosas ahora.
2) el dataset que vamos a usar tiene un conjunto sano y otro
de fallos, y lo que tratamos es a partir de reconocimiento
de im ágenes es un proceso de detecci ón de anomal ´ıas,
las que tienen defectos tienen funciones de perdida m ás
altas y un vector latente m ás alejado de lo esperado.
vamos a usar solo 4 clases esta vez para reducir el
tiempo de entrenamiento.
para configuraciones el estudiante debe de usar hydra.
se puede aumentar la estructura de los entrenamientos,
se espera que no sea igual a la configuraci ón de ejemplo
si no que se investigue mas.
los módulos deber´ıan de tener la informaci ón especifica",,"{""semana"": 13, ""fecha"": ""2026-05-19"", ""nombre_archivo"": ""13_SEMANA_AI_20260519_1.pdf"", ""autor"": ""Fabricio Mena Mejía"", ""tema_principal"": ""I. COMENTARIOS SOBRE ELPROYECTO1"", ""secciones"": ""I. COMENTARIOS SOBRE ELPROYECTO1, II. EVALUACIONES, III. REPASO, C. Latent Space (Cuello de Botella), D. Decoder"", ""chunk_numero"": 21, ""total_chunks"": 25}"
"se espera que no sea igual a la configuraci ón de ejemplo
si no que se investigue mas.
los módulos deber´ıan de tener la informaci ón especifica
de cada entrenamiento, nada de esto debe de ir en el
código.
vamos a hacer 8 entrenamientos usando l1 y l2, y aun
no hemos visto ssim y ssim+l1.
w&b vamos a usarlo como si fuera la bd de verdad.
en el set de validaci ón vamos a tener im ágenes sanas,
as´ı que lo que vamos a ver es que nuestro modelo genera
imágenes que tienen mayor sentido y van evolucionando
con el tiempo, a partir de los ploteos podemos ir viendo
como va mejorando o empeorando el vector latente,
podemos agregar colores para representar mejor.
3) se espera que para im ágenes buenas se tenga una buena
reconstrucción y que para las im ágenes defectuosas se",,"{""semana"": 13, ""fecha"": ""2026-05-19"", ""nombre_archivo"": ""13_SEMANA_AI_20260519_1.pdf"", ""autor"": ""Fabricio Mena Mejía"", ""tema_principal"": ""I. COMENTARIOS SOBRE ELPROYECTO1"", ""secciones"": ""I. COMENTARIOS SOBRE ELPROYECTO1, II. EVALUACIONES, III. REPASO, C. Latent Space (Cuello de Botella), D. Decoder"", ""chunk_numero"": 22, ""total_chunks"": 25}"
"3) se espera que para im ágenes buenas se tenga una buena
reconstrucción y que para las im ágenes defectuosas se
obtenga un mayor error y una representaci ón latente
diferente.
4) todo el entregable presente en el notebook, no se usa
latex para que sea mas ligera la tarea. histogramas de
reconstrucción de imágenes. debe de ir el paso a paso en
el notebook, todas las im ágenes deben de ser producidas
por w&b, si se usa matplotlib, pone 0 el profe.
nota:hay algunas clases que son defectuosas pero parece
[pagina 5]
que se est án confundiendo con las buenas, hay clases muy
cercanas. lo importante es que nosotros podamos ser el
discriminador al observar este comportamiento y poder op-
timizarlo para que se produzca el mejor modelo.
a. preguntas",,"{""semana"": 13, ""fecha"": ""2026-05-19"", ""nombre_archivo"": ""13_SEMANA_AI_20260519_1.pdf"", ""autor"": ""Fabricio Mena Mejía"", ""tema_principal"": ""I. COMENTARIOS SOBRE ELPROYECTO1"", ""secciones"": ""I. COMENTARIOS SOBRE ELPROYECTO1, II. EVALUACIONES, III. REPASO, C. Latent Space (Cuello de Botella), D. Decoder"", ""chunk_numero"": 23, ""total_chunks"": 25}"
"discriminador al observar este comportamiento y poder op-
timizarlo para que se produzca el mejor modelo.
a. preguntas
no hace falta ponerse a investigar trabajos previos, lo
importante es aprender a usar las herramientas.
nosotros decidimos si cambiamos los grupos.
aviso: hay 2 lecturas en el tecdigital que las
vamos a ocupar para la pr óxima semana find-
ing universal grammatical relations in multilingual bert
y on the dangers of stochastic parrots. en las próximas
clases vamos a hacer una pausa con la reconstrucci ón de
imágenes y vamos a pasar con lo de lenguaje natural que
es lo que se esta usando hoy en d ´ıa
la primera trata sobre c ómo y qu é aprende mbert
(multilingual bert) sobre la estructura gramatical de los
diferentes idiomas sin haber sido ense ñado expl ´ıcitamente",,"{""semana"": 13, ""fecha"": ""2026-05-19"", ""nombre_archivo"": ""13_SEMANA_AI_20260519_1.pdf"", ""autor"": ""Fabricio Mena Mejía"", ""tema_principal"": ""I. COMENTARIOS SOBRE ELPROYECTO1"", ""secciones"": ""I. COMENTARIOS SOBRE ELPROYECTO1, II. EVALUACIONES, III. REPASO, C. Latent Space (Cuello de Botella), D. Decoder"", ""chunk_numero"": 24, ""total_chunks"": 25}"
"(multilingual bert) sobre la estructura gramatical de los
diferentes idiomas sin haber sido ense ñado expl ´ıcitamente
para ello.
la segunda es una cr ´ıtica a los modelos de lenguaje, son
unas loras que repiten y repiten.
próximo martes quiz puede venir informaci ón de los
papers.",,"{""semana"": 13, ""fecha"": ""2026-05-19"", ""nombre_archivo"": ""13_SEMANA_AI_20260519_1.pdf"", ""autor"": ""Fabricio Mena Mejía"", ""tema_principal"": ""I. COMENTARIOS SOBRE ELPROYECTO1"", ""secciones"": ""I. COMENTARIOS SOBRE ELPROYECTO1, II. EVALUACIONES, III. REPASO, C. Latent Space (Cuello de Botella), D. Decoder"", ""chunk_numero"": 25, ""total_chunks"": 25}"
"[pagina 1]
apuntes semana 13
apuntes del 21 de mayo de 2026
steven sequeira araya - 2022080836
inteligencia artificial
stsequeira@estudiantec.cr
resumen—este documento resume los contenidos clave de la
sesión de clase enfocados en el funcionamiento de los modelos
de lenguaje grandes (llms). se repasan de forma sencilla
los procesos de tokenizaci ón, el mapeo conceptual en espacios
vectoriales y las m étricas matem áticas para calcular la similitud
semántica. finalmente, se detalla el flujo de la arquitectura rag
(generación aumentada por recuperaci ón) como soluci ón de
ingenier´ıa ante las alucinaciones y el conocimiento est ático de los
modelos actuales.
index terms—modelos de lenguaje grandes (llm), toke-
nización, espacio vectorial, similitud del coseno, generaci ón",,"{""semana"": 13, ""fecha"": ""2026-05-21"", ""nombre_archivo"": ""13_SEMANA_AI_20260521_1.pdf"", ""autor"": ""Steven Sequeira Araya"", ""tema_principal"": ""I. DUDAS"", ""secciones"": ""I. DUDAS, II. NOTICIAS DE LA SEMANA, III. FUNDAMENTOS DE LOS MODELOS DE, IV. EL PROCESO DE TOKENIZACI ´ON, V. EMBEDDINGS Y CAPACIDADES DE LOS LLMS"", ""chunk_numero"": 1, ""total_chunks"": 25}"
"modelos actuales.
index terms—modelos de lenguaje grandes (llm), toke-
nización, espacio vectorial, similitud del coseno, generaci ón
aumentada por recuperaci ón (rag).
i. dudas
i-a. consultas sobre la tarea #3
durante el espacio de aclaraci ón de dudas para la tarea #3,
se resolvieron dos aspectos fundamentales de implementaci ón:
arquitectura del autoencoder:se valid ó como correcta
la adaptaci ón en la cual los estudiantes mantuvieron
el espacio latente original, a pesar de que el modelo
de referencia utilizaba una arquitectura basada en un
perceptrón tradicional.
limitaciones de hydra en jupyter notebooks:se re-
portó que los decoradores de la librer ´ıahydrapresentan
fallas de compatibilidad dentro de entornos interactivos
de jupyter. como soluci ón óptima y preparaci ón hacia el",,"{""semana"": 13, ""fecha"": ""2026-05-21"", ""nombre_archivo"": ""13_SEMANA_AI_20260521_1.pdf"", ""autor"": ""Steven Sequeira Araya"", ""tema_principal"": ""I. DUDAS"", ""secciones"": ""I. DUDAS, II. NOTICIAS DE LA SEMANA, III. FUNDAMENTOS DE LOS MODELOS DE, IV. EL PROCESO DE TOKENIZACI ´ON, V. EMBEDDINGS Y CAPACIDADES DE LOS LLMS"", ""chunk_numero"": 2, ""total_chunks"": 25}"
"fallas de compatibilidad dentro de entornos interactivos
de jupyter. como soluci ón óptima y preparaci ón hacia el
proyecto #2, el profe recomend ó modularizar todos los
componentes yscriptsde pytorch directamente en ar-
chivos con extensión.py(donde los decoradores operan
correctamente) para posteriormente invocar y registrar la
ejecución desde elnotebook.
ii. noticias de la semana
ii-1. google i/o 2026:el evento central estuvo marcado
por un cambio de paradigma expuesto por sundar pichai: la
transición global desde los asistentes convencionales hacia una
era de agentes de iacapaces de ejecutar trabajo aut ónomo
por el usuario. los anuncios principales incluyeron:
gemini 3.5 y 3.5 flash:nuevas iteraciones enfocadas
cr´ıticamente en la optimizaci ón de tiempos de respuesta",,"{""semana"": 13, ""fecha"": ""2026-05-21"", ""nombre_archivo"": ""13_SEMANA_AI_20260521_1.pdf"", ""autor"": ""Steven Sequeira Araya"", ""tema_principal"": ""I. DUDAS"", ""secciones"": ""I. DUDAS, II. NOTICIAS DE LA SEMANA, III. FUNDAMENTOS DE LOS MODELOS DE, IV. EL PROCESO DE TOKENIZACI ´ON, V. EMBEDDINGS Y CAPACIDADES DE LOS LLMS"", ""chunk_numero"": 3, ""total_chunks"": 25}"
"gemini 3.5 y 3.5 flash:nuevas iteraciones enfocadas
cr´ıticamente en la optimizaci ón de tiempos de respuesta
y velocidad de ejecuci ón de tareas complejas.
gemini omni y ai search:introducci ón de capaci-
dades multimodales nativas para la creaci ón y edici ón
simultánea de texto, imagen y video, junto con una evo-
lución conversacional profunda en el motor de b úsqueda.
gemini spark y ecosistema:lanzamiento de un asis-
tente orientado a la organizaci ón y automatizaci ón de
acciones, logrando una integraci ón vertical más profunda
en android, chrome, youtube y google workspace.
hardware y realidad extendida:impulso estrat égico
junto a socios comerciales para el desarrollo de android
xr y gafas inteligentes de pr óxima generaci ón.
ii-2. incidentes de ciberseguridad y plataformas:",,"{""semana"": 13, ""fecha"": ""2026-05-21"", ""nombre_archivo"": ""13_SEMANA_AI_20260521_1.pdf"", ""autor"": ""Steven Sequeira Araya"", ""tema_principal"": ""I. DUDAS"", ""secciones"": ""I. DUDAS, II. NOTICIAS DE LA SEMANA, III. FUNDAMENTOS DE LOS MODELOS DE, IV. EL PROCESO DE TOKENIZACI ´ON, V. EMBEDDINGS Y CAPACIDADES DE LOS LLMS"", ""chunk_numero"": 4, ""total_chunks"": 25}"
"xr y gafas inteligentes de pr óxima generaci ón.
ii-2. incidentes de ciberseguridad y plataformas:
claude (anthropic):se discuti ó el reporte cr ´ıtico de
un incidente en el cual la plataforma elimin ó de forma
masiva y sin el consentimiento expl ´ıcito la totalidad de
los datos estructurados de una organizaci ón.
vulnerabilidad en github:se detect ó una campa ña
il´ıcita a gran escala en la que atacantes lograron compro-
meter miles de repositorios privados. el vector de ataque
consistió en la explotaci ón de una extensi ón maliciosa
que escaneó y extrajo información sensible de los códigos
fuente.
iii. fundamentos de los modelos de
lenguaje (llm)
los modelos de lenguaje grandes (llm) son la base de la
inteligencia artificial moderna. se usan tanto porque son muy",,"{""semana"": 13, ""fecha"": ""2026-05-21"", ""nombre_archivo"": ""13_SEMANA_AI_20260521_1.pdf"", ""autor"": ""Steven Sequeira Araya"", ""tema_principal"": ""I. DUDAS"", ""secciones"": ""I. DUDAS, II. NOTICIAS DE LA SEMANA, III. FUNDAMENTOS DE LOS MODELOS DE, IV. EL PROCESO DE TOKENIZACI ´ON, V. EMBEDDINGS Y CAPACIDADES DE LOS LLMS"", ""chunk_numero"": 5, ""total_chunks"": 25}"
"lenguaje (llm)
los modelos de lenguaje grandes (llm) son la base de la
inteligencia artificial moderna. se usan tanto porque son muy
versátiles: no solo entienden y generan texto, sino que tambi én
pueden trabajar con c ódigo de programaci ón, im ágenes y
audio. su gran ventaja es que organizan la informaci ón de
una forma muy parecida a como lo hacemos los humanos, lo
que permite automatizar tareas dif ´ıciles y resolver problemas
en muchas industrias.
iii-a. ¿c ómo funciona un modelo de ia por dentro?
para entender c ómo procesan la informaci ón estos modelos,
hay que ver c ómo es una red neuronal desde adentro. el
camino que siguen los datos y c ómo se transforman se puede
resumir en los cuatro elementos b ásicos que se muestran en
el cuadro i.",,"{""semana"": 13, ""fecha"": ""2026-05-21"", ""nombre_archivo"": ""13_SEMANA_AI_20260521_1.pdf"", ""autor"": ""Steven Sequeira Araya"", ""tema_principal"": ""I. DUDAS"", ""secciones"": ""I. DUDAS, II. NOTICIAS DE LA SEMANA, III. FUNDAMENTOS DE LOS MODELOS DE, IV. EL PROCESO DE TOKENIZACI ´ON, V. EMBEDDINGS Y CAPACIDADES DE LOS LLMS"", ""chunk_numero"": 6, ""total_chunks"": 25}"
"camino que siguen los datos y c ómo se transforman se puede
resumir en los cuatro elementos b ásicos que se muestran en
el cuadro i.
como se ve en la fig. 1, estos componentes se conectan
uno tras otro en diferentes capas, logrando que la informaci ón
viaje hacia adelante hasta dar la respuesta final.
iv. el proceso de tokenizaci ´on
para que un modelo de ia pueda procesar texto, primero
debe traducir cada palabra, signo o s ´ımbolo a n úmeros que
la computadora s ´ı pueda entender. este paso se conoce como
tokenización.
[pagina 2]
tabla i
componentesb ´asicos de unaredneuronal
componente explicaci ón simple
inputs(entradas) los datos iniciales que recibe el modelo (ej. veloci-
dad, tipo de terreno, experiencia).
weights(pesos) n úmeros que definen qué tan importante es cada dato",,"{""semana"": 13, ""fecha"": ""2026-05-21"", ""nombre_archivo"": ""13_SEMANA_AI_20260521_1.pdf"", ""autor"": ""Steven Sequeira Araya"", ""tema_principal"": ""I. DUDAS"", ""secciones"": ""I. DUDAS, II. NOTICIAS DE LA SEMANA, III. FUNDAMENTOS DE LOS MODELOS DE, IV. EL PROCESO DE TOKENIZACI ´ON, V. EMBEDDINGS Y CAPACIDADES DE LOS LLMS"", ""chunk_numero"": 7, ""total_chunks"": 25}"
"dad, tipo de terreno, experiencia).
weights(pesos) n úmeros que definen qué tan importante es cada dato
de entrada para el resultado final.
hidden nodeslas neuronas ocultas que suman las entradas, aplican
un filtro matem ático y descubren patrones.
output(salida) el resultado final o la predicci ón que hace la red (ej.
si va a chocar o no).
figura 1. esquema de una red neuronal y c ómo se conectan sus partes.
iv-a. ¿qu é es la tokenizaci ón?
la tokenizaci ón es una t écnica que divide el texto original
en unidades m´ınimas llamadastokens(que pueden ser palabras
completas, pedazos de palabras o letras individuales). a cada
uno de estos tokens se le asigna un n úmero de identificaci ón
único dentro del vocabulario del modelo.
por ejemplo, una frase como”los llm aprenden patrones”",,"{""semana"": 13, ""fecha"": ""2026-05-21"", ""nombre_archivo"": ""13_SEMANA_AI_20260521_1.pdf"", ""autor"": ""Steven Sequeira Araya"", ""tema_principal"": ""I. DUDAS"", ""secciones"": ""I. DUDAS, II. NOTICIAS DE LA SEMANA, III. FUNDAMENTOS DE LOS MODELOS DE, IV. EL PROCESO DE TOKENIZACI ´ON, V. EMBEDDINGS Y CAPACIDADES DE LOS LLMS"", ""chunk_numero"": 8, ""total_chunks"": 25}"
"único dentro del vocabulario del modelo.
por ejemplo, una frase como”los llm aprenden patrones”
se convierte en una lista de n úmeros como[105, 2124,
893, 5749]. en este proceso, el modelo suele pasar todo a
minúsculas para estandarizar las palabras y facilitar el mapeo
matemático (ver el cuadro ii).
tabla ii
ejemplosimplificado detokenizaci ´on
token (palabra) id num érico
los 105
llm 2124
aprenden 893
patrones 5749
iv-b. tipos de tokenizaci ón
dependiendo de c ómo el modelo corte el texto, existen
diferentes estrategias. las m ás comunes y sus ventajas se
resumen en el cuadro iii.
iv-c. el reto del significado: el espacio vectorial
convertir las palabras en n úmeros de identificaci ón (ids)
tiene un gran problema: esos n úmeros son asignados al azar",,"{""semana"": 13, ""fecha"": ""2026-05-21"", ""nombre_archivo"": ""13_SEMANA_AI_20260521_1.pdf"", ""autor"": ""Steven Sequeira Araya"", ""tema_principal"": ""I. DUDAS"", ""secciones"": ""I. DUDAS, II. NOTICIAS DE LA SEMANA, III. FUNDAMENTOS DE LOS MODELOS DE, IV. EL PROCESO DE TOKENIZACI ´ON, V. EMBEDDINGS Y CAPACIDADES DE LOS LLMS"", ""chunk_numero"": 9, ""total_chunks"": 25}"
"convertir las palabras en n úmeros de identificaci ón (ids)
tiene un gran problema: esos n úmeros son asignados al azar
y no significan nada por s ´ı solos. el modelo no puede saber
tabla iii
tiposcomunes detokenizaci ´on y susventajas
enfoque ventaja
palabramuy simple de aplicar, pero genera listas de
vocabulario gigantescas.
caráctercorta letra por letra. evita el problema de en-
contrarse con palabras desconocidas.
subpalabracorta las palabras en ra ´ıces (ej. aprend + iendo).
es el est ándar actual porque ahorra espacio y
entiende el contexto.
byte-leveltrabaja con c ódigo utf-8. soporta cualquier
tipo de s ´ımbolo, idioma o emoji.
espacio en blancosepara los textos bas ándose solo en los espacios.
es la opci ón m ás r ápida para tareas b ásicas.",,"{""semana"": 13, ""fecha"": ""2026-05-21"", ""nombre_archivo"": ""13_SEMANA_AI_20260521_1.pdf"", ""autor"": ""Steven Sequeira Araya"", ""tema_principal"": ""I. DUDAS"", ""secciones"": ""I. DUDAS, II. NOTICIAS DE LA SEMANA, III. FUNDAMENTOS DE LOS MODELOS DE, IV. EL PROCESO DE TOKENIZACI ´ON, V. EMBEDDINGS Y CAPACIDADES DE LOS LLMS"", ""chunk_numero"": 10, ""total_chunks"": 25}"
"espacio en blancosepara los textos bas ándose solo en los espacios.
es la opci ón m ás r ápida para tareas b ásicas.
que “perro” y “cachorro” est án relacionados solo viendo sus
ids num éricos.
para resolver esto y hacer que la ia entienda el significado
real y el contexto de las palabras, los modelos avanzados
organizan los tokens conect ándolos de dos formas:
relaciones sem ánticas (concepto):relacionan pala-
bras que comparten una l ógica en el mundo real, como
pa´ıses con sus capitales (grecia - atenas) o roles de
género (hermano - hermana).
relaciones sint ácticas (gram ática):relacionan pala-
bras por c ómo se escriben o su regla gramatical, como
pasar un verbo al pasado (caminar - camin é) o convertir
una palabra a plural.
iv-d. mapeo en un plano de dos dimensiones (2d)",,"{""semana"": 13, ""fecha"": ""2026-05-21"", ""nombre_archivo"": ""13_SEMANA_AI_20260521_1.pdf"", ""autor"": ""Steven Sequeira Araya"", ""tema_principal"": ""I. DUDAS"", ""secciones"": ""I. DUDAS, II. NOTICIAS DE LA SEMANA, III. FUNDAMENTOS DE LOS MODELOS DE, IV. EL PROCESO DE TOKENIZACI ´ON, V. EMBEDDINGS Y CAPACIDADES DE LOS LLMS"", ""chunk_numero"": 11, ""total_chunks"": 25}"
"pasar un verbo al pasado (caminar - camin é) o convertir
una palabra a plural.
iv-d. mapeo en un plano de dos dimensiones (2d)
para que la ia pueda calcular estas relaciones, coloca
cada token dentro de un mapa matem ático llamadoespacio
vectorial. en este mapa, cada palabra recibe coordenadas
basadas en sus caracter ´ısticas (dimensiones).
en un ejemplo simple de dos dimensiones (como se ve en
la fig. 2), podemos definir dos ejes conceptuales:
1.eje de g énero (vertical):donde el valor1es femenino
y−1es masculino.
2.eje de realeza (horizontal):donde1significa que
pertenece a la monarqu ´ıa y0es un ciudadano com ún.
gracias a estas coordenadas, las palabras con significados
parecidos quedan agrupadas de forma autom ática en el mapa:",,"{""semana"": 13, ""fecha"": ""2026-05-21"", ""nombre_archivo"": ""13_SEMANA_AI_20260521_1.pdf"", ""autor"": ""Steven Sequeira Araya"", ""tema_principal"": ""I. DUDAS"", ""secciones"": ""I. DUDAS, II. NOTICIAS DE LA SEMANA, III. FUNDAMENTOS DE LOS MODELOS DE, IV. EL PROCESO DE TOKENIZACI ´ON, V. EMBEDDINGS Y CAPACIDADES DE LOS LLMS"", ""chunk_numero"": 12, ""total_chunks"": 25}"
"gracias a estas coordenadas, las palabras con significados
parecidos quedan agrupadas de forma autom ática en el mapa:
“mujer” recibe las coordenadas(0,1)y “reina” las coordena-
das(1,1), compartiendo cercan ´ıa en el eje de g énero. al estar
en un plano matem ático, la ia puede usar f órmulas simples
para restar y sumar conceptos, como por ejemplo:
rey−hombre+mujer=reina (1)
iv-e. espacio tridimensional (3d) y alta dimensionalidad
si llevamos el mapa matem ático un paso m ás all á, los
modelos de ia expanden este plano hacia unespacio en 3d
(y en la pr áctica, a cientos de dimensiones) para entender
relaciones mucho m ás detalladas:
más caracter ´ısticas conceptuales:al a ñadir un tercer
eje como laedad, junto a los deg éneroyrealeza, el
[pagina 3]",,"{""semana"": 13, ""fecha"": ""2026-05-21"", ""nombre_archivo"": ""13_SEMANA_AI_20260521_1.pdf"", ""autor"": ""Steven Sequeira Araya"", ""tema_principal"": ""I. DUDAS"", ""secciones"": ""I. DUDAS, II. NOTICIAS DE LA SEMANA, III. FUNDAMENTOS DE LOS MODELOS DE, IV. EL PROCESO DE TOKENIZACI ´ON, V. EMBEDDINGS Y CAPACIDADES DE LOS LLMS"", ""chunk_numero"": 13, ""total_chunks"": 25}"
"más caracter ´ısticas conceptuales:al a ñadir un tercer
eje como laedad, junto a los deg éneroyrealeza, el
[pagina 3]
figura 2. distribuci ón de palabras en un plano matem ático de dos dimensio-
nes seg ún sus caracter ´ısticas.
modelo puede notar diferencias generacionales dentro de
una misma idea.
grupos ordenados en 3d:esto permite separar palabras
con gran precisi ón. por ejemplo, “reina” y “princesa”
comparten las mismas caracter´ısticas en género y realeza,
pero se separan en el eje vertical por su edad. lo mismo
pasa con “hombre/ni ño” o “rey/pr ´ıncipe”.
modelos reales:en los llms reales, este espacio no
tiene solo 2 o 3 dimensiones, sino cientos o miles (alta
dimensionalidad) para mapear todo el lenguaje humano.",,"{""semana"": 13, ""fecha"": ""2026-05-21"", ""nombre_archivo"": ""13_SEMANA_AI_20260521_1.pdf"", ""autor"": ""Steven Sequeira Araya"", ""tema_principal"": ""I. DUDAS"", ""secciones"": ""I. DUDAS, II. NOTICIAS DE LA SEMANA, III. FUNDAMENTOS DE LOS MODELOS DE, IV. EL PROCESO DE TOKENIZACI ´ON, V. EMBEDDINGS Y CAPACIDADES DE LOS LLMS"", ""chunk_numero"": 14, ""total_chunks"": 25}"
"tiene solo 2 o 3 dimensiones, sino cientos o miles (alta
dimensionalidad) para mapear todo el lenguaje humano.
figura 3. representaci ón conceptual de tokens distribuidos en un espacio de
caracter´ısticas de tres dimensiones (3d).
iv-f. similaridad entre vectores
al tener las palabras representadas como coordenadas en
un mapa, el sistema puede usar matem ática para calcular qu é
tan parecidas son. la regla es simple:vectores cercanos sig-
nifican palabras con significados parecidos(como “casa” y
“hogar”), mientras quevectores lejanos significan conceptos
diferentes.
para medir num éricamente esta cercan ´ıa en el mapa, se
usan principalmente dos f órmulas matem áticas descritas en el
cuadro iv.
tabla iv
m ´etricas paramedirsimilaridad entrevectores
métrica ¿c ómo funciona de forma simple?",,"{""semana"": 13, ""fecha"": ""2026-05-21"", ""nombre_archivo"": ""13_SEMANA_AI_20260521_1.pdf"", ""autor"": ""Steven Sequeira Araya"", ""tema_principal"": ""I. DUDAS"", ""secciones"": ""I. DUDAS, II. NOTICIAS DE LA SEMANA, III. FUNDAMENTOS DE LOS MODELOS DE, IV. EL PROCESO DE TOKENIZACI ´ON, V. EMBEDDINGS Y CAPACIDADES DE LOS LLMS"", ""chunk_numero"": 15, ""total_chunks"": 25}"
"cuadro iv.
tabla iv
m ´etricas paramedirsimilaridad entrevectores
métrica ¿c ómo funciona de forma simple?
distancia euclidianamide la separaci ón en l ´ınea recta entre dos
puntos. calcula qu é tan lejos est á un t érmino
del otro.
similitud del cosenoeval úa el ángulo que se forma entre los dos
vectores. es la m ás usada porque prioriza la di-
rección (el significado) sobre el largo del vector.
las fórmulas matemáticas exactas que utiliza el sistema para
estos c álculos son las siguientes:
distancia euclidiana:d(a,b) =
(ai −b i)2 (2)
similitud del coseno: sim(a,b) = a·b
∥a∥∥b∥ (3)
cuando el ángulo en la similitud del coseno es más pequeño,
significa que los dos t érminos comparten un contexto casi
idéntico en el modelo de lenguaje.
v. embeddings y capacidades de los llms",,"{""semana"": 13, ""fecha"": ""2026-05-21"", ""nombre_archivo"": ""13_SEMANA_AI_20260521_1.pdf"", ""autor"": ""Steven Sequeira Araya"", ""tema_principal"": ""I. DUDAS"", ""secciones"": ""I. DUDAS, II. NOTICIAS DE LA SEMANA, III. FUNDAMENTOS DE LOS MODELOS DE, IV. EL PROCESO DE TOKENIZACI ´ON, V. EMBEDDINGS Y CAPACIDADES DE LOS LLMS"", ""chunk_numero"": 16, ""total_chunks"": 25}"
"significa que los dos t érminos comparten un contexto casi
idéntico en el modelo de lenguaje.
v. embeddings y capacidades de los llms
v-a. ¿qu é son los embeddings?
losembeddingsson listas de n úmeros (vectores) que
representan el significado real de una palabra, un pedazo
de palabra o una frase completa dentro de un mapa de alta
dimensión.
a diferencia de los ids de tokenizaci ón simples, un em-
bedding captura el significado profundo y el contexto de las
palabras. el flujo para crearlos y usarlos sigue tres pasos
básicos:
1.tokenizaci ón:el texto se corta en unidades m ´ınimas
(tokens).
2.mapeo vectorial:cada token se convierte en su vector
continuo (embedding) dentro del mapa matem ático.
3.operaci ón y comparaci ón:los vectores se operan",,"{""semana"": 13, ""fecha"": ""2026-05-21"", ""nombre_archivo"": ""13_SEMANA_AI_20260521_1.pdf"", ""autor"": ""Steven Sequeira Araya"", ""tema_principal"": ""I. DUDAS"", ""secciones"": ""I. DUDAS, II. NOTICIAS DE LA SEMANA, III. FUNDAMENTOS DE LOS MODELOS DE, IV. EL PROCESO DE TOKENIZACI ´ON, V. EMBEDDINGS Y CAPACIDADES DE LOS LLMS"", ""chunk_numero"": 17, ""total_chunks"": 25}"
"continuo (embedding) dentro del mapa matem ático.
3.operaci ón y comparaci ón:los vectores se operan
matemáticamente (sumas o restas) y se mide su similitud
para entender c ómo se relacionan las ideas.
v-a1. embeddings de frases (sentence embeddings):
cuando los modelos analizan oraciones completas en lugar
de palabras sueltas, se generan embeddings de frases. su gran
ventaja es que capturan la idea global y la intenci ón completa
de un texto, permitiendo comparar significados e identificar
intenciones similares aunque se usen palabras totalmente dis-
tintas.
[pagina 4]
v-b. capacidades emergentes
gracias a que son entrenados con bloques gigantescos de
datos y usan la arquitectura detransformers, los llms
desarrollancapacidades emergentes. estas son habilidades",,"{""semana"": 13, ""fecha"": ""2026-05-21"", ""nombre_archivo"": ""13_SEMANA_AI_20260521_1.pdf"", ""autor"": ""Steven Sequeira Araya"", ""tema_principal"": ""I. DUDAS"", ""secciones"": ""I. DUDAS, II. NOTICIAS DE LA SEMANA, III. FUNDAMENTOS DE LOS MODELOS DE, IV. EL PROCESO DE TOKENIZACI ´ON, V. EMBEDDINGS Y CAPACIDADES DE LOS LLMS"", ""chunk_numero"": 18, ""total_chunks"": 25}"
"datos y usan la arquitectura detransformers, los llms
desarrollancapacidades emergentes. estas son habilidades
que aparecen solas por el propio aprendizaje del modelo y
que nadie program ó a mano. en el cuadro v se detallan las
principales:
tabla v
capacidadesemergentes de losmodelos delenguaje
capacidad ¿en qu é consiste de forma simple?
comprensión contextualentienden el significado exacto de una palabra
según las oraciones que la rodean.
generación coherenteredactan, traducen o resumen textos mantenien-
do un mismo estilo y consistencia fluida.
razonamientoresuelven problemas de l ógica, explican pasos
detallados y trazan estrategias sencillas.
aprendizaje en el promptadaptan su tono o comportamiento usando los
ejemplos que el usuario les da en el mismo chat
(in-context learning).",,"{""semana"": 13, ""fecha"": ""2026-05-21"", ""nombre_archivo"": ""13_SEMANA_AI_20260521_1.pdf"", ""autor"": ""Steven Sequeira Araya"", ""tema_principal"": ""I. DUDAS"", ""secciones"": ""I. DUDAS, II. NOTICIAS DE LA SEMANA, III. FUNDAMENTOS DE LOS MODELOS DE, IV. EL PROCESO DE TOKENIZACI ´ON, V. EMBEDDINGS Y CAPACIDADES DE LOS LLMS"", ""chunk_numero"": 19, ""total_chunks"": 25}"
"aprendizaje en el promptadaptan su tono o comportamiento usando los
ejemplos que el usuario les da en el mismo chat
(in-context learning).
multitareahacen muchas funciones distintas (programar,
clasificar, dialogar) sin cambiar su matriz inter-
v-c. limitaciones cr ´ıticas de los modelos
a pesar de sus avanzadas capacidades, los llms actuales
se enfrentan a problemas importantes que se resumen en el
cuadro vi.
tabla vi
limitacionesprincipales de losmodelos delenguaje
limitación ¿en qu é consiste de forma simple?
alucinacionesel modelo inventa respuestas falsas o err óneas,
pero las redacta con un tono muy seguro y
convincente.
memoria limitadano recuerdan cosas de chats pasados si la in-
formación supera el tama ño de su ventana de
contexto actual.",,"{""semana"": 13, ""fecha"": ""2026-05-21"", ""nombre_archivo"": ""13_SEMANA_AI_20260521_1.pdf"", ""autor"": ""Steven Sequeira Araya"", ""tema_principal"": ""I. DUDAS"", ""secciones"": ""I. DUDAS, II. NOTICIAS DE LA SEMANA, III. FUNDAMENTOS DE LOS MODELOS DE, IV. EL PROCESO DE TOKENIZACI ´ON, V. EMBEDDINGS Y CAPACIDADES DE LOS LLMS"", ""chunk_numero"": 20, ""total_chunks"": 25}"
"convincente.
memoria limitadano recuerdan cosas de chats pasados si la in-
formación supera el tama ño de su ventana de
contexto actual.
conocimiento est áticosolo saben lo que hab ´ıa en internet hasta la fecha
en que se entrenaron; no se actualizan en tiempo
real.
costos computacionalesentrenarlos y usarlos a diario requiere servido-
res gigantescos, mucha energ ´ıa y un alto costo
económico.
vi. generaci ´on aumentada por
recuperaci ´on (rag)
como soluci ón directa a los problemas de alucinaciones
y conocimiento est ático de los llms, surge la t écnica de
generación aumentada por recuperación (rag). consiste
en conectar el modelo con un buscador externo (retriever) para
extraer datos actualizados o privados justo en el momento de
la consulta.",,"{""semana"": 13, ""fecha"": ""2026-05-21"", ""nombre_archivo"": ""13_SEMANA_AI_20260521_1.pdf"", ""autor"": ""Steven Sequeira Araya"", ""tema_principal"": ""I. DUDAS"", ""secciones"": ""I. DUDAS, II. NOTICIAS DE LA SEMANA, III. FUNDAMENTOS DE LOS MODELOS DE, IV. EL PROCESO DE TOKENIZACI ´ON, V. EMBEDDINGS Y CAPACIDADES DE LOS LLMS"", ""chunk_numero"": 21, ""total_chunks"": 25}"
"en conectar el modelo con un buscador externo (retriever) para
extraer datos actualizados o privados justo en el momento de
la consulta.
vi-a. preparaci ón de los datos: ingesta y chunking
antes de que el sistema pueda buscar informaci ón, los
documentos deben pasar por un proceso de preparaci ón que
se detalla en el cuadro vii.
tabla vii
etapas deingesta yfragmentaci ´on dedocumentos
etapa ¿qu é se hace de forma simple?
preparaciónse juntan, limpian y centralizan todos los archi-
vos o bases de datos que se van a usar.
chunkingel texto largo se corta en fragmentos peque ños
e independientes llamadoschunks(de 200 a 500
tokens).
vectorizacióncada pedazo se pasa por un modelo de embed-
dings para convertirlo en un vector con signifi-
cado sem ántico.
vi-b. almacenamiento y recuperaci ón",,"{""semana"": 13, ""fecha"": ""2026-05-21"", ""nombre_archivo"": ""13_SEMANA_AI_20260521_1.pdf"", ""autor"": ""Steven Sequeira Araya"", ""tema_principal"": ""I. DUDAS"", ""secciones"": ""I. DUDAS, II. NOTICIAS DE LA SEMANA, III. FUNDAMENTOS DE LOS MODELOS DE, IV. EL PROCESO DE TOKENIZACI ´ON, V. EMBEDDINGS Y CAPACIDADES DE LOS LLMS"", ""chunk_numero"": 22, ""total_chunks"": 25}"
"dings para convertirlo en un vector con signifi-
cado sem ántico.
vi-b. almacenamiento y recuperaci ón
vi-b1. indexaci ón:los vectores resultantes se guardan
en bases de datos vectoriales especializadas (comoqdrant,
pineconeofaiss). aqu ´ı se almacena tanto el vector (para
hacer b úsquedas r ápidas) como sumetadata, que guarda el
texto original del fragmento.
vi-b2. consulta o recuperaci ón:cuando el usuario hace
una pregunta, el sistema busca los fragmentos m ás relevantes
mediante los siguientes pasos:
1. convierte la pregunta del usuario en un embedding
(vector).
2. calcula la similitud matem ática contra todos los vectores
guardados en la base de datos.
3. extrae los mejores resultados (los conocidos como el
top-km ás cercanos).
esto permite una”b úsqueda por significado”en lugar de",,"{""semana"": 13, ""fecha"": ""2026-05-21"", ""nombre_archivo"": ""13_SEMANA_AI_20260521_1.pdf"", ""autor"": ""Steven Sequeira Araya"", ""tema_principal"": ""I. DUDAS"", ""secciones"": ""I. DUDAS, II. NOTICIAS DE LA SEMANA, III. FUNDAMENTOS DE LOS MODELOS DE, IV. EL PROCESO DE TOKENIZACI ´ON, V. EMBEDDINGS Y CAPACIDADES DE LOS LLMS"", ""chunk_numero"": 23, ""total_chunks"": 25}"
"3. extrae los mejores resultados (los conocidos como el
top-km ás cercanos).
esto permite una”b úsqueda por significado”en lugar de
buscar por palabras exactas.
vi-b3. aumentaci ón y generaci ón:los fragmentos recu-
perados se pegan dentro de una plantilla de texto (prompt)
junto a la pregunta original del usuario. este bloque de
información sirve como base de conocimientos, obligando al
llm a dar una respuesta basada puramente en la evidencia
real encontrada.
vi-c. el ecosistema completo de la arquitectura rag
en resumen, una arquitectura rag funciona como un eco-
sistema dividido en dos fases operativas principales descritas
en el cuadro viii.
tabla viii
fasesprincipales de laarquitecturarag
fase acci ón del sistema
pre-producciónlos documentos se limpian, se cortan enchunks,",,"{""semana"": 13, ""fecha"": ""2026-05-21"", ""nombre_archivo"": ""13_SEMANA_AI_20260521_1.pdf"", ""autor"": ""Steven Sequeira Araya"", ""tema_principal"": ""I. DUDAS"", ""secciones"": ""I. DUDAS, II. NOTICIAS DE LA SEMANA, III. FUNDAMENTOS DE LOS MODELOS DE, IV. EL PROCESO DE TOKENIZACI ´ON, V. EMBEDDINGS Y CAPACIDADES DE LOS LLMS"", ""chunk_numero"": 24, ""total_chunks"": 25}"
"tabla viii
fasesprincipales de laarquitecturarag
fase acci ón del sistema
pre-producciónlos documentos se limpian, se cortan enchunks,
se vectorizan y se guardan en la base de datos.
producciónel usuario pregunta, el buscador encuentra los
mejores datos, se los inyecta al prompt y el llm
responde.
[pagina 5]
como se ilustra en la fig. 4, la combinaci ón de ambas fases
permite superar el conocimiento est ático del modelo, logrando
respuestas mucho m ás precisas y fundamentadas.
figura 4. diagrama general de la arquitectura rag y el flujo de los datos.",,"{""semana"": 13, ""fecha"": ""2026-05-21"", ""nombre_archivo"": ""13_SEMANA_AI_20260521_1.pdf"", ""autor"": ""Steven Sequeira Araya"", ""tema_principal"": ""I. DUDAS"", ""secciones"": ""I. DUDAS, II. NOTICIAS DE LA SEMANA, III. FUNDAMENTOS DE LOS MODELOS DE, IV. EL PROCESO DE TOKENIZACI ´ON, V. EMBEDDINGS Y CAPACIDADES DE LOS LLMS"", ""chunk_numero"": 25, ""total_chunks"": 25}"
"[pagina 1]
fundamentos, arquitectura y estado del arte de los
modelos de lenguaje grandes (llms) y rag
1er nahomi bola ños valverde
ingenier´ıa en computaci ón
tecnológico de costa rica
cartago, costa rica
nbolanos@estudiantec.cr
resumen—este documento presenta una s ´ıntesis exhaustiva
sobre el funcionamiento de los modelos fundacionales y los
modelos de lenguaje grandes (llms). se aborda la transici ón
técnica hacia arquitecturas modulares, el estado del arte con
modelos multimodales recientes y los fundamentos del proce-
samiento de lenguaje natural, incluyendo la tokenizaci ón y el
mapeo en espacios vectoriales mediante embeddings. asimismo,
se analizan las m étricas matem áticas para el c álculo de similitud
semántica y se detallan las limitaciones inherentes de los llms.",,"{""semana"": 13, ""fecha"": ""2026-05-21"", ""nombre_archivo"": ""13_SEMANA_AI_20260521_2.pdf"", ""autor"": ""Nahomi Bolaños Valverde"", ""tema_principal"": ""I. INTRODUCCI ´ON YDISCUSI ´ONT ´ECNICA"", ""secciones"": ""I. INTRODUCCI ´ON YDISCUSI ´ONT ´ECNICA, II. ESTADO DELARTE YNOTICIASTECNOL ´OGICAS, III. FUNDAMENTOS DE LOSLLMS, IV. PROCESAMIENTO DETEXTO: TOKENIZACI ´ON, V. EMBEDDINGS YESPACIOSVECTORIALES"", ""chunk_numero"": 1, ""total_chunks"": 13}"
"se analizan las m étricas matem áticas para el c álculo de similitud
semántica y se detallan las limitaciones inherentes de los llms.
finalmente, se expone la arquitectura de generaci ón aumentada
por recuperación (rag) como la soluci ón de ingenier´ıa estándar
para mitigar las alucinaciones y el conocimiento est ático en
aplicaciones de inteligencia artificial.
index terms—modelos de lenguaje grandes (llm), toke-
nización, espacio vectorial, similitud del coseno, generaci ón
aumentada por recuperaci ón (rag), modelos fundacionales.
i. introducci ´on ydiscusi ´ont ´ecnica
la industria de la inteligencia artificial (ia) ha experi-
mentado un cambio de paradigma significativo. se ha pasado
de entrenar modelos propios desde cero (machine learning",,"{""semana"": 13, ""fecha"": ""2026-05-21"", ""nombre_archivo"": ""13_SEMANA_AI_20260521_2.pdf"", ""autor"": ""Nahomi Bolaños Valverde"", ""tema_principal"": ""I. INTRODUCCI ´ON YDISCUSI ´ONT ´ECNICA"", ""secciones"": ""I. INTRODUCCI ´ON YDISCUSI ´ONT ´ECNICA, II. ESTADO DELARTE YNOTICIASTECNOL ´OGICAS, III. FUNDAMENTOS DE LOSLLMS, IV. PROCESAMIENTO DETEXTO: TOKENIZACI ´ON, V. EMBEDDINGS YESPACIOSVECTORIALES"", ""chunk_numero"": 2, ""total_chunks"": 13}"
"mentado un cambio de paradigma significativo. se ha pasado
de entrenar modelos propios desde cero (machine learning
tradicional) a la utilización demodelos fundacionales(foun-
dational models), los cuales son pre-entrenados con cantida-
des masivas de datos. este avance ha dado lugar a nuevos
roles profesionales, tales como losai engineersyprompt
engineers, cuyo objetivo es integrar grandes modelos (gpt-4,
claude, gemini) en aplicaciones empresariales espec ´ıficas.
i-a. mejores pr ácticas y herramientas
durante las sesiones de desarrollo, se establecieron linea-
mientos t écnicos cr´ıticos:
modularidad del c ódigo:se recomienda la transici ón
desde el uso exclusivo dejupyter notebookshaciascripts
modulares en formato.py.
gestión de configuraciones:se reportaron fallas de",,"{""semana"": 13, ""fecha"": ""2026-05-21"", ""nombre_archivo"": ""13_SEMANA_AI_20260521_2.pdf"", ""autor"": ""Nahomi Bolaños Valverde"", ""tema_principal"": ""I. INTRODUCCI ´ON YDISCUSI ´ONT ´ECNICA"", ""secciones"": ""I. INTRODUCCI ´ON YDISCUSI ´ONT ´ECNICA, II. ESTADO DELARTE YNOTICIASTECNOL ´OGICAS, III. FUNDAMENTOS DE LOSLLMS, IV. PROCESAMIENTO DETEXTO: TOKENIZACI ´ON, V. EMBEDDINGS YESPACIOSVECTORIALES"", ""chunk_numero"": 3, ""total_chunks"": 13}"
"desde el uso exclusivo dejupyter notebookshaciascripts
modulares en formato.py.
gestión de configuraciones:se reportaron fallas de
compatibilidad al usar decoradores (@) de la librer ´ıa
hydraen entornos interactivos (notebooks). la soluci ón
óptima es modularizar los componentes depytorch
lightningen archivos.pypara una correcta ejecuci ón.
arquitectura de autoencoders:se valid ó la adaptaci ón
de un autoencoder basado en perceptr ón multicapa a
redes neuronales convolucionales (cnn), destacando
la importancia de mantener unespacio latentecontinuo.
documento basado en los apuntes de clase del 21 de mayo
ii. estado delarte ynoticiastecnol ´ogicas
el panorama actual de la ia generativa evoluciona r ápida-
mente, destacando los siguientes hitos recientes:",,"{""semana"": 13, ""fecha"": ""2026-05-21"", ""nombre_archivo"": ""13_SEMANA_AI_20260521_2.pdf"", ""autor"": ""Nahomi Bolaños Valverde"", ""tema_principal"": ""I. INTRODUCCI ´ON YDISCUSI ´ONT ´ECNICA"", ""secciones"": ""I. INTRODUCCI ´ON YDISCUSI ´ONT ´ECNICA, II. ESTADO DELARTE YNOTICIASTECNOL ´OGICAS, III. FUNDAMENTOS DE LOSLLMS, IV. PROCESAMIENTO DETEXTO: TOKENIZACI ´ON, V. EMBEDDINGS YESPACIOSVECTORIALES"", ""chunk_numero"": 4, ""total_chunks"": 13}"
"el panorama actual de la ia generativa evoluciona r ápida-
mente, destacando los siguientes hitos recientes:
ii-a. lanzamientos de google y openai
google i/o y ai overviews:transici ón hacia una era
de .agentes de ia.autónomos. la ia generativa responderá
directamente a las b úsquedas, lo que plantea retos para el
modelo de negocio seo tradicional. se anunciaron itera-
ciones comogemini 3.5 flash(optimizado en latencia)
ygemini omni/spark.
openai gpt-4o (. omni”):presentaci ón de un modelo
verdaderamente multimodal nativo (texto, audio y vi-
sión). elimina la necesidad de encadenar modelos (ej.
speech-to-text + llm), logrando baja latencia y per-
cepción de emociones en tiempo real.
ii-b. incidentes de ciberseguridad
el despliegue de estas tecnolog´ıas no está exento de riesgos.",,"{""semana"": 13, ""fecha"": ""2026-05-21"", ""nombre_archivo"": ""13_SEMANA_AI_20260521_2.pdf"", ""autor"": ""Nahomi Bolaños Valverde"", ""tema_principal"": ""I. INTRODUCCI ´ON YDISCUSI ´ONT ´ECNICA"", ""secciones"": ""I. INTRODUCCI ´ON YDISCUSI ´ONT ´ECNICA, II. ESTADO DELARTE YNOTICIASTECNOL ´OGICAS, III. FUNDAMENTOS DE LOSLLMS, IV. PROCESAMIENTO DETEXTO: TOKENIZACI ´ON, V. EMBEDDINGS YESPACIOSVECTORIALES"", ""chunk_numero"": 5, ""total_chunks"": 13}"
"cepción de emociones en tiempo real.
ii-b. incidentes de ciberseguridad
el despliegue de estas tecnolog´ıas no está exento de riesgos.
se reportaron incidentes cr ´ıticos como la eliminaci ón masiva
de datos estructurados por parte de la plataformaclaude
(anthropic)sin consentimiento expl ´ıcito, y una vulnerabilidad
engithubdonde atacantes usaron extensiones maliciosas para
extraer c ódigo fuente de repositorios privados.
iii. fundamentos de losllms
en su n úcleo, un llm es un modelo estad ´ıstico dise ñado
para predecir el siguientetokenbas ándose en el contexto
previo. su versatilidad les permite procesar texto, c ódigo,
imágenes y audio mediante redes neuronales complejas com-
puestas porinputs,pesos (weights),nodos ocultosyoutputs.
iii-a. capacidades emergentes",,"{""semana"": 13, ""fecha"": ""2026-05-21"", ""nombre_archivo"": ""13_SEMANA_AI_20260521_2.pdf"", ""autor"": ""Nahomi Bolaños Valverde"", ""tema_principal"": ""I. INTRODUCCI ´ON YDISCUSI ´ONT ´ECNICA"", ""secciones"": ""I. INTRODUCCI ´ON YDISCUSI ´ONT ´ECNICA, II. ESTADO DELARTE YNOTICIASTECNOL ´OGICAS, III. FUNDAMENTOS DE LOSLLMS, IV. PROCESAMIENTO DETEXTO: TOKENIZACI ´ON, V. EMBEDDINGS YESPACIOSVECTORIALES"", ""chunk_numero"": 6, ""total_chunks"": 13}"
"imágenes y audio mediante redes neuronales complejas com-
puestas porinputs,pesos (weights),nodos ocultosyoutputs.
iii-a. capacidades emergentes
gracias a la arquitecturatransformersy el entrenamiento
masivo, los llms desarrollan habilidades no programadas
expl´ıcitamente:
comprensión contextual:entienden el significado
según las oraciones adyacentes.
razonamiento:resoluci ón de problemas l ógicos.
in-context learning:adaptaci ón de comportamiento
mediante ejemplos en elprompt.
[pagina 2]
iv. procesamiento detexto: tokenizaci ´on
los modelos de ia requieren representaciones matem áticas.
latokenizaci ónes el proceso de dividir el texto en unidades
(tokens) y asignarles un identificador num érico (id).
cuadro i
tiposcomunes detokenizaci ´on
enfoque caracter´ıstica/ventaja",,"{""semana"": 13, ""fecha"": ""2026-05-21"", ""nombre_archivo"": ""13_SEMANA_AI_20260521_2.pdf"", ""autor"": ""Nahomi Bolaños Valverde"", ""tema_principal"": ""I. INTRODUCCI ´ON YDISCUSI ´ONT ´ECNICA"", ""secciones"": ""I. INTRODUCCI ´ON YDISCUSI ´ONT ´ECNICA, II. ESTADO DELARTE YNOTICIASTECNOL ´OGICAS, III. FUNDAMENTOS DE LOSLLMS, IV. PROCESAMIENTO DETEXTO: TOKENIZACI ´ON, V. EMBEDDINGS YESPACIOSVECTORIALES"", ""chunk_numero"": 7, ""total_chunks"": 13}"
"(tokens) y asignarles un identificador num érico (id).
cuadro i
tiposcomunes detokenizaci ´on
enfoque caracter´ıstica/ventaja
palabra simple, pero genera vocabularios ineficientes y gigan-
tescos.
carácter evita palabras desconocidas, pero pierde el contexto
en secuencias largas.
sub-palabra
(bpe)
estándar actual(byte-pair encoding). divide pala-
bras en ra ´ıces/prefijos. equilibrio ideal.
v. embeddings yespaciosvectoriales
un simple id num érico no captura el significado. losem-
beddingsson representaciones vectoriales densas que traducen
las palabras a unespacio vectorialmultidimensional (ej. 512,
1024 dimensiones).
v-a. mapeo conceptual y aritm ética
en este espacio, palabras con significados similares se
ubican en puntos cercanos (relaciones sem ánticas). al estar",,"{""semana"": 13, ""fecha"": ""2026-05-21"", ""nombre_archivo"": ""13_SEMANA_AI_20260521_2.pdf"", ""autor"": ""Nahomi Bolaños Valverde"", ""tema_principal"": ""I. INTRODUCCI ´ON YDISCUSI ´ONT ´ECNICA"", ""secciones"": ""I. INTRODUCCI ´ON YDISCUSI ´ONT ´ECNICA, II. ESTADO DELARTE YNOTICIASTECNOL ´OGICAS, III. FUNDAMENTOS DE LOSLLMS, IV. PROCESAMIENTO DETEXTO: TOKENIZACI ´ON, V. EMBEDDINGS YESPACIOSVECTORIALES"", ""chunk_numero"": 8, ""total_chunks"": 13}"
"en este espacio, palabras con significados similares se
ubican en puntos cercanos (relaciones sem ánticas). al estar
en un plano matem ático, la ia puede realizar operaciones
aritméticas con conceptos:
v ector(rey)−v ector(hombre)+v ector(m ujer) =v ector(reina)
v-b. m étricas de similitud
para calcular matem áticamente la cercan´ıa entre conceptos,
se utilizan principalmente dos m étricas:
1)distancia euclidiana:mide la separaci ón en l´ınea recta
entre dos puntos.
d(a,b) =
(ai −b i)2 (2)
2)similitud del coseno:mide el ángulo entre dos vectores.
es la m étrica preferida en procesamiento de lenguaje natural
(nlp) porque eval úa la direcci ón (significado tem ático) sin
verse afectada por la magnitud (frecuencia o longitud del
texto).
sim(a,b) = a·b
∥a∥∥b∥ (3)
vi. limitaciones de losllms",,"{""semana"": 13, ""fecha"": ""2026-05-21"", ""nombre_archivo"": ""13_SEMANA_AI_20260521_2.pdf"", ""autor"": ""Nahomi Bolaños Valverde"", ""tema_principal"": ""I. INTRODUCCI ´ON YDISCUSI ´ONT ´ECNICA"", ""secciones"": ""I. INTRODUCCI ´ON YDISCUSI ´ONT ´ECNICA, II. ESTADO DELARTE YNOTICIASTECNOL ´OGICAS, III. FUNDAMENTOS DE LOSLLMS, IV. PROCESAMIENTO DETEXTO: TOKENIZACI ´ON, V. EMBEDDINGS YESPACIOSVECTORIALES"", ""chunk_numero"": 9, ""total_chunks"": 13}"
"verse afectada por la magnitud (frecuencia o longitud del
texto).
sim(a,b) = a·b
∥a∥∥b∥ (3)
vi. limitaciones de losllms
a pesar de sus capacidades, los modelos presentan fallas
cr´ıticas que limitan su uso directo en entornos corporativos:
conocimiento est ático:tienen una ”fecha de corte”de
entrenamiento y no conocen eventos recientes.
alucinaciones:inventan respuestas falsas con un tono
convincente cuando desconocen la informaci ón, ya que
su objetivo es solo predecir la siguiente palabra.
amnesia (stateless):las apis no tienen memoria
intr´ınseca. olvidan la conversaci ón a menos que se
reenv´ıe el contexto completo (context window).
vii. arquitecturarag (retrieval-augmented
generation)
para solucionar las alucinaciones y el conocimiento estático,",,"{""semana"": 13, ""fecha"": ""2026-05-21"", ""nombre_archivo"": ""13_SEMANA_AI_20260521_2.pdf"", ""autor"": ""Nahomi Bolaños Valverde"", ""tema_principal"": ""I. INTRODUCCI ´ON YDISCUSI ´ONT ´ECNICA"", ""secciones"": ""I. INTRODUCCI ´ON YDISCUSI ´ONT ´ECNICA, II. ESTADO DELARTE YNOTICIASTECNOL ´OGICAS, III. FUNDAMENTOS DE LOSLLMS, IV. PROCESAMIENTO DETEXTO: TOKENIZACI ´ON, V. EMBEDDINGS YESPACIOSVECTORIALES"", ""chunk_numero"": 10, ""total_chunks"": 13}"
"vii. arquitecturarag (retrieval-augmented
generation)
para solucionar las alucinaciones y el conocimiento estático,
se implementa la arquitecturarag. esta t écnica conecta el
llm con un buscador externo para inyectar conocimiento
privado o actualizado. se divide en tres fases principales:
vii-a. fase 1: ingesta e indexaci ón (pre-producción)
1. se recopilan documentos privados (pdfs, bases de da-
tos).
2.chunking:el texto se divide en fragmentos peque ños
(200-500 tokens), utilizando solapamiento (overlap) para
no cortar ideas.
3. cadachunkse pasa por un modelo de embeddings para
vectorizarlo.
4.indexaci ón:se guardan en una base de datos vectorial
(vector dbcomo pinecone, qdrant, chromadb) junto
con sumetadata.
vii-b. fase 2: recuperaci ón (retrieval)",,"{""semana"": 13, ""fecha"": ""2026-05-21"", ""nombre_archivo"": ""13_SEMANA_AI_20260521_2.pdf"", ""autor"": ""Nahomi Bolaños Valverde"", ""tema_principal"": ""I. INTRODUCCI ´ON YDISCUSI ´ONT ´ECNICA"", ""secciones"": ""I. INTRODUCCI ´ON YDISCUSI ´ONT ´ECNICA, II. ESTADO DELARTE YNOTICIASTECNOL ´OGICAS, III. FUNDAMENTOS DE LOSLLMS, IV. PROCESAMIENTO DETEXTO: TOKENIZACI ´ON, V. EMBEDDINGS YESPACIOSVECTORIALES"", ""chunk_numero"": 11, ""total_chunks"": 13}"
"(vector dbcomo pinecone, qdrant, chromadb) junto
con sumetadata.
vii-b. fase 2: recuperaci ón (retrieval)
cuando el usuario realiza una consulta, la pregunta se
convierte en un embedding. el sistema realiza una b úsqueda
semántica utilizando lasimilitud del cosenoen la base de
datos vectorial para extraer lostop-kchunks m ás relevantes.
vii-c. fase 3: generaci ón (aumentaci ón)
se construye unpromptdin ámico estructurado que restringe
al modelo:. eres un asistente experto. usa únicamente el
siguiente contexto para responder. contexto: [chunks recu-
perados]. pregunta: [pregunta del usuario]”.
el llm recibe este prompt y genera una respuesta precisa,
informada y basada puramente en la evidencia real encontrada
en los datos de la empresa.
viii. conclusi ´on",,"{""semana"": 13, ""fecha"": ""2026-05-21"", ""nombre_archivo"": ""13_SEMANA_AI_20260521_2.pdf"", ""autor"": ""Nahomi Bolaños Valverde"", ""tema_principal"": ""I. INTRODUCCI ´ON YDISCUSI ´ONT ´ECNICA"", ""secciones"": ""I. INTRODUCCI ´ON YDISCUSI ´ONT ´ECNICA, II. ESTADO DELARTE YNOTICIASTECNOL ´OGICAS, III. FUNDAMENTOS DE LOSLLMS, IV. PROCESAMIENTO DETEXTO: TOKENIZACI ´ON, V. EMBEDDINGS YESPACIOSVECTORIALES"", ""chunk_numero"": 12, ""total_chunks"": 13}"
"informada y basada puramente en la evidencia real encontrada
en los datos de la empresa.
viii. conclusi ´on
los modelos de lenguaje grandes representan un avance
monumental en la ia, logrando capacidades emergentes gra-
cias a la tokenizaci ón avanzada (bpe) y el mapeo en espa-
cios vectoriales de alta dimensionalidad. sin embargo, para
aplicaciones empresariales fiables, el uso aislado de llms es
insuficiente debido a las alucinaciones y su naturaleza est ática.
la integraci ón de la arquitectura rag, apoyada en bases de
datos vectoriales y m étricas como la similitud del coseno, se
consolida como el ecosistema definitivo para dotar a la ia de
precisión, memoria y contexto actualizado.",,"{""semana"": 13, ""fecha"": ""2026-05-21"", ""nombre_archivo"": ""13_SEMANA_AI_20260521_2.pdf"", ""autor"": ""Nahomi Bolaños Valverde"", ""tema_principal"": ""I. INTRODUCCI ´ON YDISCUSI ´ONT ´ECNICA"", ""secciones"": ""I. INTRODUCCI ´ON YDISCUSI ´ONT ´ECNICA, II. ESTADO DELARTE YNOTICIASTECNOL ´OGICAS, III. FUNDAMENTOS DE LOSLLMS, IV. PROCESAMIENTO DETEXTO: TOKENIZACI ´ON, V. EMBEDDINGS YESPACIOSVECTORIALES"", ""chunk_numero"": 13, ""total_chunks"": 13}"
"[pagina 1]
apuntes de clase
ic-6200 inteligencia artificial
kevin jiménez molinares
instituto tecnológico de costa rica
profesor: steven pacheco portuguéz
index terms—llm, tokenización, embeddings, espacio vecto-
rial, similitud del coseno, rag, inteligencia artificial.
i. d udas y noticias
• consulta por limitaciones en el notebook: se consulto
que debido al uso de herramientas en la tarea estas no se
pudieran ejecutar en el notebook como el caso de hydra,
a esto el profe recomendó utilizar archivos .py y hacer
una ejecución fuera de notebook.
• consulta con la arquitectura del autoencoder: se
valida la adaptación del modelo propuesto siempre y
cuando se mantenga la latencia.
• google i/o: se converso sobre este evento que representa
una transformación hacia una era de agentes de ia, du-",,"{""semana"": 13, ""fecha"": ""2026-05-21"", ""nombre_archivo"": ""13_SEMANA_AI_20260521_3.pdf"", ""autor"": ""Kevin Jiménez Molinares"", ""tema_principal"": ""I. D UDAS Y NOTICIAS"", ""secciones"": ""I. D UDAS Y NOTICIAS, II. P ANORAMA GENERAL DE LOS LLM S, III. E STRUCTURA BÁSICA DE UNA RED NEURONAL, IV. T OKENIZACIÓN, V. E MBEDDINGS Y ESPACIO VECTORIAL"", ""chunk_numero"": 1, ""total_chunks"": 14}"
"cuando se mantenga la latencia.
• google i/o: se converso sobre este evento que representa
una transformación hacia una era de agentes de ia, du-
rante este evento se anunciaron nuevas salidas o versiones
de modelos como gemini 3.5 flash entre muchos otros
ii. p anorama general de los llm s
los modelos de lenguaje grandes se han convertido en
una pieza central de la inteligencia artificia porque pueden
entender y generar texto, además de interactuar concódigo,
imágenes y audio, su utilidad no se limita a responder pregun-
tas, también sirven para resumir, traducir, clasificar, etc. entérminosprácticos, un llm aprende a predecir el siguiente
token a partir del contexto previo. esa aparente sencillez es la
base de comportamientos muchomás ricos, como la redacción",,"{""semana"": 13, ""fecha"": ""2026-05-21"", ""nombre_archivo"": ""13_SEMANA_AI_20260521_3.pdf"", ""autor"": ""Kevin Jiménez Molinares"", ""tema_principal"": ""I. D UDAS Y NOTICIAS"", ""secciones"": ""I. D UDAS Y NOTICIAS, II. P ANORAMA GENERAL DE LOS LLM S, III. E STRUCTURA BÁSICA DE UNA RED NEURONAL, IV. T OKENIZACIÓN, V. E MBEDDINGS Y ESPACIO VECTORIAL"", ""chunk_numero"": 2, ""total_chunks"": 14}"
"token a partir del contexto previo. esa aparente sencillez es la
base de comportamientos muchomás ricos, como la redacción
fluida, la resolución de problemas y la adaptación al estilo
del usuario, su potencia trae consigo limitaciones importantes
como por ejemplo pueden inventar información, olvidan el
contexto cuando este supera su ventana de entrada y no poseen
conocimiento actualizado porsí mismos.
iii. e structurabásica de una red neuronal
para entendercómo trabaja un llm por dentro, conviene
recordar los componentes esenciales de una red neuronal. a
continuación se enumeran cada parte con una interpretación
sencilla:
• entradas (inputs): datos iniciales que recibe el modelo
para comenzar el procesamiento.
• pesos (weights): valores que determinan qué tanto in-",,"{""semana"": 13, ""fecha"": ""2026-05-21"", ""nombre_archivo"": ""13_SEMANA_AI_20260521_3.pdf"", ""autor"": ""Kevin Jiménez Molinares"", ""tema_principal"": ""I. D UDAS Y NOTICIAS"", ""secciones"": ""I. D UDAS Y NOTICIAS, II. P ANORAMA GENERAL DE LOS LLM S, III. E STRUCTURA BÁSICA DE UNA RED NEURONAL, IV. T OKENIZACIÓN, V. E MBEDDINGS Y ESPACIO VECTORIAL"", ""chunk_numero"": 3, ""total_chunks"": 14}"
"• entradas (inputs): datos iniciales que recibe el modelo
para comenzar el procesamiento.
• pesos (weights): valores que determinan qué tanto in-
fluye cada entrada en el resultado.
• nodos ocultos: unidades intermedias que combinan in-
formación, aplican transformaciones y detectan patrones.
• salida (output): respuesta final producida por la red,
por ejemplo una predicción o clasificación.
el flujo de información avanza capa por capa. cada capa
transforma la representación previa hasta obtener una salidaútil.
iv. t okenización
antes de que un modelo pueda trabajar con lenguaje natural,
el texto debe convertirse en una secuencia de unidades discre-
tas llamadas tokens. un token puede ser una palabra completa,
una subpalabra, un fragmento de palabra o incluso un carácter.",,"{""semana"": 13, ""fecha"": ""2026-05-21"", ""nombre_archivo"": ""13_SEMANA_AI_20260521_3.pdf"", ""autor"": ""Kevin Jiménez Molinares"", ""tema_principal"": ""I. D UDAS Y NOTICIAS"", ""secciones"": ""I. D UDAS Y NOTICIAS, II. P ANORAMA GENERAL DE LOS LLM S, III. E STRUCTURA BÁSICA DE UNA RED NEURONAL, IV. T OKENIZACIÓN, V. E MBEDDINGS Y ESPACIO VECTORIAL"", ""chunk_numero"": 4, ""total_chunks"": 14}"
"tas llamadas tokens. un token puede ser una palabra completa,
una subpalabra, un fragmento de palabra o incluso un carácter.
la tokenización tiene dos objetivos principales: reducir el
texto a una forma manejable para el sistema y conservar, en la
medida de lo posible, la información lingüística relevante. en
implementaciones reales, es común normalizar el texto, por
ejemplo pasando a minúsculas o segmentando según reglas
estadísticas aprendidas a partir de grandes corpus.
iv-a. tipos habituales de tokenización
a continuación se integran las variantesmás frecuentes y
su utilidad general:
• por palabra: sencilla de entender, aunque produce vo-
cabularios enormes.
• por carácter: reduce el problema de palabras descono-
cidas, pero pierde estructura semántica de largo alcance.",,"{""semana"": 13, ""fecha"": ""2026-05-21"", ""nombre_archivo"": ""13_SEMANA_AI_20260521_3.pdf"", ""autor"": ""Kevin Jiménez Molinares"", ""tema_principal"": ""I. D UDAS Y NOTICIAS"", ""secciones"": ""I. D UDAS Y NOTICIAS, II. P ANORAMA GENERAL DE LOS LLM S, III. E STRUCTURA BÁSICA DE UNA RED NEURONAL, IV. T OKENIZACIÓN, V. E MBEDDINGS Y ESPACIO VECTORIAL"", ""chunk_numero"": 5, ""total_chunks"": 14}"
"cabularios enormes.
• por carácter: reduce el problema de palabras descono-
cidas, pero pierde estructura semántica de largo alcance.
• subpalabra: equilibra tamaño de vocabulario y capaci-
dad de generalización; es una de las opcionesmás usadas
• byte-level: trabaja con bytes, por lo que soporta cual-
quier idioma, símbolo o emoji.
v. e mbeddings y espacio vectorial
los modelos transforman los tokens en embeddings, es
decir, vectores densos dentro de un espacio matemático de alta
dimensión. a diferencia de los ids simples, los embeddingssí capturan relaciones semánticas y contextuales.
v-a. representación conceptual
cuando dos palabras tienen significados parecidos, sus
vectores tienden a ubicarse cerca. por ejemplo, conceptos
como casa y hogar suelen aparecer en regiones similares",,"{""semana"": 13, ""fecha"": ""2026-05-21"", ""nombre_archivo"": ""13_SEMANA_AI_20260521_3.pdf"", ""autor"": ""Kevin Jiménez Molinares"", ""tema_principal"": ""I. D UDAS Y NOTICIAS"", ""secciones"": ""I. D UDAS Y NOTICIAS, II. P ANORAMA GENERAL DE LOS LLM S, III. E STRUCTURA BÁSICA DE UNA RED NEURONAL, IV. T OKENIZACIÓN, V. E MBEDDINGS Y ESPACIO VECTORIAL"", ""chunk_numero"": 6, ""total_chunks"": 14}"
"vectores tienden a ubicarse cerca. por ejemplo, conceptos
como casa y hogar suelen aparecer en regiones similares
del espacio vectorial. lo mismo ocurre con relacionesmás
abstractas, comogénero, jerarquía, tiempo o dominio temático.
en una versión simplificada, el modelo puede operar con
relaciones tipo:
v(rey) − v(hombre) +v(mujer) ≈ v(reina) (1)
[pagina 2]
aunque esta ecuación no describe todas las complejidades
del lenguaje, sí ilustra una idea central: los embeddings
permiten hacer aritmética con conceptos.
v-b. similitud semántica
una vez que las palabras se convierten en vectores, es
posible medir su cercanía. lasmétricasmás comunes son
la distancia euclidiana y la similitud del coseno. la primera
evalúa la separación enlínea recta entre dos puntos; la",,"{""semana"": 13, ""fecha"": ""2026-05-21"", ""nombre_archivo"": ""13_SEMANA_AI_20260521_3.pdf"", ""autor"": ""Kevin Jiménez Molinares"", ""tema_principal"": ""I. D UDAS Y NOTICIAS"", ""secciones"": ""I. D UDAS Y NOTICIAS, II. P ANORAMA GENERAL DE LOS LLM S, III. E STRUCTURA BÁSICA DE UNA RED NEURONAL, IV. T OKENIZACIÓN, V. E MBEDDINGS Y ESPACIO VECTORIAL"", ""chunk_numero"": 7, ""total_chunks"": 14}"
"la distancia euclidiana y la similitud del coseno. la primera
evalúa la separación enlínea recta entre dos puntos; la
segunda compara elángulo entre vectores y suele sermásútil en procesamiento de lenguaje natural porque prioriza la
dirección sobre la magnitud. a continuación se resumen lasmás comunes:
• distancia euclidiana: mide qué tan lejos están dos
vectores enlínea recta.
• similitud del coseno: evalúa cuánto se parecen dos
vectores según elángulo entre ellos.
las expresiones matemáticasmás usadas son:
d(a, b) =
(ai − bi)2 (2)
sim(a, b) = a · b
∥a∥∥b∥ (3)
cuando la similitud del coseno es alta, los vectores apuntan
en direcciones parecidas y, por tanto, lostérminos suelen
compartir contexto o intención.
vi. c apacidades emergentes de los llm s",,"{""semana"": 13, ""fecha"": ""2026-05-21"", ""nombre_archivo"": ""13_SEMANA_AI_20260521_3.pdf"", ""autor"": ""Kevin Jiménez Molinares"", ""tema_principal"": ""I. D UDAS Y NOTICIAS"", ""secciones"": ""I. D UDAS Y NOTICIAS, II. P ANORAMA GENERAL DE LOS LLM S, III. E STRUCTURA BÁSICA DE UNA RED NEURONAL, IV. T OKENIZACIÓN, V. E MBEDDINGS Y ESPACIO VECTORIAL"", ""chunk_numero"": 8, ""total_chunks"": 14}"
"en direcciones parecidas y, por tanto, lostérminos suelen
compartir contexto o intención.
vi. c apacidades emergentes de los llm s
gracias al entrenamiento masivo y a la arquitectura trans-
former, los llms desarrollan habilidades que no fueron pro-
gramadas explícitamente una por una. estas capacidades emer-
gen del aprendizaje estadístico sobre grandes cantidades de
datos. a continuación se enumeran las capacidades emergentesmás relevantes:
• comprensión contextual: interpretan el significado se-
gún las oraciones vecinas.
• generación coherente: producen textos fluidos con es-
tilo consistente.
• razonamiento: resuelven tareaslógicas o explican pro-
cesos paso a paso.
• in-context learning: ajustan su comportamiento a partir
de ejemplos dentro del mismo chat.",,"{""semana"": 13, ""fecha"": ""2026-05-21"", ""nombre_archivo"": ""13_SEMANA_AI_20260521_3.pdf"", ""autor"": ""Kevin Jiménez Molinares"", ""tema_principal"": ""I. D UDAS Y NOTICIAS"", ""secciones"": ""I. D UDAS Y NOTICIAS, II. P ANORAMA GENERAL DE LOS LLM S, III. E STRUCTURA BÁSICA DE UNA RED NEURONAL, IV. T OKENIZACIÓN, V. E MBEDDINGS Y ESPACIO VECTORIAL"", ""chunk_numero"": 9, ""total_chunks"": 14}"
"cesos paso a paso.
• in-context learning: ajustan su comportamiento a partir
de ejemplos dentro del mismo chat.
• multitarea: pueden redactar, clasificar, dialogar y pro-
gramar sin cambiar de arquitectura.
estas habilidades explican por qué un solo modelo puede
usarse en tantos escenarios distintos. aun así, su desempeño
depende en gran medida de la calidad del contexto y de la
forma en que se formulen las instrucciones.
vii. l imitaciones principales
junto con sus ventajas, los llms presentan fallos que no se
pueden ignorar en entornos reales. a continuación se resumen
las limitacionesmás importantes:
• alucinaciones: el modelo puede inventar datos incorrec-
tos con gran seguridad.
• memoria limitada: solo conserva el contexto que cabe
en la ventana de entrada.",,"{""semana"": 13, ""fecha"": ""2026-05-21"", ""nombre_archivo"": ""13_SEMANA_AI_20260521_3.pdf"", ""autor"": ""Kevin Jiménez Molinares"", ""tema_principal"": ""I. D UDAS Y NOTICIAS"", ""secciones"": ""I. D UDAS Y NOTICIAS, II. P ANORAMA GENERAL DE LOS LLM S, III. E STRUCTURA BÁSICA DE UNA RED NEURONAL, IV. T OKENIZACIÓN, V. E MBEDDINGS Y ESPACIO VECTORIAL"", ""chunk_numero"": 10, ""total_chunks"": 14}"
"tos con gran seguridad.
• memoria limitada: solo conserva el contexto que cabe
en la ventana de entrada.
• conocimiento estático: no se actualiza solo con eventos
recientes.
• costo computacional: su entrenamiento y despliegue
requieren infraestructura costosa.
estas restricciones son especialmente problemáticas cuando
se necesita precisión factual, datos empresariales internos o
información que cambia con frecuencia. por esa razón, en
muchas aplicaciones no basta con usar el llm de forma
aislada.
viii. a rquitectura rag
la arquitectura retrieval-augmented generation (rag)
aparece como respuestapráctica a dos problemas centrales:
las alucinaciones y el conocimiento estático. en lugar de
pedirle al modelo que responda solo con lo que aprendió",,"{""semana"": 13, ""fecha"": ""2026-05-21"", ""nombre_archivo"": ""13_SEMANA_AI_20260521_3.pdf"", ""autor"": ""Kevin Jiménez Molinares"", ""tema_principal"": ""I. D UDAS Y NOTICIAS"", ""secciones"": ""I. D UDAS Y NOTICIAS, II. P ANORAMA GENERAL DE LOS LLM S, III. E STRUCTURA BÁSICA DE UNA RED NEURONAL, IV. T OKENIZACIÓN, V. E MBEDDINGS Y ESPACIO VECTORIAL"", ""chunk_numero"": 11, ""total_chunks"": 14}"
"las alucinaciones y el conocimiento estático. en lugar de
pedirle al modelo que responda solo con lo que aprendió
durante el entrenamiento, se le conecta a una fuente externa
de información que puede consultarse en tiempo real.
rag trabaja mejor cuando se divide en dos grandes mo-
mentos: una etapa de pre-producción, donde se prepara el
conocimiento, y una etapa de producción, donde el sistema
responde a las preguntas de los usuarios.
viii-a. ingesta, limpieza y fragmentación
en la fase inicial, los documentos deben reunirse, depurarse
y dividirse en fragmentosmás pequeños llamados chunks.
esta fragmentación suele hacerse entre 200 y 500 tokens,
con cierto solapamiento para evitar que una idea importante
quede cortada entre dos segmentos. luego, cada fragmento se",,"{""semana"": 13, ""fecha"": ""2026-05-21"", ""nombre_archivo"": ""13_SEMANA_AI_20260521_3.pdf"", ""autor"": ""Kevin Jiménez Molinares"", ""tema_principal"": ""I. D UDAS Y NOTICIAS"", ""secciones"": ""I. D UDAS Y NOTICIAS, II. P ANORAMA GENERAL DE LOS LLM S, III. E STRUCTURA BÁSICA DE UNA RED NEURONAL, IV. T OKENIZACIÓN, V. E MBEDDINGS Y ESPACIO VECTORIAL"", ""chunk_numero"": 12, ""total_chunks"": 14}"
"con cierto solapamiento para evitar que una idea importante
quede cortada entre dos segmentos. luego, cada fragmento se
transforma en un embedding y se guarda en una base de datos
vectorial junto con su metadata. a continuación se enumeran
las etapas de preparación en rag:
• preparación: se reúnen y limpian los documentos o
fuentes de datos.
• chunking: el texto largo se divide en fragmentos inde-
pendientes.
• vectorización: cada fragmento se convierte en un vector
semántico.
• indexación: los vectores y su metadata se almacenan
parabúsquedarápida.
viii-b. recuperación semántica
cuando el usuario hace una consulta, esa pregunta también
se convierte en un embedding. después, el sistema calcula
su similitud contra los vectores almacenados y recupera los",,"{""semana"": 13, ""fecha"": ""2026-05-21"", ""nombre_archivo"": ""13_SEMANA_AI_20260521_3.pdf"", ""autor"": ""Kevin Jiménez Molinares"", ""tema_principal"": ""I. D UDAS Y NOTICIAS"", ""secciones"": ""I. D UDAS Y NOTICIAS, II. P ANORAMA GENERAL DE LOS LLM S, III. E STRUCTURA BÁSICA DE UNA RED NEURONAL, IV. T OKENIZACIÓN, V. E MBEDDINGS Y ESPACIO VECTORIAL"", ""chunk_numero"": 13, ""total_chunks"": 14}"
"se convierte en un embedding. después, el sistema calcula
su similitud contra los vectores almacenados y recupera los
fragmentosmás cercanos. la ventaja de este enfoque es que
labúsqueda no depende solo de palabras exactas, sino del
significado de la consulta.
viii-c. aumentación y generación
una vez recuperada la evidencia relevante, esta se inserta
en un prompt estructurado. el llm recibe entonces una
instrucción como: usarúnicamente el contexto proporcionado
para responder. de esta manera, la salida queda anclada a
[pagina 3]
información recuperada y no a una inferencia libre del mo-
delo. en aplicaciones reales, esto mejora la precisión, reduce
alucinaciones y permite trabajar con conocimiento privado o
actualizado.",,"{""semana"": 13, ""fecha"": ""2026-05-21"", ""nombre_archivo"": ""13_SEMANA_AI_20260521_3.pdf"", ""autor"": ""Kevin Jiménez Molinares"", ""tema_principal"": ""I. D UDAS Y NOTICIAS"", ""secciones"": ""I. D UDAS Y NOTICIAS, II. P ANORAMA GENERAL DE LOS LLM S, III. E STRUCTURA BÁSICA DE UNA RED NEURONAL, IV. T OKENIZACIÓN, V. E MBEDDINGS Y ESPACIO VECTORIAL"", ""chunk_numero"": 14, ""total_chunks"": 14}"
"[pagina 1]
proyecto 2 principios de sistemas operativos
´angel eduardo jim énez valverde∗
∗ingenieria en computacion, itcr, cartago, costa rica
email: 436942@estudiantec.cr
carnet: 2021436942
i. respuestas del quiz pasado
1) ¿qu é es una capa de convolución y una capa de pooling?
2) describa parte por parte un m ódulo de inception:
3) describa como puede usarse un autoencoder para de-
tección de anomal ´ıas:
4) describa la composici ón de una arquitectura u-net:
ii. informaci ´on importante acerca del curso
•en esta semana el jueves 28 de marzo se nos asignar á la
tarea final del curso. ´esta tarea consistir á en el manejo
de agentes de llm, utilizando como recursos los apuntes
que se han hecho a trav és del semestre en éste curso.",,"{""semana"": 14, ""fecha"": ""2026-05-26"", ""nombre_archivo"": ""14_SEMANA_AI_20260526_1.pdf"", ""autor"": ""Ángel Eduardo Jiménez Valverde"", ""tema_principal"": ""I. RESPUESTAS DEL QUIZ PASADO"", ""secciones"": ""I. RESPUESTAS DEL QUIZ PASADO, II. INFORMACI ´ON IMPORTANTE ACERCA DEL CURSO, III. REPASO DE LA CLASE PASADA, IV. APUNTES DE LA CLASE DE HOY, C. Tipos de modelos utilizados en agentes"", ""chunk_numero"": 1, ""total_chunks"": 11}"
"de agentes de llm, utilizando como recursos los apuntes
que se han hecho a trav és del semestre en éste curso.
•en la semana 15 se nos asignar á el proyecto de inteligen-
cia artificial.
•el examen del curso de inteligencia artificial se har á en
semana 18, a las 5:00 p.m.
iii. repaso de la clase pasada
en la clase pasada aprendimos acerca de los lenguajes de
alto lenguaje (llm). aprendimos que el texto u información
inicialmente no es usado directamente, sino que se requiere
convertir entokens.
estostokenspueden estar formados ya sea por palabras,
semipalabras o incluso letras, y dependiendo del m étodo que
se utilice, es m ás práctico (siendo el m ás com ún el m étodo de
semipalabras).
table i
tipos de formas de tokenizar y sus ventajas
tipo ejemplo ventaja principal",,"{""semana"": 14, ""fecha"": ""2026-05-26"", ""nombre_archivo"": ""14_SEMANA_AI_20260526_1.pdf"", ""autor"": ""Ángel Eduardo Jiménez Valverde"", ""tema_principal"": ""I. RESPUESTAS DEL QUIZ PASADO"", ""secciones"": ""I. RESPUESTAS DEL QUIZ PASADO, II. INFORMACI ´ON IMPORTANTE ACERCA DEL CURSO, III. REPASO DE LA CLASE PASADA, IV. APUNTES DE LA CLASE DE HOY, C. Tipos de modelos utilizados en agentes"", ""chunk_numero"": 2, ""total_chunks"": 11}"
"semipalabras).
table i
tipos de formas de tokenizar y sus ventajas
tipo ejemplo ventaja principal
palabra ”los modelos” simplicidad
carácter ”l”, ”o”, ”s” sin oov*
subpalabra (bpe,
wordpiece)
”aprend”, ”iendo” equilibrio vocabulario/-
contexto
byte-level bytes utf-8 soporta cualquier s´ımbolo
espacio en blanco ”hola”, ”mundo” rápido y simple
una vez tokenizadas, cada uno de éstos tokens tendr án una
representación o valor num érico, dichos valores de identifi-
cación los conoceremos comoembeddings, y nos permitir án
fig. 1. gr áfico sem ántico de 3 dimensiones con 3 caracter ´ısticas (g énero,
edad, realeza)
representar de forma matem ática su nivel de similitud y
contexto luego, mediante el gr áfico dendimensiones.
una vez tenemos todos nuestros vectores, ocuparemos",,"{""semana"": 14, ""fecha"": ""2026-05-26"", ""nombre_archivo"": ""14_SEMANA_AI_20260526_1.pdf"", ""autor"": ""Ángel Eduardo Jiménez Valverde"", ""tema_principal"": ""I. RESPUESTAS DEL QUIZ PASADO"", ""secciones"": ""I. RESPUESTAS DEL QUIZ PASADO, II. INFORMACI ´ON IMPORTANTE ACERCA DEL CURSO, III. REPASO DE LA CLASE PASADA, IV. APUNTES DE LA CLASE DE HOY, C. Tipos de modelos utilizados en agentes"", ""chunk_numero"": 3, ""total_chunks"": 11}"
"contexto luego, mediante el gr áfico dendimensiones.
una vez tenemos todos nuestros vectores, ocuparemos
calcular los niveles de similitud de cada punto, para poder
calcular un nivel de contexto, por poner un ejemplo:un rey
y unpr ´ıncipeambos tienen el mismog éneroyrealeza, pero
difieren enedad.
el algoritmo que se usa para calcular éstos niveles de
similitudes es el siguiente:
s(a, d) = a·b
||a|| · ||b||
´esta f órmula nos permite sacar un ángulo, que luego al
calcularse en el coseno podemos decidir si:
•entre m ás cerca a 1, m ás similar es
•entre m ás cerca a 0, menos similitudes puede llegar a ser
•entre m ás cerca a -1, el valor es completamente opuesto.
una vez conociendo ésto, tenemos que reconocer las
principales debilidades que tienen los llm:conocimiento",,"{""semana"": 14, ""fecha"": ""2026-05-26"", ""nombre_archivo"": ""14_SEMANA_AI_20260526_1.pdf"", ""autor"": ""Ángel Eduardo Jiménez Valverde"", ""tema_principal"": ""I. RESPUESTAS DEL QUIZ PASADO"", ""secciones"": ""I. RESPUESTAS DEL QUIZ PASADO, II. INFORMACI ´ON IMPORTANTE ACERCA DEL CURSO, III. REPASO DE LA CLASE PASADA, IV. APUNTES DE LA CLASE DE HOY, C. Tipos de modelos utilizados en agentes"", ""chunk_numero"": 4, ""total_chunks"": 11}"
"una vez conociendo ésto, tenemos que reconocer las
principales debilidades que tienen los llm:conocimiento
estáticoyalto nivel de alucinaciones. pero, utilizando el
rag(retrival-augmented generation) somos capaces de solu-
cionar éstos posibles errores. ´este se forma por los siguientes
pasos:
[pagina 2]
fig. 2. representaci ón del c ómo se ver ´ıa el actuar del rag
a. ingesta y chunking
•preparar los documentos donde se va a recuperar la
información.
•dividimos el texto enchunks(fragmentos entre 200-500
tokens o m ás).
•transformamos los chunks con un modelo de embeddings
en vectores, para capturar el significado sem ántico de
cada uno.
•al generar los vectores, comparamos la pregunta gener-
ada, la convertimos en unembedding, y usamos el algo-",,"{""semana"": 14, ""fecha"": ""2026-05-26"", ""nombre_archivo"": ""14_SEMANA_AI_20260526_1.pdf"", ""autor"": ""Ángel Eduardo Jiménez Valverde"", ""tema_principal"": ""I. RESPUESTAS DEL QUIZ PASADO"", ""secciones"": ""I. RESPUESTAS DEL QUIZ PASADO, II. INFORMACI ´ON IMPORTANTE ACERCA DEL CURSO, III. REPASO DE LA CLASE PASADA, IV. APUNTES DE LA CLASE DE HOY, C. Tipos de modelos utilizados en agentes"", ""chunk_numero"": 5, ""total_chunks"": 11}"
"cada uno.
•al generar los vectores, comparamos la pregunta gener-
ada, la convertimos en unembedding, y usamos el algo-
ritmo de similitud con dicha pregunta como el prompt,
y buscamos la respuesta cuyo nivel de similitudsea m ás
cercano a 1, una vez pase ésto, se retorna ese dato con
la metadata exacta de su ubicaci ón en el vector, y se le
da al sistema para que la retorne al usuario.
iv. apuntes de la clase de hoy
a. agentes
supongamos que se nos brinda un escenario:eres un
programador al que le dan 10 d ´ıas de vacaciones para
fecha de navidad (o hasta que uno de los servidores de la
empresa se caigan), y ocupas información para planear dichas
vacaciones, usando inteligencia artificial.
para ésto, vas a utilizar distintos niveles de llm, hasta",,"{""semana"": 14, ""fecha"": ""2026-05-26"", ""nombre_archivo"": ""14_SEMANA_AI_20260526_1.pdf"", ""autor"": ""Ángel Eduardo Jiménez Valverde"", ""tema_principal"": ""I. RESPUESTAS DEL QUIZ PASADO"", ""secciones"": ""I. RESPUESTAS DEL QUIZ PASADO, II. INFORMACI ´ON IMPORTANTE ACERCA DEL CURSO, III. REPASO DE LA CLASE PASADA, IV. APUNTES DE LA CLASE DE HOY, C. Tipos de modelos utilizados en agentes"", ""chunk_numero"": 6, ""total_chunks"": 11}"
"vacaciones, usando inteligencia artificial.
para ésto, vas a utilizar distintos niveles de llm, hasta
buscar uno que sea el m ás pr áctico para tu situaci ón.
en éste caso, la mejor opci ón ser´ıa el agente, no solamente
porque ahora es un sistema conversacional aut ónomo, que
será capaz de analizar la situaci ón laboral, la temporada de
vacaciones, informaci ón acerca de los gustos del usuario (y
más informaci ón que se le sea dada).
sino que incluye otras ventajas, entre esas:
table ii
niveles evolutivos de unllm
nivel evolutivo ventaja principal
llm tradicional es útil para obtener informaci ón general, pero no para
personalizar ni actuar
usando rag ahora el sistema puede acceder a mi informaci ón laboral
o personal, pero sigue sin poder tomar decisiones",,"{""semana"": 14, ""fecha"": ""2026-05-26"", ""nombre_archivo"": ""14_SEMANA_AI_20260526_1.pdf"", ""autor"": ""Ángel Eduardo Jiménez Valverde"", ""tema_principal"": ""I. RESPUESTAS DEL QUIZ PASADO"", ""secciones"": ""I. RESPUESTAS DEL QUIZ PASADO, II. INFORMACI ´ON IMPORTANTE ACERCA DEL CURSO, III. REPASO DE LA CLASE PASADA, IV. APUNTES DE LA CLASE DE HOY, C. Tipos de modelos utilizados en agentes"", ""chunk_numero"": 7, ""total_chunks"": 11}"
"personalizar ni actuar
usando rag ahora el sistema puede acceder a mi informaci ón laboral
o personal, pero sigue sin poder tomar decisiones
agente es la evoluci ón final, el sistema no solo responde, sino
que es capaz de razonar y actuar, pasando a ser un
asistente aut ónomo
fig. 3. representaci ón visual del c ómo funciona un agente
•memoria:recuerda mis preferencias (ejemplo: destinos
anteriores).
•herramientas:consulta api’s de vuelos, clima, calen-
dario, hospedaje, estado de los servidores.
•planificaci ón:organiza un itinerario seg ún mis fechas y
presupuesto.
b. perfil del agente
inicialmente requeriremos definir la personalidad del agente,
su comportamiento y nivel de rol.
durante la clase pudmios observar que dependiendo del
cómo implementamos o modificamos el perfil, éste puede",,"{""semana"": 14, ""fecha"": ""2026-05-26"", ""nombre_archivo"": ""14_SEMANA_AI_20260526_1.pdf"", ""autor"": ""Ángel Eduardo Jiménez Valverde"", ""tema_principal"": ""I. RESPUESTAS DEL QUIZ PASADO"", ""secciones"": ""I. RESPUESTAS DEL QUIZ PASADO, II. INFORMACI ´ON IMPORTANTE ACERCA DEL CURSO, III. REPASO DE LA CLASE PASADA, IV. APUNTES DE LA CLASE DE HOY, C. Tipos de modelos utilizados en agentes"", ""chunk_numero"": 8, ""total_chunks"": 11}"
"su comportamiento y nivel de rol.
durante la clase pudmios observar que dependiendo del
cómo implementamos o modificamos el perfil, éste puede
ser m ás pr áctico para algunas acciones, por ejemplo tenemos
algunos de las mejores herramientas de ia para respectivas
acciones.checar tabla iii
c. tipos de modelos utilizados en agentes
existen 2 enfoques principales para utilizar modelos de
lenguaje en agentes:
•modelos propietarios (closed source)
•modelos abiertos (open source / open-weight)
[pagina 3]
table iii
distintosmodelosllmy susratings de acuerdo a su
rendimiento en actividades
ai tool tool calling rating writing rating
deepseek v4-pro 34.2 x
gpt-5.4 35.3 35.5
claude opus 4.6 34.5 44.6
claude mythos preview 4.6 39.8 x
gemini 3.5 flash 42.7 x
longcat-flash-thinking x 38.0",,"{""semana"": 14, ""fecha"": ""2026-05-26"", ""nombre_archivo"": ""14_SEMANA_AI_20260526_1.pdf"", ""autor"": ""Ángel Eduardo Jiménez Valverde"", ""tema_principal"": ""I. RESPUESTAS DEL QUIZ PASADO"", ""secciones"": ""I. RESPUESTAS DEL QUIZ PASADO, II. INFORMACI ´ON IMPORTANTE ACERCA DEL CURSO, III. REPASO DE LA CLASE PASADA, IV. APUNTES DE LA CLASE DE HOY, C. Tipos de modelos utilizados en agentes"", ""chunk_numero"": 9, ""total_chunks"": 11}"
"gpt-5.4 35.3 35.5
claude opus 4.6 34.5 44.6
claude mythos preview 4.6 39.8 x
gemini 3.5 flash 42.7 x
longcat-flash-thinking x 38.0
qween2.5 72b instruct x 31.0
llama 3.1 405b instruct 40.5 x
hermes 3-70db x 34.5
ambos enfoques pueden ser utilizados para construir
agentes modernos. la decisi ón depender á de los siguientes
atributos:
•requerimientos t écnicos
•costos
•privacidad
•infraestructura disponible
1) modelos propietarios (closed source):
•ventajas:
–f ácil integraci ón
–infraestructura administrada
–buen rendimiento general
–soporte avanzado para herramientas
•desventajas:
–dependencia del proveedor
–costos por uso
–menor control sobre el modelo
2) modelos abiertos (open source / open-weight):
•ventajas:
–mayor control
–mejor privacidad
–personalizaci ón",,"{""semana"": 14, ""fecha"": ""2026-05-26"", ""nombre_archivo"": ""14_SEMANA_AI_20260526_1.pdf"", ""autor"": ""Ángel Eduardo Jiménez Valverde"", ""tema_principal"": ""I. RESPUESTAS DEL QUIZ PASADO"", ""secciones"": ""I. RESPUESTAS DEL QUIZ PASADO, II. INFORMACI ´ON IMPORTANTE ACERCA DEL CURSO, III. REPASO DE LA CLASE PASADA, IV. APUNTES DE LA CLASE DE HOY, C. Tipos de modelos utilizados en agentes"", ""chunk_numero"": 10, ""total_chunks"": 11}"
"–menor control sobre el modelo
2) modelos abiertos (open source / open-weight):
•ventajas:
–mayor control
–mejor privacidad
–personalizaci ón
–posibilidad de ejecuci ón local
•desventajas:
–mayor complejidad operativa
–requieren infraestructura
–configuraci ón y monitoreo propios
uno de los retor m ás importantes al construir un agente es
decidir. ¿qué modelo de lenguaje deber ´ıamos utilizar?
la verdad es que no existe un único modelo ideal para todas
las tareas, el mejor modelo var ´ıa dependiendo de las tareas, y
principalmente de los atributos que se tengan.
al final, seleccionar el llm depender á del problema que
queremos solucionar, la infraestructura y las restricciones que
tendrá el sistema.
fig. 4. aspectos para elegir el tipo de llm para un agente",,"{""semana"": 14, ""fecha"": ""2026-05-26"", ""nombre_archivo"": ""14_SEMANA_AI_20260526_1.pdf"", ""autor"": ""Ángel Eduardo Jiménez Valverde"", ""tema_principal"": ""I. RESPUESTAS DEL QUIZ PASADO"", ""secciones"": ""I. RESPUESTAS DEL QUIZ PASADO, II. INFORMACI ´ON IMPORTANTE ACERCA DEL CURSO, III. REPASO DE LA CLASE PASADA, IV. APUNTES DE LA CLASE DE HOY, C. Tipos de modelos utilizados en agentes"", ""chunk_numero"": 11, ""total_chunks"": 11}"
"[pagina 1]
semana 14 clase 1 inteligencia artificial
*resumen de la clase impartida el d ´ıa martes 26 de mayo
emmanuel jos é matamoros jim énez
escuela de ingenier ´ıa en computaci ón
instituto tecnológico de costa rica
cartago, costa rica
emmajose1703@estudiantec.cr
profesor: steven andrey pacheco portuguez
curso: ic6200 inteligencia artificial
abstract—este documento resume los principales concep-
tos abordados durante la clase relacionados con embeddings,
búsqueda sem ántica, sistemas rag (retrieval augmented gen-
eration) y la construcci ón de agentes basados en modelos de
lenguaje (llms). adem ás, se analizan los componentes funda-
mentales de un agente inteligente, los criterios para la selección de
modelos de lenguaje y las diferencias entre modelos propietarios y",,"{""semana"": 14, ""fecha"": ""2026-05-26"", ""nombre_archivo"": ""14_SEMANA_AI_20260526_2.pdf"", ""autor"": ""Emmanuel José Matamoros Jiménez"", ""tema_principal"": ""I. INICIO DE LA CLASE"", ""secciones"": ""I. INICIO DE LA CLASE, C. Operaciones sobre embeddings, D. M ´etricas de similitud, II. LIMITACIONES DE LOS MODELOS DE LENGUAJE, III. RETRIEVALAUGMENTEDGENERATION(RAG)"", ""chunk_numero"": 1, ""total_chunks"": 21}"
"mentales de un agente inteligente, los criterios para la selección de
modelos de lenguaje y las diferencias entre modelos propietarios y
modelos abiertos utilizados en sistemas modernos de inteligencia
artificial.
i. inicio de la clase
a. quiz 6
la sesi ón inici ó con la realizaci ón del último quiz del
semestre, el cual abord ó conceptos relacionados con redes
neuronales convolucionales, arquitecturas de segmentaci ón y
modelos de aprendizaje no supervisado. a continuaci ón las
respuestas de dicho quiz.
1) ¿qu é es una capa de convolucion y una capa de pool-
ing?:
una capa de convolución es un componente fundamental de
las redes neuronales convolucionales (cnn), encargado de
extraer caracter ´ısticas de una imagen mediante la aplicaci ón",,"{""semana"": 14, ""fecha"": ""2026-05-26"", ""nombre_archivo"": ""14_SEMANA_AI_20260526_2.pdf"", ""autor"": ""Emmanuel José Matamoros Jiménez"", ""tema_principal"": ""I. INICIO DE LA CLASE"", ""secciones"": ""I. INICIO DE LA CLASE, C. Operaciones sobre embeddings, D. M ´etricas de similitud, II. LIMITACIONES DE LOS MODELOS DE LENGUAJE, III. RETRIEVALAUGMENTEDGENERATION(RAG)"", ""chunk_numero"": 2, ""total_chunks"": 21}"
"las redes neuronales convolucionales (cnn), encargado de
extraer caracter ´ısticas de una imagen mediante la aplicaci ón
de filtros okernels. estos filtros permiten detectar patrones
como bordes, texturas y formas complejas, generando mapas
de caracter´ısticas que serán utilizados por las capas posteriores
de la red.
por otra parte, una capa depoolingtiene como objetivo
reducir la dimensionalidad espacial de los mapas de carac-
ter´ısticas obtenidos durante la convoluci ón. el m étodo m ás
utilizado es elmax pooling, el cual conserva el valor m áximo
dentro de una regi ón determinada, reduciendo el costo com-
putacional y ayudando a disminuir el riesgo de sobreajuste.
2) describa parte por parte un modulo de inception:
se repas ó la composici ón de un m ódulo inception, uti-",,"{""semana"": 14, ""fecha"": ""2026-05-26"", ""nombre_archivo"": ""14_SEMANA_AI_20260526_2.pdf"", ""autor"": ""Emmanuel José Matamoros Jiménez"", ""tema_principal"": ""I. INICIO DE LA CLASE"", ""secciones"": ""I. INICIO DE LA CLASE, C. Operaciones sobre embeddings, D. M ´etricas de similitud, II. LIMITACIONES DE LOS MODELOS DE LENGUAJE, III. RETRIEVALAUGMENTEDGENERATION(RAG)"", ""chunk_numero"": 3, ""total_chunks"": 21}"
"2) describa parte por parte un modulo de inception:
se repas ó la composici ón de un m ódulo inception, uti-
lizado en arquitecturas como googlenet. este m ódulo per-
mite procesar informaci ón a diferentes escalas de manera
simultánea mediante cuatro ramas paralelas:
•convoluci ón1×1.
•convoluci ón1×1seguida de una convoluci ón3×3.
•convoluci ón1×1seguida de una convoluci ón5×5.
•max pooling seguido de una convoluci ón1×1.
las salidas de estas ramas se concatenan para formar una
representación m ás rica de las caracter ´ısticas de entrada.
3) describa como puede usarse un autoencoder para de-
teccion de anomalias:
también se revis ó el uso de autoencoders para la de-
tección de anomal ´ıas. estos modelos se entrenan utilizando
únicamente datos considerados normales, aprendiendo a re-",,"{""semana"": 14, ""fecha"": ""2026-05-26"", ""nombre_archivo"": ""14_SEMANA_AI_20260526_2.pdf"", ""autor"": ""Emmanuel José Matamoros Jiménez"", ""tema_principal"": ""I. INICIO DE LA CLASE"", ""secciones"": ""I. INICIO DE LA CLASE, C. Operaciones sobre embeddings, D. M ´etricas de similitud, II. LIMITACIONES DE LOS MODELOS DE LENGUAJE, III. RETRIEVALAUGMENTEDGENERATION(RAG)"", ""chunk_numero"": 4, ""total_chunks"": 21}"
"tección de anomal ´ıas. estos modelos se entrenan utilizando
únicamente datos considerados normales, aprendiendo a re-
construirlos con un error m ´ınimo.
durante la fase de inferencia, si un dato presenta carac-
ter´ısticas significativamente diferentes a las observadas durante
el entrenamiento, el error de reconstrucci ón aumenta consid-
erablemente. este incremento puede utilizarse como indicador
para identificar anomal ´ıas, siendo una t écnica ampliamente
utilizada en detecci ón de fraudes, monitoreo industrial y
ciberseguridad.
4) describa la composicion de una arquitectura unet:
finalmente, se repasó la estructura de la arquitectura u-net,
ampliamente utilizada en tareas de segmentaci ón de imágenes.
la arquitectura est á compuesta por tres partes principales:",,"{""semana"": 14, ""fecha"": ""2026-05-26"", ""nombre_archivo"": ""14_SEMANA_AI_20260526_2.pdf"", ""autor"": ""Emmanuel José Matamoros Jiménez"", ""tema_principal"": ""I. INICIO DE LA CLASE"", ""secciones"": ""I. INICIO DE LA CLASE, C. Operaciones sobre embeddings, D. M ´etricas de similitud, II. LIMITACIONES DE LOS MODELOS DE LENGUAJE, III. RETRIEVALAUGMENTEDGENERATION(RAG)"", ""chunk_numero"": 5, ""total_chunks"": 21}"
"ampliamente utilizada en tareas de segmentaci ón de imágenes.
la arquitectura est á compuesta por tres partes principales:
•encoder: encargado de extraer caracter ´ısticas mediante
convoluciones y operaciones de pooling.
•bottleneck: representaci ón comprimida de la infor-
mación aprendida.
•decoder: reconstruye progresivamente la resoluci ón es-
pacial de la imagen.
una caracter´ıstica distintiva de u-net son lasskip connec-
tions, conexiones directas entre el encoder y el decoder que
permiten preservar informaci ón espacial importante y mejorar
la precisi ón de la segmentaci ón.
b. informaci ón para las siguientes evaluaciones
posteriormente se discutió la planificación de las actividades
restantes del curso:
•semana 14: asignaci ón de la siguiente tarea.",,"{""semana"": 14, ""fecha"": ""2026-05-26"", ""nombre_archivo"": ""14_SEMANA_AI_20260526_2.pdf"", ""autor"": ""Emmanuel José Matamoros Jiménez"", ""tema_principal"": ""I. INICIO DE LA CLASE"", ""secciones"": ""I. INICIO DE LA CLASE, C. Operaciones sobre embeddings, D. M ´etricas de similitud, II. LIMITACIONES DE LOS MODELOS DE LENGUAJE, III. RETRIEVALAUGMENTEDGENERATION(RAG)"", ""chunk_numero"": 6, ""total_chunks"": 21}"
"posteriormente se discutió la planificación de las actividades
restantes del curso:
•semana 14: asignaci ón de la siguiente tarea.
•semana 15: asignaci ón del proyecto final.
•semana 18: realizaci ón del examen final y entrega del
proyecto.
[pagina 2]
además, se indic ó que la pr óxima tarea estar á orien-
tada al uso pr áctico de modelos de lenguaje y herramientas
relacionadas con agentes inteligentes, incluyendo tecnolog ´ıas
como langflow, langsmith, mcp servers y agents.
c. operaciones sobre embeddings
fig. 1. ejemplo del proceso de embedding [1]
una vez representados como vectores, es posible realizar
diferentes operaciones matem áticas sobre los embeddings.
uno de los ejemplos m ás conocidos consiste en realizar
operaciones algebraicas entre conceptos:
rey−hombre+m ujer≈reina",,"{""semana"": 14, ""fecha"": ""2026-05-26"", ""nombre_archivo"": ""14_SEMANA_AI_20260526_2.pdf"", ""autor"": ""Emmanuel José Matamoros Jiménez"", ""tema_principal"": ""I. INICIO DE LA CLASE"", ""secciones"": ""I. INICIO DE LA CLASE, C. Operaciones sobre embeddings, D. M ´etricas de similitud, II. LIMITACIONES DE LOS MODELOS DE LENGUAJE, III. RETRIEVALAUGMENTEDGENERATION(RAG)"", ""chunk_numero"": 7, ""total_chunks"": 21}"
"uno de los ejemplos m ás conocidos consiste en realizar
operaciones algebraicas entre conceptos:
rey−hombre+m ujer≈reina
este comportamiento demuestra que los embeddings son
capaces de capturar relaciones sem ánticas complejas presentes
en el lenguaje natural.
d. m étricas de similitud
para comparar embeddings se utilizan diferentes m étricas
matemáticas.
1) distancia euclidiana:la distancia euclidiana mide qu é
tan alejados se encuentran dos puntos dentro del espacio
vectorial.
una distancia peque ña indica una alta similitud entre los
conceptos representados.
2) similitud del coseno:la similitud del coseno mide el
ángulo entre dos vectores.
mientras m ás peque ño sea el ángulo entre ellos, m ás simi-
lares ser án sus significados.
esta m étrica es ampliamente utilizada en modelos de",,"{""semana"": 14, ""fecha"": ""2026-05-26"", ""nombre_archivo"": ""14_SEMANA_AI_20260526_2.pdf"", ""autor"": ""Emmanuel José Matamoros Jiménez"", ""tema_principal"": ""I. INICIO DE LA CLASE"", ""secciones"": ""I. INICIO DE LA CLASE, C. Operaciones sobre embeddings, D. M ´etricas de similitud, II. LIMITACIONES DE LOS MODELOS DE LENGUAJE, III. RETRIEVALAUGMENTEDGENERATION(RAG)"", ""chunk_numero"": 8, ""total_chunks"": 21}"
"mientras m ás peque ño sea el ángulo entre ellos, m ás simi-
lares ser án sus significados.
esta m étrica es ampliamente utilizada en modelos de
lenguaje debido a que se enfoca en la direcci ón de los vectores
y no en su magnitud.
e. embeddings de oraciones
los embeddings no se limitan únicamente a palabras indi-
viduales. también es posible generar representaciones vecto-
riales de frases completas.
estossentence embeddingspermiten comparar ideas, pre-
guntas y documentos considerando su significado global, in-
cluso cuando utilizan palabras diferentes.
por ejemplo, una pregunta sobre la poblaci ón de berl ´ın
tendrá una representaci ón mucho m ás cercana a una respuesta
relacionada con dicha ciudad que a una oraci ón referente a
eventos deportivos o capitales de otros pa ´ıses.",,"{""semana"": 14, ""fecha"": ""2026-05-26"", ""nombre_archivo"": ""14_SEMANA_AI_20260526_2.pdf"", ""autor"": ""Emmanuel José Matamoros Jiménez"", ""tema_principal"": ""I. INICIO DE LA CLASE"", ""secciones"": ""I. INICIO DE LA CLASE, C. Operaciones sobre embeddings, D. M ´etricas de similitud, II. LIMITACIONES DE LOS MODELOS DE LENGUAJE, III. RETRIEVALAUGMENTEDGENERATION(RAG)"", ""chunk_numero"": 9, ""total_chunks"": 21}"
"relacionada con dicha ciudad que a una oraci ón referente a
eventos deportivos o capitales de otros pa ´ıses.
ii. limitaciones de los modelos de lenguaje
los modelos de lenguaje tradicionales poseen una lim-
itación importante: su conocimiento es est ático.
una vez entrenado el modelo, la informaci ón que contiene
queda congelada hasta que se realiza un nuevo proceso de
entrenamiento. esto dificulta responder preguntas relacionadas
con informaci ón reciente o datos espec ´ıficos de una organi-
zación.
ante esta situaci ón surge la necesidad de incorporar mecan-
ismos que permitan acceder a conocimiento externo sin necesi-
dad de reentrenar el modelo.
iii. retrievalaugmentedgeneration(rag)
una de las estrategias m ás utilizadas para resolver esta",,"{""semana"": 14, ""fecha"": ""2026-05-26"", ""nombre_archivo"": ""14_SEMANA_AI_20260526_2.pdf"", ""autor"": ""Emmanuel José Matamoros Jiménez"", ""tema_principal"": ""I. INICIO DE LA CLASE"", ""secciones"": ""I. INICIO DE LA CLASE, C. Operaciones sobre embeddings, D. M ´etricas de similitud, II. LIMITACIONES DE LOS MODELOS DE LENGUAJE, III. RETRIEVALAUGMENTEDGENERATION(RAG)"", ""chunk_numero"": 10, ""total_chunks"": 21}"
"dad de reentrenar el modelo.
iii. retrievalaugmentedgeneration(rag)
una de las estrategias m ás utilizadas para resolver esta
limitación es retrieval augmented generation (rag).
el objetivo de rag consiste en complementar el
conocimiento interno del modelo mediante informaci ón
obtenida desde fuentes externas.
a. proceso de construcci ón
el proceso inicia con una colecci ón de documentos que
contienen la informaci ón que se desea consultar.
estos documentos son divididos en fragmentos m ás
pequeños mediante una t écnica conocida comochunking.
cada fragmento es transformado posteriormente en un em-
bedding utilizando un modelo especializado.
finalmente, los vectores generados son almacenados dentro
de una base de datos vectorial.
b. proceso de consulta",,"{""semana"": 14, ""fecha"": ""2026-05-26"", ""nombre_archivo"": ""14_SEMANA_AI_20260526_2.pdf"", ""autor"": ""Emmanuel José Matamoros Jiménez"", ""tema_principal"": ""I. INICIO DE LA CLASE"", ""secciones"": ""I. INICIO DE LA CLASE, C. Operaciones sobre embeddings, D. M ´etricas de similitud, II. LIMITACIONES DE LOS MODELOS DE LENGUAJE, III. RETRIEVALAUGMENTEDGENERATION(RAG)"", ""chunk_numero"": 11, ""total_chunks"": 21}"
"finalmente, los vectores generados son almacenados dentro
de una base de datos vectorial.
b. proceso de consulta
cuando el usuario realiza una pregunta:
1) la consulta es convertida en un embedding.
2) se compara con todos los embeddings almacenados.
3) se recuperan los fragmentos m ás similares.
4) los fragmentos recuperados se agregan al prompt.
5) el modelo genera una respuesta utilizando dicha infor-
mación adicional.
este proceso recibe el nombre deaugmentaci ón, ya que
aumenta el contexto disponible para el modelo durante la
generación de la respuesta.
[pagina 3]
fig. 2. proceso rag [2]
c. aplicaciones de rag
entre los principales casos de uso se encuentran:
•asistentes empresariales.
•sistemas de soporte al cliente.
•plataformas de investigaci ón documental.",,"{""semana"": 14, ""fecha"": ""2026-05-26"", ""nombre_archivo"": ""14_SEMANA_AI_20260526_2.pdf"", ""autor"": ""Emmanuel José Matamoros Jiménez"", ""tema_principal"": ""I. INICIO DE LA CLASE"", ""secciones"": ""I. INICIO DE LA CLASE, C. Operaciones sobre embeddings, D. M ´etricas de similitud, II. LIMITACIONES DE LOS MODELOS DE LENGUAJE, III. RETRIEVALAUGMENTEDGENERATION(RAG)"", ""chunk_numero"": 12, ""total_chunks"": 21}"
"•asistentes empresariales.
•sistemas de soporte al cliente.
•plataformas de investigaci ón documental.
•motores de b úsqueda sem ántica.
•sistemas de consulta sobre documentaci ón interna.
iv. introducci ´on a los agentes inteligentes
la parte principal de la clase estuvo dedicada al estudio de
agentes basados en modelos de lenguaje.
mientras que un chatbot tradicional se limita a responder
preguntas, un agente tiene la capacidad de razonar, planificar
y ejecutar acciones.
por esta raz ón puede considerarse una evoluci ón natural de
los asistentes conversacionales tradicionales.
un agente combina m últiples componentes que traba-
jan conjuntamente para resolver tareas complejas de forma
autónoma.
v. componentes fundamentales de un agente
a. perfil
el perfil define la identidad del agente.",,"{""semana"": 14, ""fecha"": ""2026-05-26"", ""nombre_archivo"": ""14_SEMANA_AI_20260526_2.pdf"", ""autor"": ""Emmanuel José Matamoros Jiménez"", ""tema_principal"": ""I. INICIO DE LA CLASE"", ""secciones"": ""I. INICIO DE LA CLASE, C. Operaciones sobre embeddings, D. M ´etricas de similitud, II. LIMITACIONES DE LOS MODELOS DE LENGUAJE, III. RETRIEVALAUGMENTEDGENERATION(RAG)"", ""chunk_numero"": 13, ""total_chunks"": 21}"
"autónoma.
v. componentes fundamentales de un agente
a. perfil
el perfil define la identidad del agente.
este componente establece:
•rol del agente.
•personalidad.
•objetivos.
•restricciones de comportamiento.
el perfil permite adaptar el comportamiento del agente
según el contexto de uso.
b. memoria
la memoria permite mantener coherencia entre interac-
ciones.
existen dos tipos principales:
1) memoria de corto plazo:corresponde a la ventana de
contexto del modelo.
permite recordar informaci ón presente dentro de la conver-
sación actual.
2) memoria de largo plazo:utiliza fuentes externas para
almacenar informaci ón persistente.
permite recordar preferencias del usuario o informaci ón
relevante obtenida en sesiones anteriores.
c. planificaci ón",,"{""semana"": 14, ""fecha"": ""2026-05-26"", ""nombre_archivo"": ""14_SEMANA_AI_20260526_2.pdf"", ""autor"": ""Emmanuel José Matamoros Jiménez"", ""tema_principal"": ""I. INICIO DE LA CLASE"", ""secciones"": ""I. INICIO DE LA CLASE, C. Operaciones sobre embeddings, D. M ´etricas de similitud, II. LIMITACIONES DE LOS MODELOS DE LENGUAJE, III. RETRIEVALAUGMENTEDGENERATION(RAG)"", ""chunk_numero"": 14, ""total_chunks"": 21}"
"permite recordar preferencias del usuario o informaci ón
relevante obtenida en sesiones anteriores.
c. planificaci ón
la planificaci ón consiste en dividir tareas complejas en
pasos m ás simples.
este componente determina la secuencia de acciones que
debe ejecutar el agente para alcanzar un objetivo determinado.
entre las t écnicas utilizadas destacan:
•chain of thought (cot).
•tree of thoughts (tot).
•mecanismos de retroalimentaci ón iterativa.
d. acci ón
la acción representa la capacidad del agente para interactuar
con su entorno.
las acciones pueden ejecutarse utilizando:
•sistemas rag.
•herramientas de b úsqueda web.
•apis externas.
•servicios empresariales.
•sistemas de bases de datos.
esta capacidad permite que el agente vaya m ás all á de la",,"{""semana"": 14, ""fecha"": ""2026-05-26"", ""nombre_archivo"": ""14_SEMANA_AI_20260526_2.pdf"", ""autor"": ""Emmanuel José Matamoros Jiménez"", ""tema_principal"": ""I. INICIO DE LA CLASE"", ""secciones"": ""I. INICIO DE LA CLASE, C. Operaciones sobre embeddings, D. M ´etricas de similitud, II. LIMITACIONES DE LOS MODELOS DE LENGUAJE, III. RETRIEVALAUGMENTEDGENERATION(RAG)"", ""chunk_numero"": 15, ""total_chunks"": 21}"
"•apis externas.
•servicios empresariales.
•sistemas de bases de datos.
esta capacidad permite que el agente vaya m ás all á de la
generación de texto y produzca resultados ejecutables.
vi. selecci ´on de modelos de lenguaje
uno de los retos m ás importantes en la construcci ón de
agentes consiste en seleccionar el modelo de lenguaje ade-
cuado.
no existe un único modelo ideal para todas las aplicaciones.
la selecci ón depende de diversos factores t écnicos y oper-
ativos.
a. factores de evaluaci ón
entre los criterios m ás importantes se encuentran:
•precisi ón requerida.
•tiempo de respuesta.
•costo computacional.
•privacidad de los datos.
•tama ño de la ventana de contexto.
•capacidad de razonamiento.
•soporte para herramientas externas.",,"{""semana"": 14, ""fecha"": ""2026-05-26"", ""nombre_archivo"": ""14_SEMANA_AI_20260526_2.pdf"", ""autor"": ""Emmanuel José Matamoros Jiménez"", ""tema_principal"": ""I. INICIO DE LA CLASE"", ""secciones"": ""I. INICIO DE LA CLASE, C. Operaciones sobre embeddings, D. M ´etricas de similitud, II. LIMITACIONES DE LOS MODELOS DE LENGUAJE, III. RETRIEVALAUGMENTEDGENERATION(RAG)"", ""chunk_numero"": 16, ""total_chunks"": 21}"
"•costo computacional.
•privacidad de los datos.
•tama ño de la ventana de contexto.
•capacidad de razonamiento.
•soporte para herramientas externas.
frecuentemente existe una relaci ón de compromiso entre
rendimiento, costo y latencia.
vii. ejecuci ´on local de modelos
la clase tambi én abord ó la posibilidad de ejecutar modelos
de lenguaje localmente.
herramientas como ollama permiten descargar y ejecutar
modelos directamente en equipos locales sin necesidad de
utilizar apis externas.
entre las principales ventajas se encuentran:
•mayor privacidad.
•menor dependencia de proveedores externos.
[pagina 4]
•control total de la infraestructura.
•facilidad para experimentaci ón y desarrollo.
algunos modelos compatibles incluyen:
•llama.
•qwen.
•deepseek.
•gemma.
•mistral.",,"{""semana"": 14, ""fecha"": ""2026-05-26"", ""nombre_archivo"": ""14_SEMANA_AI_20260526_2.pdf"", ""autor"": ""Emmanuel José Matamoros Jiménez"", ""tema_principal"": ""I. INICIO DE LA CLASE"", ""secciones"": ""I. INICIO DE LA CLASE, C. Operaciones sobre embeddings, D. M ´etricas de similitud, II. LIMITACIONES DE LOS MODELOS DE LENGUAJE, III. RETRIEVALAUGMENTEDGENERATION(RAG)"", ""chunk_numero"": 17, ""total_chunks"": 21}"
"•facilidad para experimentaci ón y desarrollo.
algunos modelos compatibles incluyen:
•llama.
•qwen.
•deepseek.
•gemma.
•mistral.
viii. modelos propietarios y modelos abiertos
fig. 3. arquitectura de un agente de ia [3]
finalmente se discutieron los dos enfoques predominantes
para el uso de modelos de lenguaje dentro de agentes in-
teligentes.
a. modelos propietarios
los modelos propietarios son administrados por empresas
que controlan completamente su infraestructura y desarrollo.
entre sus ventajas destacan:
•facilidad de integraci ón.
•infraestructura administrada.
•buen rendimiento general.
•soporte avanzado para herramientas.
sus principales limitaciones son:
•dependencia del proveedor.
•costos asociados al uso.
•menor nivel de control sobre el modelo.
b. modelos abiertos",,"{""semana"": 14, ""fecha"": ""2026-05-26"", ""nombre_archivo"": ""14_SEMANA_AI_20260526_2.pdf"", ""autor"": ""Emmanuel José Matamoros Jiménez"", ""tema_principal"": ""I. INICIO DE LA CLASE"", ""secciones"": ""I. INICIO DE LA CLASE, C. Operaciones sobre embeddings, D. M ´etricas de similitud, II. LIMITACIONES DE LOS MODELOS DE LENGUAJE, III. RETRIEVALAUGMENTEDGENERATION(RAG)"", ""chunk_numero"": 18, ""total_chunks"": 21}"
"sus principales limitaciones son:
•dependencia del proveedor.
•costos asociados al uso.
•menor nivel de control sobre el modelo.
b. modelos abiertos
los modelos abiertos permiten un mayor grado de control
y personalizaci ón.
sus ventajas incluyen:
•mayor privacidad.
•personalizaci ón avanzada.
•posibilidad de ejecuci ón local.
•control completo del entorno.
sin embargo, presentan algunos desaf ´ıos:
•mayor complejidad operativa.
•necesidad de infraestructura propia.
•responsabilidad sobre configuraci ón y monitoreo.
ix. conclusiones
durante esta sesi ón se estudi ó la evoluci ón de los sistemas
basados en modelos de lenguaje, desde los embeddings y
la b úsqueda sem ántica hasta la construcci ón de agentes in-
teligentes capaces de razonar y ejecutar acciones. asimismo,",,"{""semana"": 14, ""fecha"": ""2026-05-26"", ""nombre_archivo"": ""14_SEMANA_AI_20260526_2.pdf"", ""autor"": ""Emmanuel José Matamoros Jiménez"", ""tema_principal"": ""I. INICIO DE LA CLASE"", ""secciones"": ""I. INICIO DE LA CLASE, C. Operaciones sobre embeddings, D. M ´etricas de similitud, II. LIMITACIONES DE LOS MODELOS DE LENGUAJE, III. RETRIEVALAUGMENTEDGENERATION(RAG)"", ""chunk_numero"": 19, ""total_chunks"": 21}"
"la b úsqueda sem ántica hasta la construcci ón de agentes in-
teligentes capaces de razonar y ejecutar acciones. asimismo,
se analizó cómo las arquitecturas rag permiten complementar
el conocimiento estático de los modelos mediante informaci ón
externa, mejorando significativamente la calidad de las re-
spuestas generadas. finalmente, se revisaron los componentes
fundamentales de un agente moderno y los criterios que deben
considerarse para seleccionar adecuadamente un modelo de
lenguaje seg ún los requerimientos t écnicos, econ ómicos y
operativos de cada aplicaci ón.
x. referencias
[1] “embeddings,” arize ai, apr. 12, 2023.
https://arize.com/glossary/embeddings/ (accessed jun. 03,
2026). [2] o. ai, “understanding rag: 6 steps of retrieval",,"{""semana"": 14, ""fecha"": ""2026-05-26"", ""nombre_archivo"": ""14_SEMANA_AI_20260526_2.pdf"", ""autor"": ""Emmanuel José Matamoros Jiménez"", ""tema_principal"": ""I. INICIO DE LA CLASE"", ""secciones"": ""I. INICIO DE LA CLASE, C. Operaciones sobre embeddings, D. M ´etricas de similitud, II. LIMITACIONES DE LOS MODELOS DE LENGUAJE, III. RETRIEVALAUGMENTEDGENERATION(RAG)"", ""chunk_numero"": 20, ""total_chunks"": 21}"
"https://arize.com/glossary/embeddings/ (accessed jun. 03,
2026). [2] o. ai, “understanding rag: 6 steps of retrieval
augmented generation (rag),” obot ai, may 21, 2024.
https://obot.ai/resources/learning-center/retrieval-augmented-
generation/ (accessed jun. 03, 2026). [3] “todo lo que
necesitas saber sobre los agentes de ia: gu ´ıa definitiva,” no-
code start-up, may 2024. https://nocodestartup.io/es/guia-
definitiva-de-agentes-de-ia-2/ (accessed jun. 03, 2026).",,"{""semana"": 14, ""fecha"": ""2026-05-26"", ""nombre_archivo"": ""14_SEMANA_AI_20260526_2.pdf"", ""autor"": ""Emmanuel José Matamoros Jiménez"", ""tema_principal"": ""I. INICIO DE LA CLASE"", ""secciones"": ""I. INICIO DE LA CLASE, C. Operaciones sobre embeddings, D. M ´etricas de similitud, II. LIMITACIONES DE LOS MODELOS DE LENGUAJE, III. RETRIEVALAUGMENTEDGENERATION(RAG)"", ""chunk_numero"": 21, ""total_chunks"": 21}"
"[pagina 1]
apunte semana 14 clase ii inteligencia artificial
fabricio picado alvarado
escuela de ingeniería en computación
tecnológico de costa rica
profesor: steven pacheco portuguez
curso: ic6200 inteligencia artificial
fecha: 28 de mayo de 2026
i. repaso de la clase anterior
i-a. concepto general de agente llm
sistema basado en un modelo de lenguaje que no se limita a
producir respuestas textuales. su función puede incluir el uso
de información previa, la consulta de herramientas externas y
la organización de acciones para resolver una tarea.
de esta manera, el agente funciona como una extensión
del modelo de lenguaje, ya que puede interactuar con otros
recursos y no dependerúnicamente del conocimiento interno
del modelo.
i-b. componentes principales de un agente",,"{""semana"": 14, ""fecha"": ""2026-05-28"", ""nombre_archivo"": ""14_SEMANA_AI_20260528_1.pdf"", ""autor"": ""Fabricio Picado Alvarado"", ""tema_principal"": ""I. REPASO DE LA CLASE ANTERIOR"", ""secciones"": ""I. REPASO DE LA CLASE ANTERIOR, II. MATERIA DESARROLLADA, III. TAREA ASIGNADA"", ""chunk_numero"": 1, ""total_chunks"": 39}"
"recursos y no dependerúnicamente del conocimiento interno
del modelo.
i-b. componentes principales de un agente
estos agentes requieren componentes adicionales al modelo
de lenguaje. los principales son la memoria, las herramientas
y la planificación. la memoria permite conservar información
relevante; las herramientas permiten consultar o utilizar servi-
cios externos; y la planificación organiza los pasos necesarios
para cumplir un objetivo.
estos elementos permiten que el sistema pase de una
respuesta conversacional simple a un procesomás autónomo,
estructurado y orientado a tareas.
i-b1. memoria:permite que el agente conserve infor-
mación de interacciones anteriores, como preferencias del
usuario, datos relevantes o información previamente men-",,"{""semana"": 14, ""fecha"": ""2026-05-28"", ""nombre_archivo"": ""14_SEMANA_AI_20260528_1.pdf"", ""autor"": ""Fabricio Picado Alvarado"", ""tema_principal"": ""I. REPASO DE LA CLASE ANTERIOR"", ""secciones"": ""I. REPASO DE LA CLASE ANTERIOR, II. MATERIA DESARROLLADA, III. TAREA ASIGNADA"", ""chunk_numero"": 2, ""total_chunks"": 39}"
"mación de interacciones anteriores, como preferencias del
usuario, datos relevantes o información previamente men-
cionada. esto evita que cada interacción sea tratada como
completamente nueva. gracias a esto el agente puede mantener
continuidad entre sesiones, adaptar sus respuestas al contexto
acumulado y responder de formamás coherenteyútil.
i-b2. herramientas:permiten que un agente basado en
llm consulte servicios externos o ejecute acciones específi-
cas, en lugar de dependerúnicamente del conocimiento interno
del modelo, ampliando sus capacidades y le permite trabajar
con información actualizada.
por ejemplo, un agente orientado a planificar un viaje podría
consultar apis de vuelos, clima, calendarios y hospedaje. así,
no solo genera recomendaciones generales, sino que puede",,"{""semana"": 14, ""fecha"": ""2026-05-28"", ""nombre_archivo"": ""14_SEMANA_AI_20260528_1.pdf"", ""autor"": ""Fabricio Picado Alvarado"", ""tema_principal"": ""I. REPASO DE LA CLASE ANTERIOR"", ""secciones"": ""I. REPASO DE LA CLASE ANTERIOR, II. MATERIA DESARROLLADA, III. TAREA ASIGNADA"", ""chunk_numero"": 3, ""total_chunks"": 39}"
"consultar apis de vuelos, clima, calendarios y hospedaje. así,
no solo genera recomendaciones generales, sino que puede
apoyarse en datos externos para construir una respuestamásútil y completa.
i-b3. planificación:permite que el agente divida una
tarea en pasos y los ejecute de forma ordenada. esto es
necesario porque muchas tareas no se resuelven con una sola
respuesta, sino que requieren identificar información, consultar
herramientas, analizar resultados y producir una solución.
para el ejemplo del agente de viaje, para organizar un viaje,
podría identificar destino y fechas, revisar vuelos, consultar
clima, buscar hospedaje y finalmente presentar una propuesta.
la planificación permite que el sistema actúe de maneramás
estructurada y cercana a un agente autónomo.",,"{""semana"": 14, ""fecha"": ""2026-05-28"", ""nombre_archivo"": ""14_SEMANA_AI_20260528_1.pdf"", ""autor"": ""Fabricio Picado Alvarado"", ""tema_principal"": ""I. REPASO DE LA CLASE ANTERIOR"", ""secciones"": ""I. REPASO DE LA CLASE ANTERIOR, II. MATERIA DESARROLLADA, III. TAREA ASIGNADA"", ""chunk_numero"": 4, ""total_chunks"": 39}"
"la planificación permite que el sistema actúe de maneramás
estructurada y cercana a un agente autónomo.
i-c. tipos de memoria
puede dividirse en memoria de corto plazo y memoria de
largo plazo. ambas permiten mantener coherencia y continui-
dad, pero se diferencian en el tiempo durante el cual conservan
la información.
la memoria de corto plazo está relacionada con la interac-
ción actual, mientras que la memoria de largo plazo conserva
información persistente para futuras sesiones.
i-c1. memoria de corto plazo:corresponde a la in-
formación disponible dentro de la ventana de contexto del
modelo. incluye los mensajes recientes, instrucciones, datos
proporcionados por el usuario e información utilizada durante
la tarea actual.
esta memoria es temporal y permite mantener coherencia",,"{""semana"": 14, ""fecha"": ""2026-05-28"", ""nombre_archivo"": ""14_SEMANA_AI_20260528_1.pdf"", ""autor"": ""Fabricio Picado Alvarado"", ""tema_principal"": ""I. REPASO DE LA CLASE ANTERIOR"", ""secciones"": ""I. REPASO DE LA CLASE ANTERIOR, II. MATERIA DESARROLLADA, III. TAREA ASIGNADA"", ""chunk_numero"": 5, ""total_chunks"": 39}"
"proporcionados por el usuario e información utilizada durante
la tarea actual.
esta memoria es temporal y permite mantener coherencia
dentro de una misma conversación o proceso. sin embargo, no
se conserva necesariamente después de finalizar la interacción,
por lo que no es suficiente cuando se necesita recordar
información entre sesiones diferentes.
i-c2. memoria de largo plazo:la memoria de largo plazo
permite conservar información persistente entre diferentes
interacciones o sesiones. a diferencia de la memoria de corto
plazo, no dependeúnicamente de la ventana de contexto actual,
sino que permite recuperar datos relevantes después de que una
conversación haya terminado.
puede almacenar preferencias del usuario, datos históricos",,"{""semana"": 14, ""fecha"": ""2026-05-28"", ""nombre_archivo"": ""14_SEMANA_AI_20260528_1.pdf"", ""autor"": ""Fabricio Picado Alvarado"", ""tema_principal"": ""I. REPASO DE LA CLASE ANTERIOR"", ""secciones"": ""I. REPASO DE LA CLASE ANTERIOR, II. MATERIA DESARROLLADA, III. TAREA ASIGNADA"", ""chunk_numero"": 6, ""total_chunks"": 39}"
"conversación haya terminado.
puede almacenar preferencias del usuario, datos históricos
o informaciónútil para futuras tareas. por lo que el agente
no debe empezar desde cero en cada interacción, pero es
necesario definir qué información se guarda, durante cuánto
tiempo y bajo qué condiciones, ya que no todos los datos son
permanentes o relevantes.
ii. materia desarrollada
no todos los modelos sirven para los mismos propósitos, por
lo que la elección depende del tipo de tarea, las restricciones
del sistema y las capacidades requeridas.
[pagina 2]
ii-a. selección de un modelo de lenguaje
al construir un agente, no basta con utilizar cualquier llm.
es necesario seleccionar el modelo según las necesidades del
sistema y la tarea que se desea resolver.",,"{""semana"": 14, ""fecha"": ""2026-05-28"", ""nombre_archivo"": ""14_SEMANA_AI_20260528_1.pdf"", ""autor"": ""Fabricio Picado Alvarado"", ""tema_principal"": ""I. REPASO DE LA CLASE ANTERIOR"", ""secciones"": ""I. REPASO DE LA CLASE ANTERIOR, II. MATERIA DESARROLLADA, III. TAREA ASIGNADA"", ""chunk_numero"": 7, ""total_chunks"": 39}"
"es necesario seleccionar el modelo según las necesidades del
sistema y la tarea que se desea resolver.
cada modelo puede diferenciarse en precisión, costo, ve-
locidad, capacidad de razonamiento, ventana de contexto,
privacidad y soporte para herramientas. por ello, el modelo
no debe elegirse solo por ser elmás avanzado, sino por su
adecuación al contexto de uso.
en tareas simples puede ser suficiente un modelomásrápido y económico, mientras que tareas complejas pueden
requerir modelosmás avanzados o especializados. en agentes,
esta decisión es clave porque el modelo puede encargarse de
interpretar instrucciones, usar herramientas, mantener contexto
y planificar acciones.
ii-b. factores para seleccionar un modelo
depende de las necesidades de la aplicación y de las",,"{""semana"": 14, ""fecha"": ""2026-05-28"", ""nombre_archivo"": ""14_SEMANA_AI_20260528_1.pdf"", ""autor"": ""Fabricio Picado Alvarado"", ""tema_principal"": ""I. REPASO DE LA CLASE ANTERIOR"", ""secciones"": ""I. REPASO DE LA CLASE ANTERIOR, II. MATERIA DESARROLLADA, III. TAREA ASIGNADA"", ""chunk_numero"": 8, ""total_chunks"": 39}"
"y planificar acciones.
ii-b. factores para seleccionar un modelo
depende de las necesidades de la aplicación y de las
restricciones del entorno donde se utilizará el agente. entre
los factores principales se encuentran la precisión requerida, el
tiempo de respuesta, el costo computacional, la privacidad de
los datos, la ventana de contexto, la capacidad de razonamiento
y el soporte para herramientas externas. por lo que la elección
debe buscar un equilibrio entre rendimiento, costo, velocidad
y control.
ii-b1. precisión requerida:la precisión requerida corres-
ponde al nivel de exactitud que necesita la tarea. no todas las
aplicaciones requieren el mismo grado de confiabilidad, por lo
que el modelo debe elegirse según la importancia de producir
respuestas correctas.",,"{""semana"": 14, ""fecha"": ""2026-05-28"", ""nombre_archivo"": ""14_SEMANA_AI_20260528_1.pdf"", ""autor"": ""Fabricio Picado Alvarado"", ""tema_principal"": ""I. REPASO DE LA CLASE ANTERIOR"", ""secciones"": ""I. REPASO DE LA CLASE ANTERIOR, II. MATERIA DESARROLLADA, III. TAREA ASIGNADA"", ""chunk_numero"": 9, ""total_chunks"": 39}"
"aplicaciones requieren el mismo grado de confiabilidad, por lo
que el modelo debe elegirse según la importancia de producir
respuestas correctas.
tareas simples, como responder preguntas frecuentes o
clasificar información general, pueden funcionar con modelos
menos complejos. en cambio, tareas que requieren análisis
cuidadoso, razonamiento detallado o decisionesmás delicadas
necesitan modelos con mayor precisión.
ii-b2. tiempo de respuesta:se relaciona con la latencia,
es decir, el tiempo que tarda el modelo en generar una
respuesta. algunos modelosmás complejos requierenmás
procesamiento, por lo que pueden sermás lentos.
en aplicaciones que necesitan interacciónrápida, como
asistentes simples o sistemas de preguntas frecuentes, conviene",,"{""semana"": 14, ""fecha"": ""2026-05-28"", ""nombre_archivo"": ""14_SEMANA_AI_20260528_1.pdf"", ""autor"": ""Fabricio Picado Alvarado"", ""tema_principal"": ""I. REPASO DE LA CLASE ANTERIOR"", ""secciones"": ""I. REPASO DE LA CLASE ANTERIOR, II. MATERIA DESARROLLADA, III. TAREA ASIGNADA"", ""chunk_numero"": 10, ""total_chunks"": 39}"
"en aplicaciones que necesitan interacciónrápida, como
asistentes simples o sistemas de preguntas frecuentes, conviene
utilizar modelosmás livianos. en cambio, si la tarea requiere
análisis profundo, puede aceptarse una mayor latencia.
ii-b3. costo computacional:recursos necesarios para
ejecutar un modelo, como procesamiento, memoria e infraes-
tructura. los modelosmás grandes o avanzados suelen requerirmás recursos y generar mayores costos.
se debe evaluar si realmente se necesita un modelo grande.
para tareas simples, un modelo avanzado puede ser innecesa-
ii-b4. privacidad de los datos:la privacidad de los
datos es importante cuando el agente trabaja con información
sensible, datos internos o información que no debería enviarse
a servicios externos sin control.",,"{""semana"": 14, ""fecha"": ""2026-05-28"", ""nombre_archivo"": ""14_SEMANA_AI_20260528_1.pdf"", ""autor"": ""Fabricio Picado Alvarado"", ""tema_principal"": ""I. REPASO DE LA CLASE ANTERIOR"", ""secciones"": ""I. REPASO DE LA CLASE ANTERIOR, II. MATERIA DESARROLLADA, III. TAREA ASIGNADA"", ""chunk_numero"": 11, ""total_chunks"": 39}"
"sensible, datos internos o información que no debería enviarse
a servicios externos sin control.
en estos casos, se debe decidir entre utilizar un modelo
propietario ofrecido por un proveedor externo o un modelo
abierto desplegado en infraestructura propia. los modelos
propietarios suelen facilitar la integración, pero implican de-
pendencia del proveedor. los modelos abiertos ofrecen mayor
control sobre los datos, aunque requierenmás trabajotécnico
para desplegarlos y administrarlos.
ii-b5. ventana de contexto:la ventana de contexto es la
cantidad de información que el modelo puede recibir y manejar
dentro de una misma interacción. una ventanamás amplia per-
mite trabajar con documentos largos, conversaciones extensas
o tareas que requieren mantener varios datos presentes.",,"{""semana"": 14, ""fecha"": ""2026-05-28"", ""nombre_archivo"": ""14_SEMANA_AI_20260528_1.pdf"", ""autor"": ""Fabricio Picado Alvarado"", ""tema_principal"": ""I. REPASO DE LA CLASE ANTERIOR"", ""secciones"": ""I. REPASO DE LA CLASE ANTERIOR, II. MATERIA DESARROLLADA, III. TAREA ASIGNADA"", ""chunk_numero"": 12, ""total_chunks"": 39}"
"mite trabajar con documentos largos, conversaciones extensas
o tareas que requieren mantener varios datos presentes.
en agentes, esto esútil para analizar instrucciones largas o
información acumulada durante una tarea. sin embargo, y no
debe confundirse con la memoria persistente: la información
en la ventana de contexto es temporal y no necesariamente se
conserva para futuras sesiones.
ii-b6. capacidad de razonamiento:la capacidad de ra-
zonamiento indica qué tan bien un modelo puede analizar una
tarea, dividirla en pasos y construir una respuesta elaborada.
no todos los modelos razonan con la misma profundidad, por
lo que este factor debe considerarse según la complejidad del
problema.
tareas de programación, resolución de problemas comple-",,"{""semana"": 14, ""fecha"": ""2026-05-28"", ""nombre_archivo"": ""14_SEMANA_AI_20260528_1.pdf"", ""autor"": ""Fabricio Picado Alvarado"", ""tema_principal"": ""I. REPASO DE LA CLASE ANTERIOR"", ""secciones"": ""I. REPASO DE LA CLASE ANTERIOR, II. MATERIA DESARROLLADA, III. TAREA ASIGNADA"", ""chunk_numero"": 13, ""total_chunks"": 39}"
"lo que este factor debe considerarse según la complejidad del
problema.
tareas de programación, resolución de problemas comple-
jos, planificación o análisis detallado pueden necesitar modelos
con mayor capacidad de razonamiento.
ii-b7. soporte para tools:permite que el modelo se
conecte con sistemas externos, consulte servicios o ejecute
acciones. es especialmente importante en agentes, ya que
no basta con generar texto, sino que puede ser necesario
interactuar con apis, calendarios, clima u otras fuentes de
información.
ii-c. modelos propietarios y abiertos
los modelos propietarios suelen ofrecer integración senci-
lla, infraestructura administrada, buen rendimiento y soporte
para herramientas. son convenientes cuando se busca desarro-",,"{""semana"": 14, ""fecha"": ""2026-05-28"", ""nombre_archivo"": ""14_SEMANA_AI_20260528_1.pdf"", ""autor"": ""Fabricio Picado Alvarado"", ""tema_principal"": ""I. REPASO DE LA CLASE ANTERIOR"", ""secciones"": ""I. REPASO DE LA CLASE ANTERIOR, II. MATERIA DESARROLLADA, III. TAREA ASIGNADA"", ""chunk_numero"": 14, ""total_chunks"": 39}"
"lla, infraestructura administrada, buen rendimiento y soporte
para herramientas. son convenientes cuando se busca desarro-
llar una soluciónrápidamente, aunque implican dependencia
del proveedor, costos por uso y menor control sobre el modelo
y los datos.
los modelos abiertos ofrecen mayor control, privacidad,
personalización y posibilidad de despliegue local o en infraes-
tructura propia. sin embargo, requierenmás complejidad ope-
rativa, recursos computacionales, mantenimiento y monitoreo.
ii-d. modelos de razonamiento
se utilizan cuando una tarea requiere análisis profundo,
pasos intermedios o resolución compleja. a diferencia de
modelos orientados a respuestas directas, dedicanmás pro-
cesamiento a interpretar el problema y construir una solución.",,"{""semana"": 14, ""fecha"": ""2026-05-28"", ""nombre_archivo"": ""14_SEMANA_AI_20260528_1.pdf"", ""autor"": ""Fabricio Picado Alvarado"", ""tema_principal"": ""I. REPASO DE LA CLASE ANTERIOR"", ""secciones"": ""I. REPASO DE LA CLASE ANTERIOR, II. MATERIA DESARROLLADA, III. TAREA ASIGNADA"", ""chunk_numero"": 15, ""total_chunks"": 39}"
"modelos orientados a respuestas directas, dedicanmás pro-
cesamiento a interpretar el problema y construir una solución.
ii-d1. características generales:los modelos de razo-
namiento están diseñados para tareas que requieren análisis,
planificación o resolución en varios pasos. sonútiles cuando
la respuesta no depende solo de recuperar información, sino de
evaluar posibilidades, seguir instrucciones complejas, resolver
problemastécnicos o coordinar acciones.
[pagina 3]
ii-d2. cuándo utilizar modelos de razonamiento:los
modelos de razonamiento son adecuados cuando la tarea
requiere análisis detallado, varios pasos o resolución de pro-
blemas complejos. sonútiles en matemática, programación,
planificación, búsqueda de información, análisis multipaso y
coordinación de herramientas externas.",,"{""semana"": 14, ""fecha"": ""2026-05-28"", ""nombre_archivo"": ""14_SEMANA_AI_20260528_1.pdf"", ""autor"": ""Fabricio Picado Alvarado"", ""tema_principal"": ""I. REPASO DE LA CLASE ANTERIOR"", ""secciones"": ""I. REPASO DE LA CLASE ANTERIOR, II. MATERIA DESARROLLADA, III. TAREA ASIGNADA"", ""chunk_numero"": 16, ""total_chunks"": 39}"
"planificación, búsqueda de información, análisis multipaso y
coordinación de herramientas externas.
en programación pueden ayudar a revisar errores, explicarcódigo o proponer soluciones. en planificación, permiten or-
ganizar acciones considerando restricciones y condiciones. en
estos casos, el modelo no solo genera una respuesta, sino que
sigue un procesomás estructurado para llegar a una solución.
ii-d3. cuándo no utilizar modelos de razonamiento:
para tareas simples puede ser mejor utilizar modelosmásrápidos, económicos y con menor latencia, ya que un modelo
de razonamiento podría consumirmás tiempo y recursos sin
aportar una mejora significativa.
ejemplos de tareas donde no suele ser necesario un modelo
de razonamiento son responder preguntas frecuentes, clasificar",,"{""semana"": 14, ""fecha"": ""2026-05-28"", ""nombre_archivo"": ""14_SEMANA_AI_20260528_1.pdf"", ""autor"": ""Fabricio Picado Alvarado"", ""tema_principal"": ""I. REPASO DE LA CLASE ANTERIOR"", ""secciones"": ""I. REPASO DE LA CLASE ANTERIOR, II. MATERIA DESARROLLADA, III. TAREA ASIGNADA"", ""chunk_numero"": 17, ""total_chunks"": 39}"
"ejemplos de tareas donde no suele ser necesario un modelo
de razonamiento son responder preguntas frecuentes, clasificar
texto, resumir información sencilla, traducir frases o mantener
conversaciones simples.
ii-e. modelo adecuado para agentes
un modelo de lenguaje porsí solo no necesariamente
es un agente. para convertirse en agente debe integrarse
con componentes como memoria, tools, planificación, estado,
restricciones y ciclos de ejecución.
la memoria conserva información relevante; las tools per-
miten consultar servicios externos o ejecutar acciones; la
planificación divide la tarea en pasos; el estado indica el
punto actual del proceso; y las restricciones controlan el
comportamiento del sistema.
por esta razón, al seleccionar un modelo para agentes no",,"{""semana"": 14, ""fecha"": ""2026-05-28"", ""nombre_archivo"": ""14_SEMANA_AI_20260528_1.pdf"", ""autor"": ""Fabricio Picado Alvarado"", ""tema_principal"": ""I. REPASO DE LA CLASE ANTERIOR"", ""secciones"": ""I. REPASO DE LA CLASE ANTERIOR, II. MATERIA DESARROLLADA, III. TAREA ASIGNADA"", ""chunk_numero"": 18, ""total_chunks"": 39}"
"punto actual del proceso; y las restricciones controlan el
comportamiento del sistema.
por esta razón, al seleccionar un modelo para agentes no
basta con evaluar la calidad de sus respuestas. también se
debe considerar si puede manejar contexto, usar herramientas,
seguir instrucciones, producir salidas estructuradas y participar
en ciclos de ejecución.
ii-f. características importantes en agentes
un agente necesitamás que buenas respuestas textuales.
debe poder trabajar con tareas amplias, mantener información
relevante y utilizar recursos externos cuando sea necesario.
entre sus características importantes están la comprensión
de contexto largo, el uso de herramientas externas y la coordi-
nación de recursos. estas capacidades permiten que el agente",,"{""semana"": 14, ""fecha"": ""2026-05-28"", ""nombre_archivo"": ""14_SEMANA_AI_20260528_1.pdf"", ""autor"": ""Fabricio Picado Alvarado"", ""tema_principal"": ""I. REPASO DE LA CLASE ANTERIOR"", ""secciones"": ""I. REPASO DE LA CLASE ANTERIOR, II. MATERIA DESARROLLADA, III. TAREA ASIGNADA"", ""chunk_numero"": 19, ""total_chunks"": 39}"
"de contexto largo, el uso de herramientas externas y la coordi-
nación de recursos. estas capacidades permiten que el agente
resuelva tareasmás complejas que una interacción simple de
pregunta y respuesta.
ii-f1. comprensión de contexto largo:la comprensión
de contexto largo permite que un agente maneje instrucciones
extensas, conversaciones largas o información acumulada du-
rante una tarea. esto esútil cuando existen varias condiciones,
restricciones o detalles que deben mantenerse presentes antes
de responder o actuar.
el contexto largo no debe confundirse con la memoria
persistente. el contexto permite manejarmás información
dentro de la interacción actual, mientras que la memoria
conserva información entre sesiones.
ii-f2. uso de herramientas externas:las herramientas",,"{""semana"": 14, ""fecha"": ""2026-05-28"", ""nombre_archivo"": ""14_SEMANA_AI_20260528_1.pdf"", ""autor"": ""Fabricio Picado Alvarado"", ""tema_principal"": ""I. REPASO DE LA CLASE ANTERIOR"", ""secciones"": ""I. REPASO DE LA CLASE ANTERIOR, II. MATERIA DESARROLLADA, III. TAREA ASIGNADA"", ""chunk_numero"": 20, ""total_chunks"": 39}"
"dentro de la interacción actual, mientras que la memoria
conserva información entre sesiones.
ii-f2. uso de herramientas externas:las herramientas
externas permiten que el agente consulte información actua-
lizada o ejecute acciones que el modelo no puede realizar
porsí solo, como usar apis, calendarios, clima o servicios
debúsqueda. esta capacidad amplía el alcance del agente y
permite resolver tareasmás completas.
ii-f3. coordinación de recursos:consiste en organizar
información, herramientas y acciones para cumplir un objetivo.
un agente no solo debe tener acceso a herramientas, sino
saber cuándo usarlas ycómo integrar sus resultados. coordinar
estos elementos permite producir una solución coherente y
estructurada.
ii-f4. tool calling y structured output:eltool calling",,"{""semana"": 14, ""fecha"": ""2026-05-28"", ""nombre_archivo"": ""14_SEMANA_AI_20260528_1.pdf"", ""autor"": ""Fabricio Picado Alvarado"", ""tema_principal"": ""I. REPASO DE LA CLASE ANTERIOR"", ""secciones"": ""I. REPASO DE LA CLASE ANTERIOR, II. MATERIA DESARROLLADA, III. TAREA ASIGNADA"", ""chunk_numero"": 21, ""total_chunks"": 39}"
"estos elementos permite producir una solución coherente y
estructurada.
ii-f4. tool calling y structured output:eltool calling
permite que el modelo llame herramientas específicas para
consultar información o ejecutar acciones, esto separa la
generación de texto de la ejecución de acciones concretas.
elstructured outputpermite que la respuesta del agente
tenga un formato definido yfácil de interpretar por otros
sistemas. ambos mecanismos ayudan a que el agente trabaje
de formamás controlada y confiable.
ii-g. prompting para agentes
elpromptingen agentes no consiste solo en hacer una
pregunta al modelo, sino en definircómo debe comportarse
durante una tarea. el prompt puede establecer el rol del
agente, sus objetivos, restricciones, herramientas disponibles
y formato de salida esperado.",,"{""semana"": 14, ""fecha"": ""2026-05-28"", ""nombre_archivo"": ""14_SEMANA_AI_20260528_1.pdf"", ""autor"": ""Fabricio Picado Alvarado"", ""tema_principal"": ""I. REPASO DE LA CLASE ANTERIOR"", ""secciones"": ""I. REPASO DE LA CLASE ANTERIOR, II. MATERIA DESARROLLADA, III. TAREA ASIGNADA"", ""chunk_numero"": 22, ""total_chunks"": 39}"
"durante una tarea. el prompt puede establecer el rol del
agente, sus objetivos, restricciones, herramientas disponibles
y formato de salida esperado.
de esta forma, el prompt funciona como una guía que
orienta el comportamiento del sistema, reduce ambigüedad y
permite que el agente trabaje de maneramás controlada.
ii-g1. elementos que puede definir un prompt:un prompt
puede definir el rol del agente, los objetivos de la tarea, las
restricciones, las herramientas disponibles, el formato de salida
y las reglas de comportamiento.
el rol establece desde qué perspectiva actúa el agente; los
objetivos indican qué debe lograr; las restricciones delimitan
su comportamiento; las herramientas especifican qué recursos
puede usar; y el formato de salida permite pedir respuestas",,"{""semana"": 14, ""fecha"": ""2026-05-28"", ""nombre_archivo"": ""14_SEMANA_AI_20260528_1.pdf"", ""autor"": ""Fabricio Picado Alvarado"", ""tema_principal"": ""I. REPASO DE LA CLASE ANTERIOR"", ""secciones"": ""I. REPASO DE LA CLASE ANTERIOR, II. MATERIA DESARROLLADA, III. TAREA ASIGNADA"", ""chunk_numero"": 23, ""total_chunks"": 39}"
"su comportamiento; las herramientas especifican qué recursos
puede usar; y el formato de salida permite pedir respuestas
organizadas, listas, tablas o estructuras específicas. estas reglas
ayudan a mantener coherencia y control durante la ejecución.
ii-g2. problemas que ayuda a reducir:un buen prompt
reduce ambigüedad, alucinaciones, uso incorrecto de herra-
mientas y respuestas innecesarias. al definir instrucciones
claras, el agente entiende mejor qué debe hacer, cómo debe
responder y cuáles son suslímites.
también ayuda a indicar cuándo debe apoyarse en memoria
o herramientas externas, evitando que genere información sin
fundamento o que utilice recursos cuando no corresponde. de
esta manera, el agente se mantiene enfocado en el objetivo y
trabaja de formamás controlada.",,"{""semana"": 14, ""fecha"": ""2026-05-28"", ""nombre_archivo"": ""14_SEMANA_AI_20260528_1.pdf"", ""autor"": ""Fabricio Picado Alvarado"", ""tema_principal"": ""I. REPASO DE LA CLASE ANTERIOR"", ""secciones"": ""I. REPASO DE LA CLASE ANTERIOR, II. MATERIA DESARROLLADA, III. TAREA ASIGNADA"", ""chunk_numero"": 24, ""total_chunks"": 39}"
"esta manera, el agente se mantiene enfocado en el objetivo y
trabaja de formamás controlada.
ii-h. context engineering
elcontext engineeringconsiste en decidir qué información
debe entrar al contexto del agente. no basta con escribir
buenos prompts; también es necesario seleccionar datos rele-
vantes, memoria recuperada, herramientas disponibles y reglas
de comportamiento.
[pagina 4]
el contexto puede incluir instrucciones, información del
usuario, historial de conversación, resultados de herramientas y
restricciones. si se incluye información irrelevante, el modelo
puede confundirse; si se selecciona bien, el agente trabaja de
formamás ordenada, precisayútil.
ii-i. memoria en agentes
la memoria permite que un agente conserve información",,"{""semana"": 14, ""fecha"": ""2026-05-28"", ""nombre_archivo"": ""14_SEMANA_AI_20260528_1.pdf"", ""autor"": ""Fabricio Picado Alvarado"", ""tema_principal"": ""I. REPASO DE LA CLASE ANTERIOR"", ""secciones"": ""I. REPASO DE LA CLASE ANTERIOR, II. MATERIA DESARROLLADA, III. TAREA ASIGNADA"", ""chunk_numero"": 25, ""total_chunks"": 39}"
"formamás ordenada, precisayútil.
ii-i. memoria en agentes
la memoria permite que un agente conserve información
previa y mantenga continuidad durante una tarea o entre
distintas interacciones. esto esútil cuando el sistema debe
recordar preferencias, restricciones, estados de una tarea o
información mencionada anteriormente.
sin memoria, el agente puede perder coherencia, repetir
preguntas, olvidar condiciones importantes o reiniciar procesos
que ya estaban avanzados.
ii-j. ventana de contexto y memoria
la ventana de contexto y la memoria están relacionadas,
pero no son lo mismo. la ventana de contexto contiene
información temporal disponible durante la interacción actual,
como mensajes recientes, instrucciones y datos usados en
la tarea. en cambio, la memoria persistente permite guardar",,"{""semana"": 14, ""fecha"": ""2026-05-28"", ""nombre_archivo"": ""14_SEMANA_AI_20260528_1.pdf"", ""autor"": ""Fabricio Picado Alvarado"", ""tema_principal"": ""I. REPASO DE LA CLASE ANTERIOR"", ""secciones"": ""I. REPASO DE LA CLASE ANTERIOR, II. MATERIA DESARROLLADA, III. TAREA ASIGNADA"", ""chunk_numero"": 26, ""total_chunks"": 39}"
"como mensajes recientes, instrucciones y datos usados en
la tarea. en cambio, la memoria persistente permite guardar
información para recuperarla en futuras sesiones.
esta diferencia también se relaciona con los conceptos de
working memoryylong-term memory. laworking memory
corresponde a la información activa durante una tarea, mientras
que lalong-term memoryconserva datos relevantes entre
interacciones.
ambas son importantes en agentes: la ventana de contexto
mantiene coherencia inmediata, mientras que la memoria
persistente da continuidad a largo plazo.
ii-k. políticas de olvido
no toda la información debe guardarse permanentemente.
las políticas de olvido definen qué datos se conservan, cuáles
se eliminan y durante cuánto tiempo permanecen almacenados.",,"{""semana"": 14, ""fecha"": ""2026-05-28"", ""nombre_archivo"": ""14_SEMANA_AI_20260528_1.pdf"", ""autor"": ""Fabricio Picado Alvarado"", ""tema_principal"": ""I. REPASO DE LA CLASE ANTERIOR"", ""secciones"": ""I. REPASO DE LA CLASE ANTERIOR, II. MATERIA DESARROLLADA, III. TAREA ASIGNADA"", ""chunk_numero"": 27, ""total_chunks"": 39}"
"las políticas de olvido definen qué datos se conservan, cuáles
se eliminan y durante cuánto tiempo permanecen almacenados.
estas políticas son necesarias porque algunos datos pueden
volverse obsoletos, perder relevancia o afectar la privacidad
y seguridad del usuario. además, guardar demasiada infor-
mación puede contaminar el contexto del agente y reducir
la precisión de sus respuestas. por ello, la memoria debe
mantenerseútil, segura y actualizada.
ii-l. construcción de agentes
la construcción de agentes implica integrar un modelo
de lenguaje con objetivos, memoria, herramientas, acciones
y mecanismos de recuperación de información. el modelo
interpreta instrucciones y genera respuestas, pero necesita
otros componentes para actuar de forma organizada.",,"{""semana"": 14, ""fecha"": ""2026-05-28"", ""nombre_archivo"": ""14_SEMANA_AI_20260528_1.pdf"", ""autor"": ""Fabricio Picado Alvarado"", ""tema_principal"": ""I. REPASO DE LA CLASE ANTERIOR"", ""secciones"": ""I. REPASO DE LA CLASE ANTERIOR, II. MATERIA DESARROLLADA, III. TAREA ASIGNADA"", ""chunk_numero"": 28, ""total_chunks"": 39}"
"interpreta instrucciones y genera respuestas, pero necesita
otros componentes para actuar de forma organizada.
la memoria conserva información relevante; las herramien-
tas y acciones permiten interactuar con sistemas externos; y
la recuperación de información aporta datos necesarios para
resolver tareas. construir un agente requiere definircómo se
conectan estos elementos, quélímites debe respetar el sistema
ycómo debe manejar la información para producir resultados
coherentesyútiles.
iii. tarea asignada
la tarea asignada consiste en diseñar, implementar y evaluar
un sistema multiagente capaz de responder preguntas a partir
de los apuntes generados del curso. el sistema debe integrar
rag, comunicación entre agentes, memoria conversacional,",,"{""semana"": 14, ""fecha"": ""2026-05-28"", ""nombre_archivo"": ""14_SEMANA_AI_20260528_1.pdf"", ""autor"": ""Fabricio Picado Alvarado"", ""tema_principal"": ""I. REPASO DE LA CLASE ANTERIOR"", ""secciones"": ""I. REPASO DE LA CLASE ANTERIOR, II. MATERIA DESARROLLADA, III. TAREA ASIGNADA"", ""chunk_numero"": 29, ""total_chunks"": 39}"
"de los apuntes generados del curso. el sistema debe integrar
rag, comunicación entre agentes, memoria conversacional,
herramientas externas, un servidor mcp, observabilidad e
interfaz web.
iii-a. objetivo general
el objetivo principal es construir una aplicación basada en
agentes, donde el modelo de lenguaje no solo responda pregun-
tas, sino que también pueda decidir qué agente consultar, qué
herramienta utilizar, cuándo recuperar información, cuándo
usar memoria histórica ycómo justificar sus acciones.
el sistema debe permitir responder preguntas sobre los
apuntes del curso y simular el uso de información transaccio-
nal ficticia mediante un servidor mcp conectado a una base
de datos relacional.
iii-b. base documental y rag
la base documental del sistema estará formada por los",,"{""semana"": 14, ""fecha"": ""2026-05-28"", ""nombre_archivo"": ""14_SEMANA_AI_20260528_1.pdf"", ""autor"": ""Fabricio Picado Alvarado"", ""tema_principal"": ""I. REPASO DE LA CLASE ANTERIOR"", ""secciones"": ""I. REPASO DE LA CLASE ANTERIOR, II. MATERIA DESARROLLADA, III. TAREA ASIGNADA"", ""chunk_numero"": 30, ""total_chunks"": 39}"
"de datos relacional.
iii-b. base documental y rag
la base documental del sistema estará formada por los
apuntes del curso. estos documentos deben procesarse para
extraer su contenido textual, limpiarlo, normalizarlo y dividirlo
en fragmentos mediante una estrategia de segmentación.
posteriormente, los fragmentos deben transformarse enem-
beddingsy almacenarse en una base vectorial. esta base será
utilizada por el componente rag para recuperar información
relevante y generar respuestas fundamentadas en los documen-
tos del curso.
aunque el enunciado menciona la comparación de dos
configuraciones rag con distintas estrategias de segmenta-
ción, posteriormente se aclaró que este requerimiento no es
obligatorio. por lo tanto, el enfoque principal debe estar en",,"{""semana"": 14, ""fecha"": ""2026-05-28"", ""nombre_archivo"": ""14_SEMANA_AI_20260528_1.pdf"", ""autor"": ""Fabricio Picado Alvarado"", ""tema_principal"": ""I. REPASO DE LA CLASE ANTERIOR"", ""secciones"": ""I. REPASO DE LA CLASE ANTERIOR, II. MATERIA DESARROLLADA, III. TAREA ASIGNADA"", ""chunk_numero"": 31, ""total_chunks"": 39}"
"ción, posteriormente se aclaró que este requerimiento no es
obligatorio. por lo tanto, el enfoque principal debe estar en
implementar un rag funcional, correctamente documentado
y capaz de recuperar informaciónútil desde los apuntes.
iii-c. arquitectura multiagente
el sistema debe estar formado por varios agentes especia-
lizados coordinados por un agente orquestador. este agente
recibe la pregunta del usuario, decide qué agente o herramienta
utilizar, coordina el flujo de trabajo y construye la respuesta
final.
comomínimo, la arquitectura debe incluir un agente or-
questador, un agente rag, un agente debúsqueda web, un
agente resumidor y un agente transaccional. cada agente
debe tener un rol definido, herramientas permitidas, entradas
esperadas, salidas esperadas y restricciones de uso.",,"{""semana"": 14, ""fecha"": ""2026-05-28"", ""nombre_archivo"": ""14_SEMANA_AI_20260528_1.pdf"", ""autor"": ""Fabricio Picado Alvarado"", ""tema_principal"": ""I. REPASO DE LA CLASE ANTERIOR"", ""secciones"": ""I. REPASO DE LA CLASE ANTERIOR, II. MATERIA DESARROLLADA, III. TAREA ASIGNADA"", ""chunk_numero"": 32, ""total_chunks"": 39}"
"debe tener un rol definido, herramientas permitidas, entradas
esperadas, salidas esperadas y restricciones de uso.
iii-d. herramientas del sistema
el sistema debe contar con herramientas especializadas para
apoyar el trabajo de los agentes. entre ellas se incluye una
herramienta rag para recuperar información desde la base
vectorial, una herramienta debúsqueda web para casos permi-
tidos, una herramienta de memoria para consultar o actualizar
información conversacional y una herramienta transaccional
para comunicarse con el servidor mcp.
[pagina 5]
estas herramientas deben usarse de forma controlada, de
modo que el agente no ejecute acciones innecesarias ni con-
sulte información externa sin justificación.
iii-e. servidor mcp y base de datos ficticia",,"{""semana"": 14, ""fecha"": ""2026-05-28"", ""nombre_archivo"": ""14_SEMANA_AI_20260528_1.pdf"", ""autor"": ""Fabricio Picado Alvarado"", ""tema_principal"": ""I. REPASO DE LA CLASE ANTERIOR"", ""secciones"": ""I. REPASO DE LA CLASE ANTERIOR, II. MATERIA DESARROLLADA, III. TAREA ASIGNADA"", ""chunk_numero"": 33, ""total_chunks"": 39}"
"modo que el agente no ejecute acciones innecesarias ni con-
sulte información externa sin justificación.
iii-e. servidor mcp y base de datos ficticia
la tarea también requiere implementar un servidor mcp
que permita consultar una base de datos relacional ficticia. esta
base debe ejecutarse mediante docker y contener información
simulada, como clientes, cuentas, transacciones y casos de
revisión o fraude.
el servidor mcp no debe permitir consultas sql libres. en
su lugar, debe exponer herramientas controladas, por ejemplo,
para buscar transacciones, consultar el resumen de riesgo de
un cliente o revisar transacciones sospechosas recientes.
también se deben definir reglas de seguridad para el uso del
mcp, como justificar cada llamada, evitar consultas masivas",,"{""semana"": 14, ""fecha"": ""2026-05-28"", ""nombre_archivo"": ""14_SEMANA_AI_20260528_1.pdf"", ""autor"": ""Fabricio Picado Alvarado"", ""tema_principal"": ""I. REPASO DE LA CLASE ANTERIOR"", ""secciones"": ""I. REPASO DE LA CLASE ANTERIOR, II. MATERIA DESARROLLADA, III. TAREA ASIGNADA"", ""chunk_numero"": 34, ""total_chunks"": 39}"
"también se deben definir reglas de seguridad para el uso del
mcp, como justificar cada llamada, evitar consultas masivas
sin filtros, anonimizar información sensible y no mostrarnúmeros de cuenta completos.
iii-f. memoria conversacional
el sistema debe implementar memoria temporal de sesión y
memoria histórica persistente. la memoria temporal permite
mantener coherencia entre preguntas consecutivas dentro de
una misma conversación.
la memoria histórica permite consultar información de
sesiones anteriores, como preguntas previas, respuestas ante-
riores o resúmenes de conversaciones pasadas. esto permite
que el agente responda preguntas de seguimiento y mantenga
continuidad entre interacciones.
iii-g. observabilidad
la ejecución del sistema debe registrarse mediante langfuse",,"{""semana"": 14, ""fecha"": ""2026-05-28"", ""nombre_archivo"": ""14_SEMANA_AI_20260528_1.pdf"", ""autor"": ""Fabricio Picado Alvarado"", ""tema_principal"": ""I. REPASO DE LA CLASE ANTERIOR"", ""secciones"": ""I. REPASO DE LA CLASE ANTERIOR, II. MATERIA DESARROLLADA, III. TAREA ASIGNADA"", ""chunk_numero"": 35, ""total_chunks"": 39}"
"continuidad entre interacciones.
iii-g. observabilidad
la ejecución del sistema debe registrarse mediante langfuse
o una herramienta equivalente. la observabilidad debe permitir
revisar la entrada del usuario, el agente que recibió la solicitud,
las herramientas utilizadas, los fragmentos recuperados por
rag, las llamadas al mcp, las llamadas al modelo, la latencia,
los errores y, cuando sea posible, el costo aproximado.
este registro es importante porque permite explicar qué
agentes y herramientas participaron en cada consulta, por qué
fueron utilizados y qué resultado produjeron.
iii-h. interfaz web y demostración
el sistema debe contar con una interfaz web que permita
interactuar con el agente. esta interfaz debe permitir demostrar",,"{""semana"": 14, ""fecha"": ""2026-05-28"", ""nombre_archivo"": ""14_SEMANA_AI_20260528_1.pdf"", ""autor"": ""Fabricio Picado Alvarado"", ""tema_principal"": ""I. REPASO DE LA CLASE ANTERIOR"", ""secciones"": ""I. REPASO DE LA CLASE ANTERIOR, II. MATERIA DESARROLLADA, III. TAREA ASIGNADA"", ""chunk_numero"": 36, ""total_chunks"": 39}"
"el sistema debe contar con una interfaz web que permita
interactuar con el agente. esta interfaz debe permitir demostrar
preguntas sobre los apuntes, preguntas de seguimiento con
memoria, búsquedas web y consultas a la base transaccional
mediante mcp.
durante la demostración también se debe evidenciar que el
sistema puede rechazar o anonimizar solicitudes relacionadas
con información sensible.
iii-i. entregas del proyecto
el proyecto se divide en dos entregas. la primera entrega
corresponde a un prototipo funcional que debe incluir un
agente orquestador inicial, un componente rag funcional
sobre los apuntes, una base vectorial, trazas de observabilidad,
una interfazmínima y un avance del informe.
la segunda entrega corresponde al sistema completo. en",,"{""semana"": 14, ""fecha"": ""2026-05-28"", ""nombre_archivo"": ""14_SEMANA_AI_20260528_1.pdf"", ""autor"": ""Fabricio Picado Alvarado"", ""tema_principal"": ""I. REPASO DE LA CLASE ANTERIOR"", ""secciones"": ""I. REPASO DE LA CLASE ANTERIOR, II. MATERIA DESARROLLADA, III. TAREA ASIGNADA"", ""chunk_numero"": 37, ""total_chunks"": 39}"
"una interfazmínima y un avance del informe.
la segunda entrega corresponde al sistema completo. en
esta etapa se deben incorporar los agentes restantes, el servidor
mcp, la base de datos transaccional ficticia, la memoria
temporal e histórica, las reglas de seguridad, la observabilidad
completa, la evaluación experimental y el informe final en
formato ieee.
iii-j. evaluación experimental
el sistema debe evaluarse mediante un conjunto de pre-
guntas de prueba. estas deben incluir preguntas factuales
sobre los apuntes, preguntas de comparación entre temas,
preguntas conversacionales de seguimiento, preguntas fuera
del alcance de los apuntes, preguntas que requieranbúsqueda
web explícita y preguntas sobre transacciones ficticias.
esta evaluación permite analizar el comportamiento del sis-",,"{""semana"": 14, ""fecha"": ""2026-05-28"", ""nombre_archivo"": ""14_SEMANA_AI_20260528_1.pdf"", ""autor"": ""Fabricio Picado Alvarado"", ""tema_principal"": ""I. REPASO DE LA CLASE ANTERIOR"", ""secciones"": ""I. REPASO DE LA CLASE ANTERIOR, II. MATERIA DESARROLLADA, III. TAREA ASIGNADA"", ""chunk_numero"": 38, ""total_chunks"": 39}"
"web explícita y preguntas sobre transacciones ficticias.
esta evaluación permite analizar el comportamiento del sis-
tema, identificar errores y revisar si los agentes, herramientas,
memoria y recuperación de información funcionan de manera
adecuada.",,"{""semana"": 14, ""fecha"": ""2026-05-28"", ""nombre_archivo"": ""14_SEMANA_AI_20260528_1.pdf"", ""autor"": ""Fabricio Picado Alvarado"", ""tema_principal"": ""I. REPASO DE LA CLASE ANTERIOR"", ""secciones"": ""I. REPASO DE LA CLASE ANTERIOR, II. MATERIA DESARROLLADA, III. TAREA ASIGNADA"", ""chunk_numero"": 39, ""total_chunks"": 39}"
"[pagina 1]
apuntes semana 14
agentes de ia y modelos de razonamiento
julián l ópez mata
inteligencia artificial
jullopez@estudiantec.cr
resumen—este documento resume los contenidos clave de las
sesiones del 26 y 28 de mayo de 2026, enfocados en el dise ño
y construcci ón de agentes de inteligencia artificial. se abordan
los componentes fundamentales de un agente, los criterios de
selección de modelos, el uso de modelos de razonamiento, el
prompting orientado a agentes y la gesti ón de memoria de corto
y largo plazo.
index terms—agentes de ia, modelos de razonamiento,
memoria, context engineering, tool calling, react, prompting.
i. informaci ´ongeneral deevaluaciones
durante la sesi ón se comunic ó que se hace entrega de la
última tarea del curso, la cual tendrá un valor equivalente a dos",,"{""semana"": 14, ""fecha"": ""2026-05-28"", ""nombre_archivo"": ""14_SEMANA_AI_20260528_2.pdf.pdf"", ""autor"": ""Julián López Mata"", ""tema_principal"": ""I. INFORMACI ´ONGENERAL DEEVALUACIONES"", ""secciones"": ""I. INFORMACI ´ONGENERAL DEEVALUACIONES, II. RESUMEN DE LACLASEANTERIOR(26DEMAYO), III. MODELOS DERAZONAMIENTO, IV. CONSTRUCCI ´ON DEAGENTESMODERNOS, V. MEMORIA ENAGENTES"", ""chunk_numero"": 1, ""total_chunks"": 20}"
"durante la sesi ón se comunic ó que se hace entrega de la
última tarea del curso, la cual tendrá un valor equivalente a dos
tareas regulares. su periodo de desarrollo es de dos semanas:
la primera parte se entrega en semana 16 y la segunda parte
en semana 18. adicionalmente, el examen final se realizar á
durante la semana 18.
ii. resumen de laclaseanterior(26demayo)
ii-a. definici ón y componentes de un agente
los agentes son modelos que razonan y act úan simultánea-
mente, mediante la combinaci ón de memoria, herramientas y
planificación. cada agente posee un perfil de personalidad
definido por unsystem promptque le indica c ómo debe
comportarse, junto con metas y restricciones que delimitan
suscopede acci ón. la memoria del agente se divide en",,"{""semana"": 14, ""fecha"": ""2026-05-28"", ""nombre_archivo"": ""14_SEMANA_AI_20260528_2.pdf.pdf"", ""autor"": ""Julián López Mata"", ""tema_principal"": ""I. INFORMACI ´ONGENERAL DEEVALUACIONES"", ""secciones"": ""I. INFORMACI ´ONGENERAL DEEVALUACIONES, II. RESUMEN DE LACLASEANTERIOR(26DEMAYO), III. MODELOS DERAZONAMIENTO, IV. CONSTRUCCI ´ON DEAGENTESMODERNOS, V. MEMORIA ENAGENTES"", ""chunk_numero"": 2, ""total_chunks"": 20}"
"comportarse, junto con metas y restricciones que delimitan
suscopede acci ón. la memoria del agente se divide en
dos categor ´ıas: memoria de corto plazo, que corresponde a
la ventana de contexto del modelo, y memoria de largo plazo,
que se mantiene en fuentes externas persistentes.
el proceso de planificaci ón implica descomponer tareas
complejas en m ódulos simples y determinar la secuencia de
acciones necesarias para alcanzar un objetivo. las t écnicas
más comunes de estructuraci ón incluyen cadenas de pensa-
miento (cot), árboles de pensamiento (tot) e interacci ón
basada en retroalimentaci ón. una vez planificado, el agente
traduce el plan en salidas ejecutables durante la fase de acci ón,
donde las acciones pueden basarse en memorias previas,",,"{""semana"": 14, ""fecha"": ""2026-05-28"", ""nombre_archivo"": ""14_SEMANA_AI_20260528_2.pdf.pdf"", ""autor"": ""Julián López Mata"", ""tema_principal"": ""I. INFORMACI ´ONGENERAL DEEVALUACIONES"", ""secciones"": ""I. INFORMACI ´ONGENERAL DEEVALUACIONES, II. RESUMEN DE LACLASEANTERIOR(26DEMAYO), III. MODELOS DERAZONAMIENTO, IV. CONSTRUCCI ´ON DEAGENTESMODERNOS, V. MEMORIA ENAGENTES"", ""chunk_numero"": 3, ""total_chunks"": 20}"
"traduce el plan en salidas ejecutables durante la fase de acci ón,
donde las acciones pueden basarse en memorias previas,
planes precomputados o herramientas externas tales como
rag, navegación web e integraci ón con apis.
ii-b. selecci ón de modelos
al construir un agente se debe escoger un modelo ade-
cuado en funci ón de su scope, considerando factores como
accuracy, latencia, costo computacional, privacidad, tamaño de
la ventana de contexto, capacidad de razonamiento y soporte
para herramientas. no cualquier modelo funciona para tareas
agénticas, y la elecci ón entre modelos propietarios y abiertos
depende de los requisitos del proyecto: los propietarios ofrecen
fácil integraci ón, infraestructura administrada y buen soporte,",,"{""semana"": 14, ""fecha"": ""2026-05-28"", ""nombre_archivo"": ""14_SEMANA_AI_20260528_2.pdf.pdf"", ""autor"": ""Julián López Mata"", ""tema_principal"": ""I. INFORMACI ´ONGENERAL DEEVALUACIONES"", ""secciones"": ""I. INFORMACI ´ONGENERAL DEEVALUACIONES, II. RESUMEN DE LACLASEANTERIOR(26DEMAYO), III. MODELOS DERAZONAMIENTO, IV. CONSTRUCCI ´ON DEAGENTESMODERNOS, V. MEMORIA ENAGENTES"", ""chunk_numero"": 4, ""total_chunks"": 20}"
"depende de los requisitos del proyecto: los propietarios ofrecen
fácil integraci ón, infraestructura administrada y buen soporte,
pero generan dependencia del proveedor y costos por uso; los
abiertos brindan mayor control, privacidad y personalización, a
cambio de mayor complejidad operativa. como nota pr áctica,
para la tarea final se requiere adquirir un api key de un
modelo.
iii. modelos derazonamiento
los modelos de razonamiento gastan más tokens ejecutando
un procesamiento interno con el objetivo de generar respuestas
más certeras. sus respuestas son menos inmediatas, pero pue-
den ser evaluadas durante el razonamiento para producir una
mejor respuesta final al usuario. resultan especialmente útiles
en tareas que requieren matem ática avanzada, programaci ón,",,"{""semana"": 14, ""fecha"": ""2026-05-28"", ""nombre_archivo"": ""14_SEMANA_AI_20260528_2.pdf.pdf"", ""autor"": ""Julián López Mata"", ""tema_principal"": ""I. INFORMACI ´ONGENERAL DEEVALUACIONES"", ""secciones"": ""I. INFORMACI ´ONGENERAL DEEVALUACIONES, II. RESUMEN DE LACLASEANTERIOR(26DEMAYO), III. MODELOS DERAZONAMIENTO, IV. CONSTRUCCI ´ON DEAGENTESMODERNOS, V. MEMORIA ENAGENTES"", ""chunk_numero"": 5, ""total_chunks"": 20}"
"mejor respuesta final al usuario. resultan especialmente útiles
en tareas que requieren matem ática avanzada, programaci ón,
planificación, resoluci ón de problemas complejos o an álisis
multi-paso.
sin embargo, no siempre conviene utilizarlos. en tareas
como res úmenes de texto, toma de decisiones sencillas o
cálculos b ásicos, su uso resulta innecesario y costoso. el
cuadro i resume cu ándo conviene cada enfoque.
cuadro i
cu ´ando utilizar modelos con razonamiento complejo
sin reasoning complejo con reasoning complejo
clasificación de texto resoluci ón de problemas ma-
temáticos
extracción de informaci ón an álisis de c ódigo y debug-
búsqueda sem ántica simple planificaci ón multi-paso
faq bots agentes aut ónomos
tool routing b ásico coordinaci ón de m últiples he-
rramientas",,"{""semana"": 14, ""fecha"": ""2026-05-28"", ""nombre_archivo"": ""14_SEMANA_AI_20260528_2.pdf.pdf"", ""autor"": ""Julián López Mata"", ""tema_principal"": ""I. INFORMACI ´ONGENERAL DEEVALUACIONES"", ""secciones"": ""I. INFORMACI ´ONGENERAL DEEVALUACIONES, II. RESUMEN DE LACLASEANTERIOR(26DEMAYO), III. MODELOS DERAZONAMIENTO, IV. CONSTRUCCI ´ON DEAGENTESMODERNOS, V. MEMORIA ENAGENTES"", ""chunk_numero"": 6, ""total_chunks"": 20}"
"búsqueda sem ántica simple planificaci ón multi-paso
faq bots agentes aut ónomos
tool routing b ásico coordinaci ón de m últiples he-
rramientas
traducción y reformateo an álisis legal o financiero
rag basado en recuperaci ón
directa
problemas con m últiples res-
tricciones
conversaciones simples tareas complejas de programa-
iv. construcci ´on deagentesmodernos
iv-a. modelo adecuado para agentes
un modelo id óneo para construir agentes debe permitir el
uso de herramientas, planificaci ón, capacidades de recupera-
[pagina 2]
ción de memoria, manejo de estados, restricciones y ciclos de
ejecución. por esta raz ón algunos modelos son m ás adecuados
que otros: deben comprender texto largo, utilizar herramientas
externas y coordinar m últiples acciones. muchos casos de uso",,"{""semana"": 14, ""fecha"": ""2026-05-28"", ""nombre_archivo"": ""14_SEMANA_AI_20260528_2.pdf.pdf"", ""autor"": ""Julián López Mata"", ""tema_principal"": ""I. INFORMACI ´ONGENERAL DEEVALUACIONES"", ""secciones"": ""I. INFORMACI ´ONGENERAL DEEVALUACIONES, II. RESUMEN DE LACLASEANTERIOR(26DEMAYO), III. MODELOS DERAZONAMIENTO, IV. CONSTRUCCI ´ON DEAGENTESMODERNOS, V. MEMORIA ENAGENTES"", ""chunk_numero"": 7, ""total_chunks"": 20}"
"que otros: deben comprender texto largo, utilizar herramientas
externas y coordinar m últiples acciones. muchos casos de uso
requieren adem ás capacidades detool callingystructured
outputs.
iv-b. prompting y context engineering
en agentes modernos, el prompt no solo solicita una res-
puesta sino que define el rol del agente, los objetivos de la
tarea, las restricciones, las herramientas disponibles, el formato
de salida y las reglas de comportamiento. un buen prompt
ayuda a reducir alucinaciones, ambig üedad y respuestas in-
correctas. los componentes principales que estructuran un
prompt orientado a agentes se detallan en el cuadro ii.
cuadro ii
componentes de un prompt orientado a agentes
componente objetivo
rol del sistema definir comportamiento del agente",,"{""semana"": 14, ""fecha"": ""2026-05-28"", ""nombre_archivo"": ""14_SEMANA_AI_20260528_2.pdf.pdf"", ""autor"": ""Julián López Mata"", ""tema_principal"": ""I. INFORMACI ´ONGENERAL DEEVALUACIONES"", ""secciones"": ""I. INFORMACI ´ONGENERAL DEEVALUACIONES, II. RESUMEN DE LACLASEANTERIOR(26DEMAYO), III. MODELOS DERAZONAMIENTO, IV. CONSTRUCCI ´ON DEAGENTESMODERNOS, V. MEMORIA ENAGENTES"", ""chunk_numero"": 8, ""total_chunks"": 20}"
"cuadro ii
componentes de un prompt orientado a agentes
componente objetivo
rol del sistema definir comportamiento del agente
contexto agregar informaci ón relevante
instrucciones indicar qu é debe realizar
restricciones limitar acciones o respuestas
herramientas definir capacidades disponibles
formato de salida controlar estructura de respuesta
ejemplos guiar comportamiento esperado
estrechamente relacionado con el prompting est á el con-
cepto decontext engineering, que consiste en decidir cuidado-
samente qu é informaci ón entra al contexto, qu é informaci ón
se resume, qu é memoria se recupera y qu é herramientas se
habilitan en cada momento de ejecuci ón.
v. memoria enagentes
v-a. ventana de contexto vs. memoria
sin memoria, los agentes pueden perder coherencia, repetir",,"{""semana"": 14, ""fecha"": ""2026-05-28"", ""nombre_archivo"": ""14_SEMANA_AI_20260528_2.pdf.pdf"", ""autor"": ""Julián López Mata"", ""tema_principal"": ""I. INFORMACI ´ONGENERAL DEEVALUACIONES"", ""secciones"": ""I. INFORMACI ´ONGENERAL DEEVALUACIONES, II. RESUMEN DE LACLASEANTERIOR(26DEMAYO), III. MODELOS DERAZONAMIENTO, IV. CONSTRUCCI ´ON DEAGENTESMODERNOS, V. MEMORIA ENAGENTES"", ""chunk_numero"": 9, ""total_chunks"": 20}"
"v. memoria enagentes
v-a. ventana de contexto vs. memoria
sin memoria, los agentes pueden perder coherencia, repetir
preguntas, olvidar restricciones y reiniciar tareas constante-
mente. es importante distinguir entre la ventana de contexto
y la memoria propiamente dicha: la primera es informaci ón
temporal procesada directamente por el modelo, limitada por la
cantidad de tokens y existente solo durante la ejecuci ón actual;
la segunda es informaci ón persistente entre interacciones,
administrada externamente por el agente, capaz de crecer
dinámicamente y almacenarse a largo plazo. esta distinci ón se
materializa en dos tipos operativos de memoria, comparados
en el cuadro iii.
cuadro iii
comparaci ´on entre working memory y long-term memory
working memory long-term memory",,"{""semana"": 14, ""fecha"": ""2026-05-28"", ""nombre_archivo"": ""14_SEMANA_AI_20260528_2.pdf.pdf"", ""autor"": ""Julián López Mata"", ""tema_principal"": ""I. INFORMACI ´ONGENERAL DEEVALUACIONES"", ""secciones"": ""I. INFORMACI ´ONGENERAL DEEVALUACIONES, II. RESUMEN DE LACLASEANTERIOR(26DEMAYO), III. MODELOS DERAZONAMIENTO, IV. CONSTRUCCI ´ON DEAGENTESMODERNOS, V. MEMORIA ENAGENTES"", ""chunk_numero"": 10, ""total_chunks"": 20}"
"en el cuadro iii.
cuadro iii
comparaci ´on entre working memory y long-term memory
working memory long-term memory
temporal persistente
activa durante la tarea disponible entre sesiones
información reciente informaci ón hist órica
cambia constantemente m ás estable
normalmente limitada por to-
puede crecer din ámicamente
alta relevancia inmediata relevancia contextual
idea clave
laworking memoryayuda al agente a resolver la
tarea actual. lalong-term memoryayuda al agente a
mantener continuidad en el tiempo.
v-b. working memory y long-term memory
la working memory contiene la informaci ón activa durante
la tarea actual: conversaci ón reciente, resultados recientes
de herramientas, objetivos temporales y restricciones activas.
esta memoria cambia constantemente durante la ejecuci ón y",,"{""semana"": 14, ""fecha"": ""2026-05-28"", ""nombre_archivo"": ""14_SEMANA_AI_20260528_2.pdf.pdf"", ""autor"": ""Julián López Mata"", ""tema_principal"": ""I. INFORMACI ´ONGENERAL DEEVALUACIONES"", ""secciones"": ""I. INFORMACI ´ONGENERAL DEEVALUACIONES, II. RESUMEN DE LACLASEANTERIOR(26DEMAYO), III. MODELOS DERAZONAMIENTO, IV. CONSTRUCCI ´ON DEAGENTESMODERNOS, V. MEMORIA ENAGENTES"", ""chunk_numero"": 11, ""total_chunks"": 20}"
"de herramientas, objetivos temporales y restricciones activas.
esta memoria cambia constantemente durante la ejecuci ón y
usualmente reside dentro de la ventana de contexto o en un
caché interno. la long-term memory, en cambio, persiste infor-
mación entre sesiones e incluye elementos como preferencias
de usuario, historial resumido, proyectos anteriores, patrones
de comportamiento y conocimiento persistente; se almacena en
bases relacionales, bases vectoriales y sistemas como redis.
v-c. compresi ón y pol´ıticas de olvido
en tareas largas la memoria crece r ápidamente, por lo
que los agentes modernos utilizan t écnicas desummarization,
compressionycontext pruningpara mantenerla manejable.
además, no toda la informaci ón debe almacenarse permanen-",,"{""semana"": 14, ""fecha"": ""2026-05-28"", ""nombre_archivo"": ""14_SEMANA_AI_20260528_2.pdf.pdf"", ""autor"": ""Julián López Mata"", ""tema_principal"": ""I. INFORMACI ´ONGENERAL DEEVALUACIONES"", ""secciones"": ""I. INFORMACI ´ONGENERAL DEEVALUACIONES, II. RESUMEN DE LACLASEANTERIOR(26DEMAYO), III. MODELOS DERAZONAMIENTO, IV. CONSTRUCCI ´ON DEAGENTESMODERNOS, V. MEMORIA ENAGENTES"", ""chunk_numero"": 12, ""total_chunks"": 20}"
"compressionycontext pruningpara mantenerla manejable.
además, no toda la informaci ón debe almacenarse permanen-
temente: se definen pol´ıticas de olvido mediante expiraci ón de
memoria, eliminaci ón autom ática y l ´ımites de almacenamien-
to, motivadas por razones de privacidad, seguridad, relevancia
temporal y reducci ón de costos.
vi. patronesarquitect ´onicos
durante la sesi ón se discutieron dos patrones arquitect óni-
cos relevantes para la construcci ón de agentes. el primero,
react (reason + act), plantea un ciclo en el cual el agente
intercala pasos de razonamiento (thought) con acciones sobre
herramientas (act) y observaciones del entorno (obs) hasta
alcanzar una respuesta final. este patr ón permite al modelo
corregir su trayecto a partir de la informaci ón que va recibien-",,"{""semana"": 14, ""fecha"": ""2026-05-28"", ""nombre_archivo"": ""14_SEMANA_AI_20260528_2.pdf.pdf"", ""autor"": ""Julián López Mata"", ""tema_principal"": ""I. INFORMACI ´ONGENERAL DEEVALUACIONES"", ""secciones"": ""I. INFORMACI ´ONGENERAL DEEVALUACIONES, II. RESUMEN DE LACLASEANTERIOR(26DEMAYO), III. MODELOS DERAZONAMIENTO, IV. CONSTRUCCI ´ON DEAGENTESMODERNOS, V. MEMORIA ENAGENTES"", ""chunk_numero"": 13, ""total_chunks"": 20}"
"alcanzar una respuesta final. este patr ón permite al modelo
corregir su trayecto a partir de la informaci ón que va recibien-
do del exterior, en lugar de comprometerse a un único plan
inicial. la fig. 1 ilustra un ejemplo concreto de este flujo.
[pagina 3]
figura 1. ejemplo del patr ón react intercalandothought,actyobs.
el segundo patr ón,lomar, organiza el ciclo de vida del
agente en cinco bloques fundamentales: el llm como n úcleo
del sistema, el objetivo (objective) que orienta la tarea, la
memoria (memory) que mantiene contexto y conocimiento,
la acci ón (action) que materializa las decisiones, y la re-
evaluación (rethink) que cierra el ciclo permitiendo revisar y
ajustar el comportamiento. la estructura completa se muestra
en la fig. 2.",,"{""semana"": 14, ""fecha"": ""2026-05-28"", ""nombre_archivo"": ""14_SEMANA_AI_20260528_2.pdf.pdf"", ""autor"": ""Julián López Mata"", ""tema_principal"": ""I. INFORMACI ´ONGENERAL DEEVALUACIONES"", ""secciones"": ""I. INFORMACI ´ONGENERAL DEEVALUACIONES, II. RESUMEN DE LACLASEANTERIOR(26DEMAYO), III. MODELOS DERAZONAMIENTO, IV. CONSTRUCCI ´ON DEAGENTESMODERNOS, V. MEMORIA ENAGENTES"", ""chunk_numero"": 14, ""total_chunks"": 20}"
"evaluación (rethink) que cierra el ciclo permitiendo revisar y
ajustar el comportamiento. la estructura completa se muestra
en la fig. 2.
figura 2. arquitectura lomar: llm, objective, memory, action y rethink.
vii. recomendaciones yl ´ineas deinvestigaci ´on
como recomendaciones generales se enfatiz ó escalar res-
ponsablemente al tomar decisiones sobre cambios en la con-
figuración del agente, as ´ı como mantener un buen manejo de
datos y evitar sobreexponer informaci ón sensible. para pro-
fundizar en el área se sugieren cuatro l ´ıneas de investigaci ón:
los procesos de comunicaci ón en esquemas multi-agente, la
optimización de recursos en sistemas ag énticos, el manejo de
plataformas web y sus verificaciones anti-bot.
viii. explicaci ´on de latareafinal",,"{""semana"": 14, ""fecha"": ""2026-05-28"", ""nombre_archivo"": ""14_SEMANA_AI_20260528_2.pdf.pdf"", ""autor"": ""Julián López Mata"", ""tema_principal"": ""I. INFORMACI ´ONGENERAL DEEVALUACIONES"", ""secciones"": ""I. INFORMACI ´ONGENERAL DEEVALUACIONES, II. RESUMEN DE LACLASEANTERIOR(26DEMAYO), III. MODELOS DERAZONAMIENTO, IV. CONSTRUCCI ´ON DEAGENTESMODERNOS, V. MEMORIA ENAGENTES"", ""chunk_numero"": 15, ""total_chunks"": 20}"
"optimización de recursos en sistemas ag énticos, el manejo de
plataformas web y sus verificaciones anti-bot.
viii. explicaci ´on de latareafinal
la tarea final consiste en dise ñar e implementar un sistema
multiagente capaz de responder preguntas a partir de los
apuntes generados por los estudiantes del curso, combinando
rag, orquestación entre agentes, memoria conversacional, uso
controlado de herramientas externas y observabilidad.
viii-a. componentes del sistema
el sistema debe integrar una base documental con los
apuntes del curso acompañados de metadatos relevantes (autor,
fecha, tema, semana, secci ón), procesados mediante limpieza
textual, segmentaci ón y vectorizaci ón con un modelo de em-
beddings de calidad. sobre esta base operan cinco agentes",,"{""semana"": 14, ""fecha"": ""2026-05-28"", ""nombre_archivo"": ""14_SEMANA_AI_20260528_2.pdf.pdf"", ""autor"": ""Julián López Mata"", ""tema_principal"": ""I. INFORMACI ´ONGENERAL DEEVALUACIONES"", ""secciones"": ""I. INFORMACI ´ONGENERAL DEEVALUACIONES, II. RESUMEN DE LACLASEANTERIOR(26DEMAYO), III. MODELOS DERAZONAMIENTO, IV. CONSTRUCCI ´ON DEAGENTESMODERNOS, V. MEMORIA ENAGENTES"", ""chunk_numero"": 16, ""total_chunks"": 20}"
"textual, segmentaci ón y vectorizaci ón con un modelo de em-
beddings de calidad. sobre esta base operan cinco agentes
especializados, descritos en el cuadro iv.
cuadro iv
agentes del sistema multiagente
agente funci ón
orquestador coordina el flujo y decide qu é agente o herra-
mienta usar (modelo robusto, ej. sonnet)
rag consulta la base vectorial de apuntes y genera
respuestas fundamentadas
web search b úsquedas en internet bajo solicitud expl ´ıcita o
justificada
resumidor resume conversaciones y resultados (modelo
ligero)
transaccional consulta una base de datos ficticia v ´ıa mcp
server
viii-b. mcp server y reglas de seguridad
cada grupo construye un mcp server que expone herra-
mientas controladas sobre una base de datos transaccional",,"{""semana"": 14, ""fecha"": ""2026-05-28"", ""nombre_archivo"": ""14_SEMANA_AI_20260528_2.pdf.pdf"", ""autor"": ""Julián López Mata"", ""tema_principal"": ""I. INFORMACI ´ONGENERAL DEEVALUACIONES"", ""secciones"": ""I. INFORMACI ´ONGENERAL DEEVALUACIONES, II. RESUMEN DE LACLASEANTERIOR(26DEMAYO), III. MODELOS DERAZONAMIENTO, IV. CONSTRUCCI ´ON DEAGENTESMODERNOS, V. MEMORIA ENAGENTES"", ""chunk_numero"": 17, ""total_chunks"": 20}"
"cada grupo construye un mcp server que expone herra-
mientas controladas sobre una base de datos transaccional
ficticia (clientes, cuentas, transacciones, casos de revisión). las
reglas m´ınimas incluyen: toda llamada debe incluir justifica-
ción, no se permite sql libre, no se exponen n úmeros de
cuenta completos, no se permiten modificaciones a transac-
ciones existentes, las consultas sensibles deben anonimizarse
y las b úsquedas históricas deben acotarse por rango de fechas.
viii-c. memoria y observabilidad
se debe implementar memoria temporal por sesi ón (co-
herencia conversacional) y memoria hist órica persistente al-
macenada en base vectorial. la observabilidad se monta con
langfusey debe registrar entradas del usuario, herramientas",,"{""semana"": 14, ""fecha"": ""2026-05-28"", ""nombre_archivo"": ""14_SEMANA_AI_20260528_2.pdf.pdf"", ""autor"": ""Julián López Mata"", ""tema_principal"": ""I. INFORMACI ´ONGENERAL DEEVALUACIONES"", ""secciones"": ""I. INFORMACI ´ONGENERAL DEEVALUACIONES, II. RESUMEN DE LACLASEANTERIOR(26DEMAYO), III. MODELOS DERAZONAMIENTO, IV. CONSTRUCCI ´ON DEAGENTESMODERNOS, V. MEMORIA ENAGENTES"", ""chunk_numero"": 18, ""total_chunks"": 20}"
"macenada en base vectorial. la observabilidad se monta con
langfusey debe registrar entradas del usuario, herramientas
invocadas, fragmentos recuperados, llamadas al mcp, latencia
y errores. se recomienda configurar la observabilidad desde el
inicio del desarrollo.
viii-d. interfaz y evaluaci ón
el sistema se expone mediante una interfaz web (ej. stream-
lit). la evaluaci ón experimental incluye 10 preguntas factua-
les sobre apuntes, 5 de comparaci ón, 5 conversacionales de
seguimiento y 5 fuera de alcance. adicionalmente se realiza
una demostraci ón presencial en semana 18, donde el equipo
levanta el ambiente localmente.
[pagina 4]
viii-e. entregables y fechas
la entrega se divide en dos partes: un avance en semana
16 (m ´ınimo agentes rag y web search funcionando) y la",,"{""semana"": 14, ""fecha"": ""2026-05-28"", ""nombre_archivo"": ""14_SEMANA_AI_20260528_2.pdf.pdf"", ""autor"": ""Julián López Mata"", ""tema_principal"": ""I. INFORMACI ´ONGENERAL DEEVALUACIONES"", ""secciones"": ""I. INFORMACI ´ONGENERAL DEEVALUACIONES, II. RESUMEN DE LACLASEANTERIOR(26DEMAYO), III. MODELOS DERAZONAMIENTO, IV. CONSTRUCCI ´ON DEAGENTESMODERNOS, V. MEMORIA ENAGENTES"", ""chunk_numero"": 19, ""total_chunks"": 20}"
"viii-e. entregables y fechas
la entrega se divide en dos partes: un avance en semana
16 (m ´ınimo agentes rag y web search funcionando) y la
entrega final en semana 18. los entregables incluyen c ódigo
fuente (agentes, mcp server, scripts de poblamiento), archivos
sql, capturas de langfuse y un informe en latex con
introducción, arquitectura, dise ño de agentes, rag, mcp,
reglas de seguridad, memoria, observabilidad, evaluaci ón y
conclusiones.",,"{""semana"": 14, ""fecha"": ""2026-05-28"", ""nombre_archivo"": ""14_SEMANA_AI_20260528_2.pdf.pdf"", ""autor"": ""Julián López Mata"", ""tema_principal"": ""I. INFORMACI ´ONGENERAL DEEVALUACIONES"", ""secciones"": ""I. INFORMACI ´ONGENERAL DEEVALUACIONES, II. RESUMEN DE LACLASEANTERIOR(26DEMAYO), III. MODELOS DERAZONAMIENTO, IV. CONSTRUCCI ´ON DEAGENTESMODERNOS, V. MEMORIA ENAGENTES"", ""chunk_numero"": 20, ""total_chunks"": 20}"
"[pagina 1]
apuntes de clase: inteligencia artificial
luis david blancoláscarez
escuela de ingeniería en computación
tecnológico de costa rica
carné: 2020053806
profesor: steven pacheco
curso: inteligencia artificial
fecha: 19 de febrero de 2026
resumen—este documento resume los contenidos vistos el
jueves de semana 1 en clase. se presentan los conceptos fun-
damentales de inteligencia, la evolución histórica del campo, y
las principales categorías de aprendizaje automático. además, se
analiza la diferencia entre los enfoques científicos e ingenieriles
del aprendizaje demáquina.
i. introducción: ¿qué es la inteligencia?
la inteligencia no posee un significadoúnico. diferentes
disciplinas la definen según sus propios enfoques. en la",,"{""semana"": 1, ""fecha"": ""2026-02-19"", ""nombre_archivo"": ""1_SEMANA_AI_20260219_1.pdf"", ""autor"": ""Luis David Blanco Láscarez"", ""tema_principal"": ""I. INTRODUCCIÓN: ¿QUÉ ES LA INTELIGENCIA?"", ""secciones"": ""I. INTRODUCCIÓN: ¿QUÉ ES LA INTELIGENCIA?, II. ENTORNOS AUTÓNOMOS Y ADAPTATIVOS, III. DEFINICIÓN DEINTELIGENCIAARTIFICIAL, IV. EL CORAZÓN DE LAIA:LOS DATOS, V. EVOLUCIÓN HISTÓRICA DE LAINTELIGENCIA"", ""chunk_numero"": 1, ""total_chunks"": 7}"
"la inteligencia no posee un significadoúnico. diferentes
disciplinas la definen según sus propios enfoques. en la
naturaleza, se manifiesta en el comportamiento cooperativo de
los animales o en la capacidad humana de razonar y resolver
problemas.
ii. entornos autónomos y adaptativos
un sistema esautónomocuando puede realizar acciones sin
requerir instrucciones explícitas, y esadaptativocuando mo-
difica su comportamiento según las condiciones del entorno.
estas dos propiedades son esenciales en el diseño de sistemas
inteligentes.
iii. definición deinteligenciaartificial
lainteligencia artificial (ia)se define como un sistema
capaz de presentar comportamientostípicamente asociados
a la inteligencia humana. sus atributos incluyen autonomía,",,"{""semana"": 1, ""fecha"": ""2026-02-19"", ""nombre_archivo"": ""1_SEMANA_AI_20260219_1.pdf"", ""autor"": ""Luis David Blanco Láscarez"", ""tema_principal"": ""I. INTRODUCCIÓN: ¿QUÉ ES LA INTELIGENCIA?"", ""secciones"": ""I. INTRODUCCIÓN: ¿QUÉ ES LA INTELIGENCIA?, II. ENTORNOS AUTÓNOMOS Y ADAPTATIVOS, III. DEFINICIÓN DEINTELIGENCIAARTIFICIAL, IV. EL CORAZÓN DE LAIA:LOS DATOS, V. EVOLUCIÓN HISTÓRICA DE LAINTELIGENCIA"", ""chunk_numero"": 2, ""total_chunks"": 7}"
"capaz de presentar comportamientostípicamente asociados
a la inteligencia humana. sus atributos incluyen autonomía,
adaptabilidad, y capacidad de resolver tareas complejas a partir
de datos.
ejemplos comunes incluyen:
vehículos autónomos (por ejemplo, taxis o uber sin
conductor).
modelos generativos de arte o texto.
sistemas que aprenden y se adaptan de manera continua
ante nuevos datos.
iv. el corazón de laia:los datos
los datos son el componente esencial de la ia. su volumen
y calidad determinan la efectividad del modelo. se distinguen
dos tipos:
datos cuantitativos:valores medibles, como la tempe-
ratura en cierto lugar y momento.
datos cualitativos:percepciones o experiencias, como
el aroma de una flor o el sabor de un alimento.
v. evolución histórica de lainteligencia
artificial",,"{""semana"": 1, ""fecha"": ""2026-02-19"", ""nombre_archivo"": ""1_SEMANA_AI_20260219_1.pdf"", ""autor"": ""Luis David Blanco Láscarez"", ""tema_principal"": ""I. INTRODUCCIÓN: ¿QUÉ ES LA INTELIGENCIA?"", ""secciones"": ""I. INTRODUCCIÓN: ¿QUÉ ES LA INTELIGENCIA?, II. ENTORNOS AUTÓNOMOS Y ADAPTATIVOS, III. DEFINICIÓN DEINTELIGENCIAARTIFICIAL, IV. EL CORAZÓN DE LAIA:LOS DATOS, V. EVOLUCIÓN HISTÓRICA DE LAINTELIGENCIA"", ""chunk_numero"": 3, ""total_chunks"": 7}"
"el aroma de una flor o el sabor de un alimento.
v. evolución histórica de lainteligencia
artificial
1950:se establece eltérmino ia y surgen las primeras
redes neuronales; se desarrolla el algoritmo del percep-
trón.
1960:se introduce el aprendizaje automático; el per-
ceptrón es criticado por su incapacidad para resolver
operaciones xor.
1970:se emplean lenguajes como prolog y lisp para
simular sistemas inteligentes.
1980:aparecen los algoritmos de inteligencia de colme-
na para tareas de optimización.
1990:nacen el aprendizaje por refuerzo y el algoritmo
de retropropagación (backpropagation).
2000 en adelante:surgen sistemas como ibm watson,
xbox kinect, y google alphago; se populariza el reco-
nocimiento facial.
vi. machinelearning
el concepto demachine learning (ml)fue introducido",,"{""semana"": 1, ""fecha"": ""2026-02-19"", ""nombre_archivo"": ""1_SEMANA_AI_20260219_1.pdf"", ""autor"": ""Luis David Blanco Láscarez"", ""tema_principal"": ""I. INTRODUCCIÓN: ¿QUÉ ES LA INTELIGENCIA?"", ""secciones"": ""I. INTRODUCCIÓN: ¿QUÉ ES LA INTELIGENCIA?, II. ENTORNOS AUTÓNOMOS Y ADAPTATIVOS, III. DEFINICIÓN DEINTELIGENCIAARTIFICIAL, IV. EL CORAZÓN DE LAIA:LOS DATOS, V. EVOLUCIÓN HISTÓRICA DE LAINTELIGENCIA"", ""chunk_numero"": 4, ""total_chunks"": 7}"
"xbox kinect, y google alphago; se populariza el reco-
nocimiento facial.
vi. machinelearning
el concepto demachine learning (ml)fue introducido
por arthur samuel en 1959 con un algoritmo para jugar damas
chinas. ml combina ciencia e ingeniería para crear sistemas
que aprenden de los datos sin programación explícita. su base
es estadística: más datos implican modelosmás robustos.
vii. tipos de aprendizaje automático
vii-a. aprendizaje supervisado
se entrena con pares ordenados(x, y), donde el modelo
compara sus predicciones con una variable objetivo.
vii-b. aprendizaje no supervisado
busca patrones o estructuras ocultas en los datos sin etique-
tas definidas.
vii-c. aprendizaje semi-supervisado
utiliza una combinación de datos etiquetados y no etique-",,"{""semana"": 1, ""fecha"": ""2026-02-19"", ""nombre_archivo"": ""1_SEMANA_AI_20260219_1.pdf"", ""autor"": ""Luis David Blanco Láscarez"", ""tema_principal"": ""I. INTRODUCCIÓN: ¿QUÉ ES LA INTELIGENCIA?"", ""secciones"": ""I. INTRODUCCIÓN: ¿QUÉ ES LA INTELIGENCIA?, II. ENTORNOS AUTÓNOMOS Y ADAPTATIVOS, III. DEFINICIÓN DEINTELIGENCIAARTIFICIAL, IV. EL CORAZÓN DE LAIA:LOS DATOS, V. EVOLUCIÓN HISTÓRICA DE LAINTELIGENCIA"", ""chunk_numero"": 5, ""total_chunks"": 7}"
"tas definidas.
vii-c. aprendizaje semi-supervisado
utiliza una combinación de datos etiquetados y no etique-
tados, maximizando la información disponible.
vii-d. aprendizaje auto-supervisado
usa partes del propio conjunto de datos como etiquetas.
ejemplo: los modelos de lenguaje que predicen las siguientes
palabras en una oración.
[pagina 2]
vii-e. aprendizaje por refuerzo
un agente interactúa con su entorno, recibiendo recompen-
sas por acciones correctas. ejemplo: una ia que aprende a
superar obstáculos en un videojuego.
vii-f. zero-shot, one-shot y few-shot learning
zero-shot:el modelo generaliza para resolver tareas no
incluidas en su entrenamiento.
one-shot:aprende una tarea a partir de un solo ejemplo.
few-shot:requiere algunos ejemplos para aprender una
tarea específica.",,"{""semana"": 1, ""fecha"": ""2026-02-19"", ""nombre_archivo"": ""1_SEMANA_AI_20260219_1.pdf"", ""autor"": ""Luis David Blanco Láscarez"", ""tema_principal"": ""I. INTRODUCCIÓN: ¿QUÉ ES LA INTELIGENCIA?"", ""secciones"": ""I. INTRODUCCIÓN: ¿QUÉ ES LA INTELIGENCIA?, II. ENTORNOS AUTÓNOMOS Y ADAPTATIVOS, III. DEFINICIÓN DEINTELIGENCIAARTIFICIAL, IV. EL CORAZÓN DE LAIA:LOS DATOS, V. EVOLUCIÓN HISTÓRICA DE LAINTELIGENCIA"", ""chunk_numero"": 6, ""total_chunks"": 7}"
"one-shot:aprende una tarea a partir de un solo ejemplo.
few-shot:requiere algunos ejemplos para aprender una
tarea específica.
viii. machinelearning:ciencia e ingeniería
desde laciencia, el ml busca generar conocimiento y
desarrollar nuevasmétricas y algoritmos. desde laingeniería,
el reto principal consiste en la implementación eficiente en
producción. para esto se utilizan herramientas comoonnx,
que facilitan el traslado de modelos desde python hacia
lenguajes de mayor rendimiento.
ix. lecturas complementarias
se recomienda revisar las lecturas obligatorias en la pla-
taforma tec digital. su comprensión es importante para la
evaluación del curso.",,"{""semana"": 1, ""fecha"": ""2026-02-19"", ""nombre_archivo"": ""1_SEMANA_AI_20260219_1.pdf"", ""autor"": ""Luis David Blanco Láscarez"", ""tema_principal"": ""I. INTRODUCCIÓN: ¿QUÉ ES LA INTELIGENCIA?"", ""secciones"": ""I. INTRODUCCIÓN: ¿QUÉ ES LA INTELIGENCIA?, II. ENTORNOS AUTÓNOMOS Y ADAPTATIVOS, III. DEFINICIÓN DEINTELIGENCIAARTIFICIAL, IV. EL CORAZÓN DE LAIA:LOS DATOS, V. EVOLUCIÓN HISTÓRICA DE LAINTELIGENCIA"", ""chunk_numero"": 7, ""total_chunks"": 7}"
"[pagina 1]
resumen clase 1semana ai 20260219 2
´angel eduardo jiménez valverde
february 23, 2026
1 introduction
al inicio de la clase se nos pidió llenar el formulario para confirmar que s ´ ı recibimos los documentos
de las áreas de emergencia y del curso. además, también se nos dio la opción de dar pseudónimos
para facilitar la calificación que sea más discreta.se deben de enviar dichos pseudónimos por
whatsapp directo al profesor de ser el caso que no se hizo en la clase.
2 en la lección
2.1 ¿qué es inteligencia artificial?
iniciamos la clase viendo los distintos estereotipos y los puntos de vista distintos que las personas
suelen tener acerca de la inteligencia artificial, y que al final... la realidad es que s ´ ı se usan distintas",,"{""semana"": 1, ""fecha"": ""2026-02-19"", ""nombre_archivo"": ""1_SEMANA_AI_20260219_2.pdf"", ""autor"": ""Ángel Eduardo Jiménez Valverde"", ""tema_principal"": ""2.1 ¿Qu´ e es inteligencia artificial?"", ""secciones"": ""2.1 ¿Qu´ e es inteligencia artificial?, 2.2 Datos, 2.3 Distintos avances de la Inteligencia Artificial, 2.4 Concepto de Machine Learning, 2.5 Tipos de aprendizaje"", ""chunk_numero"": 1, ""total_chunks"": 12}"
"suelen tener acerca de la inteligencia artificial, y que al final... la realidad es que s ´ ı se usan distintas
técnicas y bastante matemática en el área de trabajo, pero en realidad en algunos casos puede que no
tengamos que hacer mucho, ya que ya existe una herramienta para trabajar el caso.
al final, definir la inteligencia es algo complicado, e incluso algo que puede ser psicológico, filosófico,
o propio de la naturaleza.
también es importante definir los siguientes significados:
•autonom ´ ıa: no requiere que se le proporcione instrucciones.
•adaptativo: puede cambiar el comportamiento si el ambiento o el espacio del problema cambia.
en conclusión, podemos definir en la inteligencia artificial como:",,"{""semana"": 1, ""fecha"": ""2026-02-19"", ""nombre_archivo"": ""1_SEMANA_AI_20260219_2.pdf"", ""autor"": ""Ángel Eduardo Jiménez Valverde"", ""tema_principal"": ""2.1 ¿Qu´ e es inteligencia artificial?"", ""secciones"": ""2.1 ¿Qu´ e es inteligencia artificial?, 2.2 Datos, 2.3 Distintos avances de la Inteligencia Artificial, 2.4 Concepto de Machine Learning, 2.5 Tipos de aprendizaje"", ""chunk_numero"": 2, ""total_chunks"": 12}"
"en conclusión, podemos definir en la inteligencia artificial como:
•un sistema que posee alguno de estos 2 atributos, principalmente adaptativo, o un compor-
tamiento ”inteligente”.
•ser capaz de exhibir inteligencia o capacidad de resolver distintas situaciones complejas y nos
proporcione un resultado.
•en algunos casos éstas incluso pueden llegar a simular la visión, escucha o sentidos naturales.
•se espera que también pueda aprender de forma autónoma mediante sus propios datos y nuevos
datos agregados.
•principalmente, se espera que la inteligencia artificial sea capaz de resolver problemas complejos.
el corazón de la ia al final resultan ser los datos con los que se alimenta a una inteligencia artificial,",,"{""semana"": 1, ""fecha"": ""2026-02-19"", ""nombre_archivo"": ""1_SEMANA_AI_20260219_2.pdf"", ""autor"": ""Ángel Eduardo Jiménez Valverde"", ""tema_principal"": ""2.1 ¿Qu´ e es inteligencia artificial?"", ""secciones"": ""2.1 ¿Qu´ e es inteligencia artificial?, 2.2 Datos, 2.3 Distintos avances de la Inteligencia Artificial, 2.4 Concepto de Machine Learning, 2.5 Tipos de aprendizaje"", ""chunk_numero"": 3, ""total_chunks"": 12}"
"el corazón de la ia al final resultan ser los datos con los que se alimenta a una inteligencia artificial,
los datos con los que se entrena, pues en base a dicha información se puede crear una ia correcta, los
algoritmos si son de importancia... pero al final lo importante para un resultado son esos datos.
[pagina 2]
2.2 datos
el rendimiento de los algoritmos es malo, si al final lo datos son incorrectos,ya sea porque se escogieron
datos incorrectos, o que no hay suficientes datos.
´estos datos pueden llegar a ser:
•cuantitativos: valores numéricos, flotantes, que pueden representar una ubicación en el mapa,
un nivel de temperatura, etc.
•cualitativos: suelen ser más complicados de conseguir, pueden llegar a ser datos más espec ´ ıficos
o cualitativos.",,"{""semana"": 1, ""fecha"": ""2026-02-19"", ""nombre_archivo"": ""1_SEMANA_AI_20260219_2.pdf"", ""autor"": ""Ángel Eduardo Jiménez Valverde"", ""tema_principal"": ""2.1 ¿Qu´ e es inteligencia artificial?"", ""secciones"": ""2.1 ¿Qu´ e es inteligencia artificial?, 2.2 Datos, 2.3 Distintos avances de la Inteligencia Artificial, 2.4 Concepto de Machine Learning, 2.5 Tipos de aprendizaje"", ""chunk_numero"": 4, ""total_chunks"": 12}"
"un nivel de temperatura, etc.
•cualitativos: suelen ser más complicados de conseguir, pueden llegar a ser datos más espec ´ ıficos
o cualitativos.
2.3 distintos avances de la inteligencia artificial
•1950: se crea el término de ”inteligencia artificial”, y se crea el modelo de perceptron y el
concepto de unared neuronal.
•1960se crean los modelos de ml (machine learning), el modelo de perceptron no suele ser
suficiente.
•1970se crean lenguajes como prolog, que serán de utilidad para la inteligencia artificial
•1980se crean algoritmos tipo colmena, as ´ ı como máquinas lisp.
•1990hay un avance en la robótica, e incluso se consigue un algoritmo capaz de ganar en el
chess. además, se consigue salvar el algoritmo de perceptron y resurgir la inteligencia artificial.",,"{""semana"": 1, ""fecha"": ""2026-02-19"", ""nombre_archivo"": ""1_SEMANA_AI_20260219_2.pdf"", ""autor"": ""Ángel Eduardo Jiménez Valverde"", ""tema_principal"": ""2.1 ¿Qu´ e es inteligencia artificial?"", ""secciones"": ""2.1 ¿Qu´ e es inteligencia artificial?, 2.2 Datos, 2.3 Distintos avances de la Inteligencia Artificial, 2.4 Concepto de Machine Learning, 2.5 Tipos de aprendizaje"", ""chunk_numero"": 5, ""total_chunks"": 12}"
"chess. además, se consigue salvar el algoritmo de perceptron y resurgir la inteligencia artificial.
•2000se crean dispositivos como el kinnect, la wii, dispositivos capaces de controlar el movimiento,
objetos capaces de obtener reconocimiento facial. la creación de asistentes inteligentes.
•2010se crea una inteligencia artificial que utiliza una técnica más potente con más capas, que
ser ´ ıa el inicio de la inteligencia artifical como la conocemos, ésta conocida como el deep learning.
2.4 concepto de machine learning
este concepto fue creado por arthur samuel, con la idea de crear un algoritmo para jugar ”checkers”,
y que dicho algoritmo ser ´ ıa creado para demostrar que la computadora es capaz de jugar esto.",,"{""semana"": 1, ""fecha"": ""2026-02-19"", ""nombre_archivo"": ""1_SEMANA_AI_20260219_2.pdf"", ""autor"": ""Ángel Eduardo Jiménez Valverde"", ""tema_principal"": ""2.1 ¿Qu´ e es inteligencia artificial?"", ""secciones"": ""2.1 ¿Qu´ e es inteligencia artificial?, 2.2 Datos, 2.3 Distintos avances de la Inteligencia Artificial, 2.4 Concepto de Machine Learning, 2.5 Tipos de aprendizaje"", ""chunk_numero"": 6, ""total_chunks"": 12}"
"y que dicho algoritmo ser ´ ıa creado para demostrar que la computadora es capaz de jugar esto.
el machine learning cuenta como 2 aristas que forman un vector, dichos aristas ser ´ ıan:ciencia
y laingenier ´ ıa, con la idea de ”construir máquinas que pueda hacer tareas sin ser expl ´ ıcitamente
programadas, solamente infiriendo los datos”.
se siguen enfoques estad ´ ısticos para entrenar a los modelos para que aprendan de los datos, y crear
un algoritmo para aproximar las funciones... de nuevo, es una aproximación, no es perfecta... por eso
suele darse múltiples cantidades de datos correctos para entrenar a la máquina y reducir el margen de
error.
a mayor cantidad de datos (mientras estén correctos y que cumplan la situación), es mejor, ya que
hacen el modelo más robusto.",,"{""semana"": 1, ""fecha"": ""2026-02-19"", ""nombre_archivo"": ""1_SEMANA_AI_20260219_2.pdf"", ""autor"": ""Ángel Eduardo Jiménez Valverde"", ""tema_principal"": ""2.1 ¿Qu´ e es inteligencia artificial?"", ""secciones"": ""2.1 ¿Qu´ e es inteligencia artificial?, 2.2 Datos, 2.3 Distintos avances de la Inteligencia Artificial, 2.4 Concepto de Machine Learning, 2.5 Tipos de aprendizaje"", ""chunk_numero"": 7, ""total_chunks"": 12}"
"error.
a mayor cantidad de datos (mientras estén correctos y que cumplan la situación), es mejor, ya que
hacen el modelo más robusto.
2.5 tipos de aprendizaje
•supervisado: se supervisan la información en base a los conjuntos objetivos, y en base a los
datos conseguidos, usualmente mediante prácticas estad ´ ısticas. tenemos un vector que incluye
caracter ´ ısticas y objetivo.
•no supervisado: este tipo de aprendizaje es distinto, solamente tenemos el vector de carac-
ter ´ ısticas, no tenemos el valor de objetivo, en base a las caracter ´ ısticas recolectadas, buscamos
que existan patrones en los datos, que permitan describir la situación en una manera. estos tipos
de algoritmos son conocidos como ”algoritmo de clustering”.
[pagina 3]",,"{""semana"": 1, ""fecha"": ""2026-02-19"", ""nombre_archivo"": ""1_SEMANA_AI_20260219_2.pdf"", ""autor"": ""Ángel Eduardo Jiménez Valverde"", ""tema_principal"": ""2.1 ¿Qu´ e es inteligencia artificial?"", ""secciones"": ""2.1 ¿Qu´ e es inteligencia artificial?, 2.2 Datos, 2.3 Distintos avances de la Inteligencia Artificial, 2.4 Concepto de Machine Learning, 2.5 Tipos de aprendizaje"", ""chunk_numero"": 8, ""total_chunks"": 12}"
"de algoritmos son conocidos como ”algoritmo de clustering”.
[pagina 3]
•semi-supervisado: en este se tiene una enorme cantidad de datos, con una ligera mayor ´ ıa que
son supervisados (con muestra y etiqueta), y en el resto de los datos no tenemos el valor objetivo.
•auto-supervisado: utilizamos nuestra mismo valor de muestra, o en este caso tenemos nuestra
arista o vector ”x”, y vamos a usar ese mismo valor como si estuviéramos usando el método
supervisado.
•refuerzo: es el tipo de supervisado en el que tenemos un modelo, con un sistema derewards
(premios)y un sistema def ailures (castigos), en un modo en el que si consigue una ganancia
si tiene avances.
•f ew-shot: se termina de entrenar el modelo de lenguaje... si se le dan varios ejemplos para que",,"{""semana"": 1, ""fecha"": ""2026-02-19"", ""nombre_archivo"": ""1_SEMANA_AI_20260219_2.pdf"", ""autor"": ""Ángel Eduardo Jiménez Valverde"", ""tema_principal"": ""2.1 ¿Qu´ e es inteligencia artificial?"", ""secciones"": ""2.1 ¿Qu´ e es inteligencia artificial?, 2.2 Datos, 2.3 Distintos avances de la Inteligencia Artificial, 2.4 Concepto de Machine Learning, 2.5 Tipos de aprendizaje"", ""chunk_numero"": 9, ""total_chunks"": 12}"
"si tiene avances.
•f ew-shot: se termina de entrenar el modelo de lenguaje... si se le dan varios ejemplos para que
la ia entienda el cómo resolver los errores, en éste caso es few shot learning.
•one-shot: se termina de entrenar el modelo de lenguaje... si de primeras logra resolver las
tareas donde se le da un ejemplo de cómo resolver la tarea, en dicho caso, es el caso de one-shot
learning.
•zero-shot: se termina de entrenar el modelo de lenguaje... si de primeras logra resolver las
tareas sin ningún entrenamiento o ejemplo brindado en ningún prompt, es zero shot.
2.6 machine learning en el área cient ´ ıfico:
•se busca generar conocimiento, nuevas técnicas, nuevas ideas.
•se basa mucho en las métricas, y en búsqueda de superar las métricas de otros modelos.",,"{""semana"": 1, ""fecha"": ""2026-02-19"", ""nombre_archivo"": ""1_SEMANA_AI_20260219_2.pdf"", ""autor"": ""Ángel Eduardo Jiménez Valverde"", ""tema_principal"": ""2.1 ¿Qu´ e es inteligencia artificial?"", ""secciones"": ""2.1 ¿Qu´ e es inteligencia artificial?, 2.2 Datos, 2.3 Distintos avances de la Inteligencia Artificial, 2.4 Concepto de Machine Learning, 2.5 Tipos de aprendizaje"", ""chunk_numero"": 10, ""total_chunks"": 12}"
"•se basa mucho en las métricas, y en búsqueda de superar las métricas de otros modelos.
•se escribe un documento oficial, con evidencia bien planteada.
•se construyen modelos con datos nuevos, el data scientist.
2.7 machine learning en el área de ingenier ´ ıa:
•se pone en producción el modelo previamente planteado, se hace deploy del posible modelo y se
alimenta de la información.
•después se toca transformar el modelo, en base al modelo creado en un lenguaje, quizás se
requiera pasar a otros lenguajes con mejor rendimiento, entonces se transforma el modelo a otro
lenguaje.
•se usan herramientas como onnix, que permite hacer un refactor de modelos; por ejemplo, hecho
en python, para convertirlo en otros más ligeros o más fáciles de simplificar, como c++ o rust.",,"{""semana"": 1, ""fecha"": ""2026-02-19"", ""nombre_archivo"": ""1_SEMANA_AI_20260219_2.pdf"", ""autor"": ""Ángel Eduardo Jiménez Valverde"", ""tema_principal"": ""2.1 ¿Qu´ e es inteligencia artificial?"", ""secciones"": ""2.1 ¿Qu´ e es inteligencia artificial?, 2.2 Datos, 2.3 Distintos avances de la Inteligencia Artificial, 2.4 Concepto de Machine Learning, 2.5 Tipos de aprendizaje"", ""chunk_numero"": 11, ""total_chunks"": 12}"
"en python, para convertirlo en otros más ligeros o más fáciles de simplificar, como c++ o rust.
•mlops: se hace uso de las herramientas o prácticas para convertir los modelos creados para que
sean prácticos enproducción.
el área cient ´ ıfico y el área de ingenier ´ ıa son bastante distintas, de modo que uno puede optar por
un área o división de éstas, según la preferencia, y poder trabajar de ésta en el futuro.
3 datos de importancia al final de la lección
•se seleccionaron 2 estudiantes para que hicieran los apuntes de la clase.
•hay 2 lecturas obligatorias para tec digital, es de importancia leerlas para
prepararse para el futuro quiz.",,"{""semana"": 1, ""fecha"": ""2026-02-19"", ""nombre_archivo"": ""1_SEMANA_AI_20260219_2.pdf"", ""autor"": ""Ángel Eduardo Jiménez Valverde"", ""tema_principal"": ""2.1 ¿Qu´ e es inteligencia artificial?"", ""secciones"": ""2.1 ¿Qu´ e es inteligencia artificial?, 2.2 Datos, 2.3 Distintos avances de la Inteligencia Artificial, 2.4 Concepto de Machine Learning, 2.5 Tipos de aprendizaje"", ""chunk_numero"": 12, ""total_chunks"": 12}"
"[pagina 1]
apuntes inteligencia artificial
santiago chaves garbanzo
escuela de ingenier ´ıa en computaci ón
tecnológico de costa rica
profesor: steven pacheco portuguez
curso: ic6200 inteligencia artificial
fecha: 24 de febrero de 2026
resumen—en esta clase se coment ó principalmente sobre los
distintos tipos de machine learning (ml), y cu áles son sus
caracter´ısticas principales. adem ás, se introdujo conceptos fun-
damentales como que tipos de problemas resuelven los algoritmos
de ml, y que proceso se suele utilizar para implementarlos en
ambientes de producci ón
i. repasoclaseanterior
se realiz ó un repaso sobre los temas abordados en la clase
del jueves anterior.
i-a. ¿qu é es inteligencia?
se explico nuevamente que no hay consenso absoluto sobre",,"{""semana"": 2, ""fecha"": ""2026-02-24"", ""nombre_archivo"": ""2_SEMANA_AI_20260224_1.pdf"", ""autor"": ""Santiago Chaves Garbanzo"", ""tema_principal"": ""I. REPASOCLASEANTERIOR"", ""secciones"": ""I. REPASOCLASEANTERIOR, II. PIPELINE PARA REENTRENO, III. PARADIGMAS, IV. JERARQU ´IA ENINTELIGENCIAARTIFICIAL, V. USOS DE LAINTELIGENCIAARTIFICIAL"", ""chunk_numero"": 1, ""total_chunks"": 19}"
"del jueves anterior.
i-a. ¿qu é es inteligencia?
se explico nuevamente que no hay consenso absoluto sobre
la definici ón de la inteligencia. sin embargo, lo m ás aceptado
es que se evidencia en individuos (o m áquinas) que son
autónomos y adaptativos. esto implica que deben ser capaces
de actuar sin intervenci ón externa y de saber como reaccionar
ante distintos est ´ımulos, dependiendo de la situaci ón.
i-b. ¿qu é es inteligencia artificial?
por lo tanto, la inteligencia artificial se refiere a sistemas
de computo y robots que logran ser aut ónomos y adaptati-
vos. tambi én ocurre cuando se imitan los sentidos b ásicos
(escucha, habla, vista, etc.)y se utilizan para realizar tareas
complejas; por ejemplo, los carros aut ónomos.
por otro lado, se volvi ó a enfatizar que el coraz ón de la",,"{""semana"": 2, ""fecha"": ""2026-02-24"", ""nombre_archivo"": ""2_SEMANA_AI_20260224_1.pdf"", ""autor"": ""Santiago Chaves Garbanzo"", ""tema_principal"": ""I. REPASOCLASEANTERIOR"", ""secciones"": ""I. REPASOCLASEANTERIOR, II. PIPELINE PARA REENTRENO, III. PARADIGMAS, IV. JERARQU ´IA ENINTELIGENCIAARTIFICIAL, V. USOS DE LAINTELIGENCIAARTIFICIAL"", ""chunk_numero"": 2, ""total_chunks"": 19}"
"complejas; por ejemplo, los carros aut ónomos.
por otro lado, se volvi ó a enfatizar que el coraz ón de la
ia son los datos, todo entrenamiento es gracias a ellos. son
tan importantes que en caso de no ser de calidad, el modelo
resultante tampoco lo ser á.
i-c. ¿qu é es machine learning?
el machine learning (ml) se resume en algoritmos que
se entrenan con grandes cantidades de datos, para aprender
a reaccionar ante distintos inputs. dichos algoritmos son
programados de manera ”declarativa”, no tienen un prop ósito
espec´ıfico, lo cu ál les permite ser utilizados en una gran
cantidad de escenarios. por ejemplo, un algoritmo de clasifi-
cación binaria, sirve para todo tipo de clasificaciones binarias,
mientras que si se tomara un enfoque tradicional, el algoritmo",,"{""semana"": 2, ""fecha"": ""2026-02-24"", ""nombre_archivo"": ""2_SEMANA_AI_20260224_1.pdf"", ""autor"": ""Santiago Chaves Garbanzo"", ""tema_principal"": ""I. REPASOCLASEANTERIOR"", ""secciones"": ""I. REPASOCLASEANTERIOR, II. PIPELINE PARA REENTRENO, III. PARADIGMAS, IV. JERARQU ´IA ENINTELIGENCIAARTIFICIAL, V. USOS DE LAINTELIGENCIAARTIFICIAL"", ""chunk_numero"": 3, ""total_chunks"": 19}"
"cación binaria, sirve para todo tipo de clasificaciones binarias,
mientras que si se tomara un enfoque tradicional, el algoritmo
resultante ser´ıa sumamente complejo y no generalizable.
un ejemplo de aplicaci ón de machine learning a un pro-
blema, es el de tener un modelo que permita determinar si un
correo electr ónico es spam o no.
desde un punto de vista t écnico, lo que se hace es pasar to-
dos los datos por una funci ón que servir á para dividirlos (esto
en un algoritmo de clasificaci ón). el objetivo es encontrar una
figura 1. ejemplo de clasificaci ón
función que se aproxime a dicha divisi ón perfecta, para que
as´ı el modelo sea capaz de clasificar de manera correcta en
la mayor cantidad de casos. la complejidad recae en que en",,"{""semana"": 2, ""fecha"": ""2026-02-24"", ""nombre_archivo"": ""2_SEMANA_AI_20260224_1.pdf"", ""autor"": ""Santiago Chaves Garbanzo"", ""tema_principal"": ""I. REPASOCLASEANTERIOR"", ""secciones"": ""I. REPASOCLASEANTERIOR, II. PIPELINE PARA REENTRENO, III. PARADIGMAS, IV. JERARQU ´IA ENINTELIGENCIAARTIFICIAL, V. USOS DE LAINTELIGENCIAARTIFICIAL"", ""chunk_numero"": 4, ""total_chunks"": 19}"
"as´ı el modelo sea capaz de clasificar de manera correcta en
la mayor cantidad de casos. la complejidad recae en que en
muchas ocasiones las funciones tienden a ser no lineales.
i-d. tipos de aprendizaje
existen distintas maneras de entrenar modelos de ml:
supervisado:ocurre cuando el conjunto de datos consis-
te de pares ordenados(x, y), en los quexes un vector
de caracter ´ısticas, por ejemplo, datos de una orqu ´ıdea:
tamaño de tallo, tama ño de p étalo, y color; yyes una
etiqueta que se busca aproximar, por ejemplo, el consumo
de agua o la especie.
al entrenar el modelo se le pasan dichos parámetros, para
que retorne valoresˆy, que sean lo m ás cercanos posibles
no-supervisado:en este tipo de aprendizaje se tiene
solo vectores de caracter´ısticasx= (x 1, x2, . . . , xn), sin",,"{""semana"": 2, ""fecha"": ""2026-02-24"", ""nombre_archivo"": ""2_SEMANA_AI_20260224_1.pdf"", ""autor"": ""Santiago Chaves Garbanzo"", ""tema_principal"": ""I. REPASOCLASEANTERIOR"", ""secciones"": ""I. REPASOCLASEANTERIOR, II. PIPELINE PARA REENTRENO, III. PARADIGMAS, IV. JERARQU ´IA ENINTELIGENCIAARTIFICIAL, V. USOS DE LAINTELIGENCIAARTIFICIAL"", ""chunk_numero"": 5, ""total_chunks"": 19}"
"no-supervisado:en este tipo de aprendizaje se tiene
solo vectores de caracter´ısticasx= (x 1, x2, . . . , xn), sin
etiquetas asociadas. a partir de ellos se trata de encontrar
patrones, estructuras en los datos. esto permite encontrar
caracter´ısticas que agrupen, o permitan disminuir la di-
mensionalidad de los vectores.
semi-supervisado:utiliza tanto datos etiquetados como
no etiquetados, para optimizar los resultados en ciertos
escenarios.
auto-supervisado:este tipo de aprendizaje utiliza los
mismos datos con los que se entreno para validarse. un
ejemplo ser´ıa un modelo que utilice una imagen a color
que fue pasada a blanco y negro para poder descubrir
como revertir dicho efecto.
refuerzo:este tipo de aprendizaje premia al modelo",,"{""semana"": 2, ""fecha"": ""2026-02-24"", ""nombre_archivo"": ""2_SEMANA_AI_20260224_1.pdf"", ""autor"": ""Santiago Chaves Garbanzo"", ""tema_principal"": ""I. REPASOCLASEANTERIOR"", ""secciones"": ""I. REPASOCLASEANTERIOR, II. PIPELINE PARA REENTRENO, III. PARADIGMAS, IV. JERARQU ´IA ENINTELIGENCIAARTIFICIAL, V. USOS DE LAINTELIGENCIAARTIFICIAL"", ""chunk_numero"": 6, ""total_chunks"": 19}"
"que fue pasada a blanco y negro para poder descubrir
como revertir dicho efecto.
refuerzo:este tipo de aprendizaje premia al modelo
cuando acierta, y lo penaliza al fallar. un ejemplo puede
ser una ia que juegue mario, por lo que al caer en huecos
[pagina 2]
se le reste puntos para que sepa que no debe fallar ah ´ı,
y se le concedan puntos al eliminar enemigos.
few/one/zero - shot:el zero shot ocurre cuando un
modelo es capaz de resolver una tarea para la cu ál no
fue entrenado, por ejemplo los llms son capaces de
realizar aritm ética indirectamente gracias a su capacidad
de predecir la siguiente palabra. el one shot es cuando
solo hace falta darle un ejemplo al modelo para que sepa
como resolver un problema. finalmente el few shot es
cuando ocupa m ás de un ejemplo.
i-e. enfoques",,"{""semana"": 2, ""fecha"": ""2026-02-24"", ""nombre_archivo"": ""2_SEMANA_AI_20260224_1.pdf"", ""autor"": ""Santiago Chaves Garbanzo"", ""tema_principal"": ""I. REPASOCLASEANTERIOR"", ""secciones"": ""I. REPASOCLASEANTERIOR, II. PIPELINE PARA REENTRENO, III. PARADIGMAS, IV. JERARQU ´IA ENINTELIGENCIAARTIFICIAL, V. USOS DE LAINTELIGENCIAARTIFICIAL"", ""chunk_numero"": 7, ""total_chunks"": 19}"
"como resolver un problema. finalmente el few shot es
cuando ocupa m ás de un ejemplo.
i-e. enfoques
en el área del machine learning se pueden abarcar dos
enfoques principales:
ciencia:tiene como objetivo generar nuevo conocimien-
to, nuevos modelos y aplicarlos a áreas innovadoras. se
tiene que estar pendiente al estado del arte, para superar
las m étricas actuales. el trabajo suele ser m ás informal
y con prop ósitos de investigaci ón.
ingenier´ıa (mlops):ocurre una vez se tiene el modelo
ya listo, se enfoca en ver como ponerlo en producci ón,
cómo hacerlo más eficiente, cómo monitorizarlo, con qué
pipeline reentrenarlo, etc.
ii. pipeline para reentreno
existen modelos fundacionales como chatgpt que no
requieren ser reentrenados constantemente debido a su gran",,"{""semana"": 2, ""fecha"": ""2026-02-24"", ""nombre_archivo"": ""2_SEMANA_AI_20260224_1.pdf"", ""autor"": ""Santiago Chaves Garbanzo"", ""tema_principal"": ""I. REPASOCLASEANTERIOR"", ""secciones"": ""I. REPASOCLASEANTERIOR, II. PIPELINE PARA REENTRENO, III. PARADIGMAS, IV. JERARQU ´IA ENINTELIGENCIAARTIFICIAL, V. USOS DE LAINTELIGENCIAARTIFICIAL"", ""chunk_numero"": 8, ""total_chunks"": 19}"
"ii. pipeline para reentreno
existen modelos fundacionales como chatgpt que no
requieren ser reentrenados constantemente debido a su gran
magnitud, pero para otros m ás simples si se requiere de-
terminar un pipeline en producci ón. para ello se siguen los
siguientes pasos (ver la fig. 2):
1.manejo de datos:en esta etapa se debe averiguar de
donde obtener los datos, que etiquetas usar (si es que
hay), y observar las restricciones de negocio que pueden
dificultar este proceso.
2.entrenamiento:depende de los datos se debe entrenar
a los modelos de distintas formas. una manera es
separarlos en 80:20, y usar el 80 % de los para entrenar
el modelo, y el resto para validar los resultados (este
muestreo debe ser aleatorio).
3.validaci ón:ahora se necesita validar los distintos mo-",,"{""semana"": 2, ""fecha"": ""2026-02-24"", ""nombre_archivo"": ""2_SEMANA_AI_20260224_1.pdf"", ""autor"": ""Santiago Chaves Garbanzo"", ""tema_principal"": ""I. REPASOCLASEANTERIOR"", ""secciones"": ""I. REPASOCLASEANTERIOR, II. PIPELINE PARA REENTRENO, III. PARADIGMAS, IV. JERARQU ´IA ENINTELIGENCIAARTIFICIAL, V. USOS DE LAINTELIGENCIAARTIFICIAL"", ""chunk_numero"": 9, ""total_chunks"": 19}"
"el modelo, y el resto para validar los resultados (este
muestreo debe ser aleatorio).
3.validaci ón:ahora se necesita validar los distintos mo-
delos entrenados, cambiar hiperpar ámetros y averiguar
cual es el que da los mejores resultados.
4.puesta en producci ón:finalmente se debe poner en
producción el modelo, y recolectar datos de uso para
posteriormente usarlos para reentrenarlo y mejorarlo.
iii. paradigmas
existen distintas tipos de problemas para los que se pueden
aplicar conocimientos en ml:
búsqueda:son los que resuelven los algoritmos t ´ıpicos
como bfs, dfs a*, y dijkstra, que buscan resolver cual
es el mejor camino a tomar.
optimización de funciones:es cuando se trata de
optimizar el error entreyyˆy. esto llega a ser complicado",,"{""semana"": 2, ""fecha"": ""2026-02-24"", ""nombre_archivo"": ""2_SEMANA_AI_20260224_1.pdf"", ""autor"": ""Santiago Chaves Garbanzo"", ""tema_principal"": ""I. REPASOCLASEANTERIOR"", ""secciones"": ""I. REPASOCLASEANTERIOR, II. PIPELINE PARA REENTRENO, III. PARADIGMAS, IV. JERARQU ´IA ENINTELIGENCIAARTIFICIAL, V. USOS DE LAINTELIGENCIAARTIFICIAL"", ""chunk_numero"": 10, ""total_chunks"": 19}"
"es el mejor camino a tomar.
optimización de funciones:es cuando se trata de
optimizar el error entreyyˆy. esto llega a ser complicado
ya que las funciones suelen ser no lineales, por lo que es
figura 2. pipeline de reentreno
figura 3. diferencia entre m ´ınimo local y m ´ınimo global.
fácil confundir un error m´ınimo local con el error m´ınimo
global, como se observa en la fig. 3.
predicción y clasificaci ón:en este tipo de problemas
con base en un vector de caracter ´ısticasxse predice
o clasifica. por ejemplo, sixhace referencia a datos
sobre carros, entonces se puede predecir cuanto gasto
de gasolina tendr á, o bien se puede clasificar que tipo de
automóvil es (sed án, suv , camión).
agrupamiento:con base en m étricas de distancia se
pueden generar agrupamientos entre los datos.",,"{""semana"": 2, ""fecha"": ""2026-02-24"", ""nombre_archivo"": ""2_SEMANA_AI_20260224_1.pdf"", ""autor"": ""Santiago Chaves Garbanzo"", ""tema_principal"": ""I. REPASOCLASEANTERIOR"", ""secciones"": ""I. REPASOCLASEANTERIOR, II. PIPELINE PARA REENTRENO, III. PARADIGMAS, IV. JERARQU ´IA ENINTELIGENCIAARTIFICIAL, V. USOS DE LAINTELIGENCIAARTIFICIAL"", ""chunk_numero"": 11, ""total_chunks"": 19}"
"automóvil es (sed án, suv , camión).
agrupamiento:con base en m étricas de distancia se
pueden generar agrupamientos entre los datos.
deterministas:este tipo de problemas no aplican para
modelos estad ´ısticos, porque siempre para una misma
entrada, se tendr á una misma salida. por ejemplo, a las
12 m.d. siempre hay luz en costa rica.
estocásticos:son problemas que dan distintas respuestas
para una misma entrada dependiendo de las probabilida-
des en dicho momento. por ejemplo, a las 12 m.d siempre
estálluvioso|soleado|n uboso.
iv. jerarqu ´ia eninteligenciaartificial
el campo de la inteligencia artificial se divide en una
jerarqu´ıa (ver la fig. 4):
1.inteligencia artificial:se refiere a todo lo que intente
hacer m ´ımica a un sistema inteligente, como los algo-",,"{""semana"": 2, ""fecha"": ""2026-02-24"", ""nombre_archivo"": ""2_SEMANA_AI_20260224_1.pdf"", ""autor"": ""Santiago Chaves Garbanzo"", ""tema_principal"": ""I. REPASOCLASEANTERIOR"", ""secciones"": ""I. REPASOCLASEANTERIOR, II. PIPELINE PARA REENTRENO, III. PARADIGMAS, IV. JERARQU ´IA ENINTELIGENCIAARTIFICIAL, V. USOS DE LAINTELIGENCIAARTIFICIAL"", ""chunk_numero"": 12, ""total_chunks"": 19}"
"jerarqu´ıa (ver la fig. 4):
1.inteligencia artificial:se refiere a todo lo que intente
hacer m ´ımica a un sistema inteligente, como los algo-
ritmos gen éticos, backtracking, o fuerza bruta.
2.machine learning:es cuando se usan grandes vol úme-
nes de datos, para que una m áquina aprenda a hacer
tareas espec´ıficas.
3.deep learning:es un tipo de ml que consiste de capas
muy profundas, por ejemplo redes neuronales de 80, o
convolucionales para computer vision. suelen resolver
problemas de funciones no lineales.
[pagina 3]
figura 4. jerarqu ´ıa en inteligencia artificial
4.ia generativa:es el tipo de dl que ha surgido
recientemente, que se usa para generar textos, im ágenes
o m ás contenido.
v. usos de lainteligenciaartificial
la inteligencia artificial tiene m últiples posibles aplica-",,"{""semana"": 2, ""fecha"": ""2026-02-24"", ""nombre_archivo"": ""2_SEMANA_AI_20260224_1.pdf"", ""autor"": ""Santiago Chaves Garbanzo"", ""tema_principal"": ""I. REPASOCLASEANTERIOR"", ""secciones"": ""I. REPASOCLASEANTERIOR, II. PIPELINE PARA REENTRENO, III. PARADIGMAS, IV. JERARQU ´IA ENINTELIGENCIAARTIFICIAL, V. USOS DE LAINTELIGENCIAARTIFICIAL"", ""chunk_numero"": 13, ""total_chunks"": 19}"
"o m ás contenido.
v. usos de lainteligenciaartificial
la inteligencia artificial tiene m últiples posibles aplica-
ciones en distintas áreas del conocimiento. se puede usar
para optimizar la producci ón en sistemas agr ´ıcolas, al usar
computer vision para detectar el estado de plantas y de ah ´ı
determinar que tanto riego ocupan. o bien, en el área médica,
se pueden usar modelos de detecci ón para imagenolog ´ıa, que
permitan detectar tumores cancer ´ıgenos en etapas tempranas.
vi. pipeline general
(posiblemente salga en quiz)el proceso de crear un
modelo de machine learning requiere un pipeline ordenado
que permita obtener los mejores resultados posibles. los pasos
son los siguientes:
vi-a. data adquisition
se deben seleccionar muestras representativas de la pobla-",,"{""semana"": 2, ""fecha"": ""2026-02-24"", ""nombre_archivo"": ""2_SEMANA_AI_20260224_1.pdf"", ""autor"": ""Santiago Chaves Garbanzo"", ""tema_principal"": ""I. REPASOCLASEANTERIOR"", ""secciones"": ""I. REPASOCLASEANTERIOR, II. PIPELINE PARA REENTRENO, III. PARADIGMAS, IV. JERARQU ´IA ENINTELIGENCIAARTIFICIAL, V. USOS DE LAINTELIGENCIAARTIFICIAL"", ""chunk_numero"": 14, ""total_chunks"": 19}"
"son los siguientes:
vi-a. data adquisition
se deben seleccionar muestras representativas de la pobla-
ción con la que se desea trabajar. por ejemplo, si para un
modelo de predicci ón de votadores para elecciones nacionales
se selecciona solo hombres mayores a 40 a ños en san jos é,
el resultado se ver á sesgado gracias a la mala selecci ón de la
muestra. por ello la calidad de los datos afecta directamente
los resultados, y la generalidad que tendr á el modelo.
vi-b. data preparation
esta etapa se enfoca en c ómo hay que darle los datos al
modelo. por ejemplo, hay modelos en los que se ocupa que
los datos sigan una distribución normal para que los resultados
sean adecuados. o bien, hay otros en los que si los datos
numéricos tienen una varianza muy alta (x i = 1000000, xj =",,"{""semana"": 2, ""fecha"": ""2026-02-24"", ""nombre_archivo"": ""2_SEMANA_AI_20260224_1.pdf"", ""autor"": ""Santiago Chaves Garbanzo"", ""tema_principal"": ""I. REPASOCLASEANTERIOR"", ""secciones"": ""I. REPASOCLASEANTERIOR, II. PIPELINE PARA REENTRENO, III. PARADIGMAS, IV. JERARQU ´IA ENINTELIGENCIAARTIFICIAL, V. USOS DE LAINTELIGENCIAARTIFICIAL"", ""chunk_numero"": 15, ""total_chunks"": 19}"
"sean adecuados. o bien, hay otros en los que si los datos
numéricos tienen una varianza muy alta (x i = 1000000, xj =
0,3), el producto final sufre overfitting.
asimismo, en ocasiones se ocupa aplicar normalizaciones,
escalamiento o estandarización a los distintos valores. también
se suele eliminar duplicados, y averiguar que hacer ante
datos faltantes (como aplicarles el valor promedio de dicha
caracter´ıstica).
vi-c. feature engineering
en esta etapa se crean nuevas caracter ´ısticas para optimizar
el grado de error del modelo. por ejemplo, si se tiene una
caracter´ısticax 1 del largo de un terreno y otrax 2 del ancho,
puede llegar a ser útil crear una nuevax 3 que sea el área
total del terreno. otro caso es cuando los datos siguen una",,"{""semana"": 2, ""fecha"": ""2026-02-24"", ""nombre_archivo"": ""2_SEMANA_AI_20260224_1.pdf"", ""autor"": ""Santiago Chaves Garbanzo"", ""tema_principal"": ""I. REPASOCLASEANTERIOR"", ""secciones"": ""I. REPASOCLASEANTERIOR, II. PIPELINE PARA REENTRENO, III. PARADIGMAS, IV. JERARQU ´IA ENINTELIGENCIAARTIFICIAL, V. USOS DE LAINTELIGENCIAARTIFICIAL"", ""chunk_numero"": 16, ""total_chunks"": 19}"
"puede llegar a ser útil crear una nuevax 3 que sea el área
total del terreno. otro caso es cuando los datos siguen una
parábola, pero se ocupa aplicarles un modelo lineal, por lo
que se puede crear un feature que eleve al cuadrado dichos
valores y permita un mejor ajuste.
vi-d. model selection
dependiendo del problema que se abarque, la selecci ón del
modelo. por ejemplo, en caso de ocupar explicabilidad en
las respuestas, se puede usar un decision tree, que retorna
los pasos que sigui ó para conformar su soluci ón (un caso
práctico ser´ıa aplicarlo para algoritmo de aprobación de crédito
bancario).
vi-e. model training
esta etapa es en la que se entrena al modelo y se mide cuales
son las configuraciones m ás eficientes. se aplican t écnicas",,"{""semana"": 2, ""fecha"": ""2026-02-24"", ""nombre_archivo"": ""2_SEMANA_AI_20260224_1.pdf"", ""autor"": ""Santiago Chaves Garbanzo"", ""tema_principal"": ""I. REPASOCLASEANTERIOR"", ""secciones"": ""I. REPASOCLASEANTERIOR, II. PIPELINE PARA REENTRENO, III. PARADIGMAS, IV. JERARQU ´IA ENINTELIGENCIAARTIFICIAL, V. USOS DE LAINTELIGENCIAARTIFICIAL"", ""chunk_numero"": 17, ""total_chunks"": 19}"
"vi-e. model training
esta etapa es en la que se entrena al modelo y se mide cuales
son las configuraciones m ás eficientes. se aplican t écnicas
como el grid search, que permite correr el modelo con
distintos hiperpar ámetros, para ver cu ál combinaci ón termina
con mejores resultados.
vi-f. deployment
finalmente toca averiguar como desplegar el modelo para
que pueda ser accedido por el p úblico meta. en esta etapa
se debe averiguar si toca hacer migraciones con herramientas
como onnx, ver todo el proceso de mlops.
vii. tareamoral
la tarea no suma puntos, sin embargo es importante porque
en caso de que se haga una curva a final de semestre se tomar á
en cuenta si fue hecha.
se debe realizar una mini-investigaci ón de las siguientes
personas:
yann lecun
yoshua bengio
sam altman",,"{""semana"": 2, ""fecha"": ""2026-02-24"", ""nombre_archivo"": ""2_SEMANA_AI_20260224_1.pdf"", ""autor"": ""Santiago Chaves Garbanzo"", ""tema_principal"": ""I. REPASOCLASEANTERIOR"", ""secciones"": ""I. REPASOCLASEANTERIOR, II. PIPELINE PARA REENTRENO, III. PARADIGMAS, IV. JERARQU ´IA ENINTELIGENCIAARTIFICIAL, V. USOS DE LAINTELIGENCIAARTIFICIAL"", ""chunk_numero"": 18, ""total_chunks"": 19}"
"en cuenta si fue hecha.
se debe realizar una mini-investigaci ón de las siguientes
personas:
yann lecun
yoshua bengio
sam altman
geoffrey hinton
timnit gebru
ian goodfellow
además hacer un resumen del funcionamiento de las siguien-
tes herramientas/conceptos:
mlflow
vertex
langchain
huggingface
ollama
chain-of-thought",,"{""semana"": 2, ""fecha"": ""2026-02-24"", ""nombre_archivo"": ""2_SEMANA_AI_20260224_1.pdf"", ""autor"": ""Santiago Chaves Garbanzo"", ""tema_principal"": ""I. REPASOCLASEANTERIOR"", ""secciones"": ""I. REPASOCLASEANTERIOR, II. PIPELINE PARA REENTRENO, III. PARADIGMAS, IV. JERARQU ´IA ENINTELIGENCIAARTIFICIAL, V. USOS DE LAINTELIGENCIAARTIFICIAL"", ""chunk_numero"": 19, ""total_chunks"": 19}"
"[pagina 1]
apuntes clase 1 semana 2
jose sequeira chacon
escuela de ingenier ´ıa en computaci ón
instituto tecnológico de costa rica
profesor: steven pacheco portuguez
curso: ic6200 inteligencia artificial
fecha: 24 de febrero de 2026
abstract—en esta lecci ón se repasó acerca de los diversos algo-
ritmos de machine learning (ml) y cuáles son sus caracter´ısticas
fundamentales. también, se presentaron conceptos b ásicos como
los tipos de problemas que pueden resolver los diferentes algo-
ritmos de ml y el proceso general de su implementaci ón en
producción.
i. repaso
a. definici ón de inteligencia
aunque no hay una definici ón absoluta de inteligencia
globalmente reconocida, lo que generalmente se acepta es que
es una entidad de funcionamiento aut ónomo y adaptativa a los",,"{""semana"": 2, ""fecha"": ""2026-02-24"", ""nombre_archivo"": ""2_SEMANA_AI_20260224_2.pdf"", ""autor"": ""Jose Sequeira Chacon"", ""tema_principal"": ""I. REPASO"", ""secciones"": ""I. REPASO, C. Base de la Inteligencia Artificial, D. Definici ´on de Machine Learning, II. DESARROLLO DE UNMODELO, III. PARADIGMAS DEPROBLEMAS"", ""chunk_numero"": 1, ""total_chunks"": 16}"
"globalmente reconocida, lo que generalmente se acepta es que
es una entidad de funcionamiento aut ónomo y adaptativa a los
cambios en el entorno. estas entidades deben poder actuar de
forma independiente.
b. definici ón de inteligencia artificial
basado en la definici ón anterior, la inteligencia artificial
(ia) se define como un sistema computacional que puede fun-
cionar de manera aut ónoma y que logra adaptarse a cambios
en el entorno.
un claro ejemplo de ia son los autos de conducción autónoma,
los cuales funcionan de manera independiente (no hay ning ún
chofer en el auto) y pueden adaptarse a situaciones inesper-
adas.
c. base de la inteligencia artificial
los datos son el corazón de la ia. no importa que tan bueno
sea el algoritmo, un modelo ser á tan bueno como la calidad",,"{""semana"": 2, ""fecha"": ""2026-02-24"", ""nombre_archivo"": ""2_SEMANA_AI_20260224_2.pdf"", ""autor"": ""Jose Sequeira Chacon"", ""tema_principal"": ""I. REPASO"", ""secciones"": ""I. REPASO, C. Base de la Inteligencia Artificial, D. Definici ´on de Machine Learning, II. DESARROLLO DE UNMODELO, III. PARADIGMAS DEPROBLEMAS"", ""chunk_numero"": 2, ""total_chunks"": 16}"
"los datos son el corazón de la ia. no importa que tan bueno
sea el algoritmo, un modelo ser á tan bueno como la calidad
de los datos de su entrenamiento.
d. definici ón de machine learning
el machine learning (ml) es un campo de la inteligencia
artificial que se centra en la creaci ón de sistemas que puedan
aprender de los datos, sin estar expl ´ıcitamente programados
para cada tarea en espec ´ıfico.
un ejemplo ser ´ıa un clasificador de im ágenes, el cual usar ´ıa
una funci ón matemática para separar los valores. por lo tanto,
no se programa el clasificador, permitiendo que el algoritmo
logre clasificar im ágenes nuevas, aunque no hayan sido vistas
anteriormente.
e. tipos de aprendizajes
•supervisado: se basa en etiquetas o pares ordenados,",,"{""semana"": 2, ""fecha"": ""2026-02-24"", ""nombre_archivo"": ""2_SEMANA_AI_20260224_2.pdf"", ""autor"": ""Jose Sequeira Chacon"", ""tema_principal"": ""I. REPASO"", ""secciones"": ""I. REPASO, C. Base de la Inteligencia Artificial, D. Definici ´on de Machine Learning, II. DESARROLLO DE UNMODELO, III. PARADIGMAS DEPROBLEMAS"", ""chunk_numero"": 3, ""total_chunks"": 16}"
"anteriormente.
e. tipos de aprendizajes
•supervisado: se basa en etiquetas o pares ordenados,
donde cada entradaxtiene una salida esperaday(eti-
queta). la salida del modelo se considera una aproxi-
mación y se denota como ˆy. la secci ón supervisada es
fig. 1. ejemplo de funci ón lineal.
compararycon ˆy.
uso: clasificaciones binarias, c álculos de regresi ón.
•no supervisado: en este aprendizaje, no existe la etiqueta
o salida esperaday. la idea de este tipo de aprendizaje
es encontrar patrones, realizar agrupaciones o estableces
relaciones por s ´ı solo. al no haber etiquetas, no hay una
salida esperada ni una supervisi ón que realizar.
uso: agrupamiento (clustering), reducci ón de variables,
asociaciones.
•semisupervisado: basado en los tipos de aprendizajes",,"{""semana"": 2, ""fecha"": ""2026-02-24"", ""nombre_archivo"": ""2_SEMANA_AI_20260224_2.pdf"", ""autor"": ""Jose Sequeira Chacon"", ""tema_principal"": ""I. REPASO"", ""secciones"": ""I. REPASO, C. Base de la Inteligencia Artificial, D. Definici ´on de Machine Learning, II. DESARROLLO DE UNMODELO, III. PARADIGMAS DEPROBLEMAS"", ""chunk_numero"": 4, ""total_chunks"": 16}"
"uso: agrupamiento (clustering), reducci ón de variables,
asociaciones.
•semisupervisado: basado en los tipos de aprendizajes
anteriores, en este tipo de aprendizaje se utilizan algunas
entradas con etiquetas, por lo tanto, estas entradas si son
supervisadas.
la necesidad de este aprendizaje resulta del costo de
etiquetar todo el dataset, requiriendo personas experimen-
tadas y ciertas habilidades. por lo que se reduce el costo
operativo al tener datos no etiquetados.
uso: transducci ón (generar etiquetas para entradas), in-
ductivo (etiquetar entradas basadas en una lista de eti-
quetas existentes).
•autosupervisado: a diferencia del m étodo supervisado,
el modelo se encarga de hacer la comparaci ónycon
ˆy. este aprendizaje tambi én podr ´ıa generar etiquetas",,"{""semana"": 2, ""fecha"": ""2026-02-24"", ""nombre_archivo"": ""2_SEMANA_AI_20260224_2.pdf"", ""autor"": ""Jose Sequeira Chacon"", ""tema_principal"": ""I. REPASO"", ""secciones"": ""I. REPASO, C. Base de la Inteligencia Artificial, D. Definici ´on de Machine Learning, II. DESARROLLO DE UNMODELO, III. PARADIGMAS DEPROBLEMAS"", ""chunk_numero"": 5, ""total_chunks"": 16}"
"el modelo se encarga de hacer la comparaci ónycon
ˆy. este aprendizaje tambi én podr ´ıa generar etiquetas
(como lo har ´ıa el aprendizaje semisupervisado) como un
primer paso. despu és, funcionar ´ıa como un algoritmo
supervisado o no supervisado.
uso: basado en la funci ón, como aprendizaje supervisado
o no supervisado.
•refuerzo: este aprendizaje es un tipo de aprendizaje
[pagina 2]
automático centrado en el entrenamiento de agentes para
maximizar la recompensa mediante interacciones en en-
tornos din ámicos. a diferencia del aprendizaje super-
visado o no supervisado, el ar equilibra la exploraci ón
(probar nuevas acciones) y la explotaci ón (utilizar infor-
mación conocida).
al comparar el rendimiento del agente con m étricas",,"{""semana"": 2, ""fecha"": ""2026-02-24"", ""nombre_archivo"": ""2_SEMANA_AI_20260224_2.pdf"", ""autor"": ""Jose Sequeira Chacon"", ""tema_principal"": ""I. REPASO"", ""secciones"": ""I. REPASO, C. Base de la Inteligencia Artificial, D. Definici ´on de Machine Learning, II. DESARROLLO DE UNMODELO, III. PARADIGMAS DEPROBLEMAS"", ""chunk_numero"": 6, ""total_chunks"": 16}"
"(probar nuevas acciones) y la explotaci ón (utilizar infor-
mación conocida).
al comparar el rendimiento del agente con m étricas
definidas, la diferencia en el desempe ño genera la noci ón
de arrepentimiento. esto resulta en que el agente deba
razonar sobre las consecuencias a largo plazo de sus
acciones (es decir, maximizar las recompensas futuras),
aunque la recompensa inmediata asociada a esto pueda
ser negativa.
uso: problemas de comportamiento (juegos)
•zero-shot: aprendizaje que implica que el modelo tendr á
entradas de clases totalmente desconocidas durante las
pruebas. dicho de otra forma, el modelo no fue entrenado
con dichas clases de datos (tareas a resolver).
uso: clasificaci ón de im ágenes, segmentaci ón, proce-
samiento de lenguaje natural.",,"{""semana"": 2, ""fecha"": ""2026-02-24"", ""nombre_archivo"": ""2_SEMANA_AI_20260224_2.pdf"", ""autor"": ""Jose Sequeira Chacon"", ""tema_principal"": ""I. REPASO"", ""secciones"": ""I. REPASO, C. Base de la Inteligencia Artificial, D. Definici ´on de Machine Learning, II. DESARROLLO DE UNMODELO, III. PARADIGMAS DEPROBLEMAS"", ""chunk_numero"": 7, ""total_chunks"": 16}"
"con dichas clases de datos (tareas a resolver).
uso: clasificaci ón de im ágenes, segmentaci ón, proce-
samiento de lenguaje natural.
•one-shot: basado en el aprendizaje anterior, el modelo es
entrenado con un ejemplo de la clase de entrada (tarea a
resolver).
uso: clasificaciones, reconocimiento de objetos, com-
puter vision
•few-shot: similar a los 2 aprendizajes anteriores, este
tipo usa varios ejemplos de la clase de entrada durante el
entrenamiento.
uso: segmentación y clasificaci ón de im ágenes, rob ótica.
f . ´enfasis
•cient ´ıfico: este enfoque es te órico, su finalidad es generar
nuevo conocimiento y desarrollar nuevos modelos. esto
implica estar actualizado al estado del arte para so-
brepasar las m étricas actuales. este trabajo es realizado
generalmente por data scientists.",,"{""semana"": 2, ""fecha"": ""2026-02-24"", ""nombre_archivo"": ""2_SEMANA_AI_20260224_2.pdf"", ""autor"": ""Jose Sequeira Chacon"", ""tema_principal"": ""I. REPASO"", ""secciones"": ""I. REPASO, C. Base de la Inteligencia Artificial, D. Definici ´on de Machine Learning, II. DESARROLLO DE UNMODELO, III. PARADIGMAS DEPROBLEMAS"", ""chunk_numero"": 8, ""total_chunks"": 16}"
"implica estar actualizado al estado del arte para so-
brepasar las m étricas actuales. este trabajo es realizado
generalmente por data scientists.
•: ingenier ´ıa: este es un enfoque pr áctico, que busca
como poner en producci ón al modelo. esto implica
transformación del notebook a una arquitectura real con
capacidades y limitaciones, adem ás de una potencial
conversión del lenguaje original. el trabajo es realizado
por ingenieros machine learning operations (mlops).
ii. desarrollo de unmodelo
en términos generales, un modelo de machine learning tiene
un ciclo de mejora continua con las siguientes etapas:
1) serving: el modelo est á puesto en producci ón y se
generan nuevos datos.
2) datos: se colectan los nuevos datos y se divide 80/20.",,"{""semana"": 2, ""fecha"": ""2026-02-24"", ""nombre_archivo"": ""2_SEMANA_AI_20260224_2.pdf"", ""autor"": ""Jose Sequeira Chacon"", ""tema_principal"": ""I. REPASO"", ""secciones"": ""I. REPASO, C. Base de la Inteligencia Artificial, D. Definici ´on de Machine Learning, II. DESARROLLO DE UNMODELO, III. PARADIGMAS DEPROBLEMAS"", ""chunk_numero"": 9, ""total_chunks"": 16}"
"1) serving: el modelo est á puesto en producci ón y se
generan nuevos datos.
2) datos: se colectan los nuevos datos y se divide 80/20.
80% se utiliza para entrenamiento y 20% para pruebas.
3) entrenamiento: se escoge el modelo apropiado para
el nuevo dataset. pueden usarse varios modelos para
comparación de resultados.
4) validaci ón: se revisan y comparan resultados entre mod-
elos, se optimizan hiperpar ámetros y se escoge el mejor
modelo.
fig. 2. ciclo de mejora continua de un modelo.
iii. paradigmas deproblemas
como se ha indicado, existen diferentes tipos de algoritmos
y entrenamientos, estos resultan en diferentes problemas que
la ia puede solucionar:
•b úsqueda: la soluci ón de este tipo de problema requiere
encontrar el camino m ás óptimo.",,"{""semana"": 2, ""fecha"": ""2026-02-24"", ""nombre_archivo"": ""2_SEMANA_AI_20260224_2.pdf"", ""autor"": ""Jose Sequeira Chacon"", ""tema_principal"": ""I. REPASO"", ""secciones"": ""I. REPASO, C. Base de la Inteligencia Artificial, D. Definici ´on de Machine Learning, II. DESARROLLO DE UNMODELO, III. PARADIGMAS DEPROBLEMAS"", ""chunk_numero"": 10, ""total_chunks"": 16}"
"la ia puede solucionar:
•b úsqueda: la soluci ón de este tipo de problema requiere
encontrar el camino m ás óptimo.
•optimizaci ón: al optimizar funciones, se puede confundir
un m´ınimo local con un m ´ınimo global. por lo tanto, el
problema se halla en encontrar el m ´ınimo correcto.
•predicci ón: este tipo de problema se centra en identificar
patrones y dar una salida de un n úmero real.
•clasificaci ón: este problema se enfoca en identificar pa-
trones y dar una salida en un conjunto finito de categor´ıas
o etiquetas.
•agrupamiento: este tipo se enfoca en determinar agru-
pamientos en los datos, basado en m étricas y cercan´ıa de
los mismos.
iv. tipos demodelos
•determin ´ıstico: estos modelos producen el mismo resul-
tado para una entrada determinada siempre. esto logra",,"{""semana"": 2, ""fecha"": ""2026-02-24"", ""nombre_archivo"": ""2_SEMANA_AI_20260224_2.pdf"", ""autor"": ""Jose Sequeira Chacon"", ""tema_principal"": ""I. REPASO"", ""secciones"": ""I. REPASO, C. Base de la Inteligencia Artificial, D. Definici ´on de Machine Learning, II. DESARROLLO DE UNMODELO, III. PARADIGMAS DEPROBLEMAS"", ""chunk_numero"": 11, ""total_chunks"": 16}"
"los mismos.
iv. tipos demodelos
•determin ´ıstico: estos modelos producen el mismo resul-
tado para una entrada determinada siempre. esto logra
alta predictibilidad y simplicidad.
•estoc ásticos: estos modelos incorporan aleatoriedad du-
rante el entrenamiento o inferencia para manejar la in-
certidumbre, lo que resulta en diferentes resultados entre
ejecuciones pero una mejor generalizaci ón.
v. relaci ´on deconceptos
existen varios conceptos relacionados que se pueden repre-
sentar como subconjuntos unos de otros:
1) inteligencia artificial (ia): hace referencia a la m ´ımica
de un comportamiento inteligente, como detecci ón de
patrones y resoluci ón de problemas.
2) machine learning (ml): se puede definir como la ia
que utiliza grandes vol úmenes de datos con algoritmos",,"{""semana"": 2, ""fecha"": ""2026-02-24"", ""nombre_archivo"": ""2_SEMANA_AI_20260224_2.pdf"", ""autor"": ""Jose Sequeira Chacon"", ""tema_principal"": ""I. REPASO"", ""secciones"": ""I. REPASO, C. Base de la Inteligencia Artificial, D. Definici ´on de Machine Learning, II. DESARROLLO DE UNMODELO, III. PARADIGMAS DEPROBLEMAS"", ""chunk_numero"": 12, ""total_chunks"": 16}"
"patrones y resoluci ón de problemas.
2) machine learning (ml): se puede definir como la ia
que utiliza grandes vol úmenes de datos con algoritmos
estad´ısticos para detectar patrones. soluciona problemas
lineales.
[pagina 3]
3) deep learning (dl): se define como ml de redes
neuronales de mucha profundidad de capas. soluci ón
de problemas no lineales.
4) generative ai (genai): dl con sets de datos masivos
para generar texto, c ódigo, im ágenes, etc.
fig. 3. ciclo de desarrollo de un modelo.
vi. usos de lainteligenciaartificial
la inteligencia artificial puede tener diversas aplicaciones
en varias áreas. por ejemplo, se puede usar en la agricultura,
utilizando computer vision para identificar qué cultivar, requer-
imientos de agua, fertilizante, etc.",,"{""semana"": 2, ""fecha"": ""2026-02-24"", ""nombre_archivo"": ""2_SEMANA_AI_20260224_2.pdf"", ""autor"": ""Jose Sequeira Chacon"", ""tema_principal"": ""I. REPASO"", ""secciones"": ""I. REPASO, C. Base de la Inteligencia Artificial, D. Definici ´on de Machine Learning, II. DESARROLLO DE UNMODELO, III. PARADIGMAS DEPROBLEMAS"", ""chunk_numero"": 13, ""total_chunks"": 16}"
"utilizando computer vision para identificar qué cultivar, requer-
imientos de agua, fertilizante, etc.
también, se pueden utilizar computer vision para la detecci ón
de tumores cancer ´ıgenos en fases iniciales.
vii. proceso de desarrollo
de manera general, el desarrollo de un modelo de machine
learning tiene los siguientes pasos:
1) data adquisition: es necesario obtener datos de calidad
relevantes y representativos del problema que se va a
resolver. por lo tanto, se necesita determinar y delimitar
el origen, muestra y forma de obtenci ón del dataset.
2) data preparation: seguidamente, se deben preparar los
datos. esto incluye la limpieza de duplicados, normalizar
la distribuci ón, transformaci ón para normalizaci ón, es-
calamiento.",,"{""semana"": 2, ""fecha"": ""2026-02-24"", ""nombre_archivo"": ""2_SEMANA_AI_20260224_2.pdf"", ""autor"": ""Jose Sequeira Chacon"", ""tema_principal"": ""I. REPASO"", ""secciones"": ""I. REPASO, C. Base de la Inteligencia Artificial, D. Definici ´on de Machine Learning, II. DESARROLLO DE UNMODELO, III. PARADIGMAS DEPROBLEMAS"", ""chunk_numero"": 14, ""total_chunks"": 16}"
"datos. esto incluye la limpieza de duplicados, normalizar
la distribuci ón, transformaci ón para normalizaci ón, es-
calamiento.
3) feature engineering: creaci ón de features o variables a
partir de variables existentes para proporcionar variables
más relevantes o apropiados.
por ejemplo, c álculo de superficie a partir de los datos
de ambas dimensiones.
4) model selection: seleccionar modelo en funci ón del
problema a resolver. dado que existen diferentes tipos de
algoritmos y aprendizajes, los modelos resultantes van
a ser m ás apropiados en diferentes problemas.
5) model training: selecci ón de hiperpar ámetros que in-
fluyen en la optimizaci ón del modelo. para esto, se
utiliza la t écnica grid search, para probar el modelo
con diferentes configuraciones de hiperpar ámetros.",,"{""semana"": 2, ""fecha"": ""2026-02-24"", ""nombre_archivo"": ""2_SEMANA_AI_20260224_2.pdf"", ""autor"": ""Jose Sequeira Chacon"", ""tema_principal"": ""I. REPASO"", ""secciones"": ""I. REPASO, C. Base de la Inteligencia Artificial, D. Definici ´on de Machine Learning, II. DESARROLLO DE UNMODELO, III. PARADIGMAS DEPROBLEMAS"", ""chunk_numero"": 15, ""total_chunks"": 16}"
"utiliza la t écnica grid search, para probar el modelo
con diferentes configuraciones de hiperpar ámetros.
6) model deployment: esta fase pr áctica implica el dise ño
de la arquitectura, transformaci ón del notebook y ejecu-
tar el modelo. esto se defini ó en la secci ón i-f.",,"{""semana"": 2, ""fecha"": ""2026-02-24"", ""nombre_archivo"": ""2_SEMANA_AI_20260224_2.pdf"", ""autor"": ""Jose Sequeira Chacon"", ""tema_principal"": ""I. REPASO"", ""secciones"": ""I. REPASO, C. Base de la Inteligencia Artificial, D. Definici ´on de Machine Learning, II. DESARROLLO DE UNMODELO, III. PARADIGMAS DEPROBLEMAS"", ""chunk_numero"": 16, ""total_chunks"": 16}"
"[pagina 1]
apuntes de clase: semana 3 martes
jose miguel gonzalez barrantes
carné: 2023087564
escuela de ingenieria en computación
instituto tecnológico de costa rica
profesor: steven andrey pacheco portugués
curso: ic6200 inteligencia artificial
fecha: miércoles 4 de marzo de 2026
resumen—a continuación se presentan los apuntes de la clase
del martes 3 de marzo, correspondiente a la semana 3. la clase
inicia con la realización del quiz #1 y posteriormente se comentan
en voz alta las respuestas de las preguntas. después se continúa
con un repaso de conceptos importantes deálgebra lineal que
serán de mucha utilidad durante el curso. finalmente se comienza
con el tema de supervised learning.
i. preguntas del quiz #1
1.describa los tipos de aprendizaje supervisado, no",,"{""semana"": 3, ""fecha"": ""2026-03-03"", ""nombre_archivo"": ""3_SEMANA_AI_20260303_1.pdf"", ""autor"": ""Jose Miguel Gonzalez Barrantes"", ""tema_principal"": ""I. PREGUNTAS DEL QUIZ #1"", ""secciones"": ""I. PREGUNTAS DEL QUIZ #1, II. INFORMACIÓN ADICIONAL DE LA CLASE, III. REPASO DE ÁLGEBRA LINEAL, IV. SUPERVISEDLEARNING: CONCEPTOS YTEORÍA, 1. Positividad"", ""chunk_numero"": 1, ""total_chunks"": 25}"
"con el tema de supervised learning.
i. preguntas del quiz #1
1.describa los tipos de aprendizaje supervisado, no
supervisado y one-shot learning
en el aprendizaje supervisado se cuenta con un vector
de característicasxy además se tiene la etiquetay.
el modelo aprende la relación entre ambos para poder
realizar predicciones.
en el aprendizaje no supervisado no se tienen etiquetas
definidas. en este caso el modelo busca patrones o
estructuras en los datos, por ejemplo mediantetécnicas
de agrupamiento.
elone-shot learningconsiste en entrenar el modelo
utilizandoúnicamente un solo ejemplo, buscando que el
sistema pueda generalizar a partir de muy poca informa-
ción.
2.describa latécnica de grid search
latécnica degrid searches muy utilizada en machine",,"{""semana"": 3, ""fecha"": ""2026-03-03"", ""nombre_archivo"": ""3_SEMANA_AI_20260303_1.pdf"", ""autor"": ""Jose Miguel Gonzalez Barrantes"", ""tema_principal"": ""I. PREGUNTAS DEL QUIZ #1"", ""secciones"": ""I. PREGUNTAS DEL QUIZ #1, II. INFORMACIÓN ADICIONAL DE LA CLASE, III. REPASO DE ÁLGEBRA LINEAL, IV. SUPERVISEDLEARNING: CONCEPTOS YTEORÍA, 1. Positividad"", ""chunk_numero"": 2, ""total_chunks"": 25}"
"sistema pueda generalizar a partir de muy poca informa-
ción.
2.describa latécnica de grid search
latécnica degrid searches muy utilizada en machine
learning para encontrar la mejor configuración de un
modelo. se basa en probar diferentes combinaciones de
hiperparámetros que se definen previamente y evaluar
cuál funciona mejor.
con esto se compara el rendimiento de cada combinación
y finalmente se selecciona la que obtiene los mejores
resultados.
3.¿cuál es la diferencia entre la mejor solución local y
global en optimización de problemas?
una solución local es la mejor dentro de una región o
dominio específico del problema. en cambio, la solución
global es la mejor de todas las posibles soluciones.
una solución local no siempre será la mejor del problema",,"{""semana"": 3, ""fecha"": ""2026-03-03"", ""nombre_archivo"": ""3_SEMANA_AI_20260303_1.pdf"", ""autor"": ""Jose Miguel Gonzalez Barrantes"", ""tema_principal"": ""I. PREGUNTAS DEL QUIZ #1"", ""secciones"": ""I. PREGUNTAS DEL QUIZ #1, II. INFORMACIÓN ADICIONAL DE LA CLASE, III. REPASO DE ÁLGEBRA LINEAL, IV. SUPERVISEDLEARNING: CONCEPTOS YTEORÍA, 1. Positividad"", ""chunk_numero"": 3, ""total_chunks"": 25}"
"global es la mejor de todas las posibles soluciones.
una solución local no siempre será la mejor del problema
completo, por lo que no se puede asumir que sea laóptima. idealmente se busca encontrar la solución global.
4.describa qué son los problemas de agrupamiento
los problemas de agrupamiento buscan organizar datos
en grupos oclusterssegún sus similitudes. la idea es
que los elementos dentro de un mismo grupo seanmás
parecidos entresí que con los de otros grupos.
este tipo detécnica se utiliza cuando no se tienen
etiquetas o categorías previamente definidas.
ii. información adicional de la clase
durante la clase el profesor mencionó algunos aspectos
importantes relacionados con el trabajopráctico del curso. se
habló sobre el uso dejupyter notebookscomo herramienta",,"{""semana"": 3, ""fecha"": ""2026-03-03"", ""nombre_archivo"": ""3_SEMANA_AI_20260303_1.pdf"", ""autor"": ""Jose Miguel Gonzalez Barrantes"", ""tema_principal"": ""I. PREGUNTAS DEL QUIZ #1"", ""secciones"": ""I. PREGUNTAS DEL QUIZ #1, II. INFORMACIÓN ADICIONAL DE LA CLASE, III. REPASO DE ÁLGEBRA LINEAL, IV. SUPERVISEDLEARNING: CONCEPTOS YTEORÍA, 1. Positividad"", ""chunk_numero"": 4, ""total_chunks"": 25}"
"importantes relacionados con el trabajopráctico del curso. se
habló sobre el uso dejupyter notebookscomo herramienta
principal para el desarrollo de los ejercicios y análisis de datos.
además, el profesor comentó sobre un error que puede
aparecer durante la manipulación de datos. este error no
proviene directamente del archivo csv , sino del proceso de
manejo o transformación de los datos dentro del notebook.
también se mencionó un material de repaso deálgebra
lineal que contiene información importante sobre matrices,
vectores y otros conceptos fundamentales que serán necesarios
para comprender mejor los temas del curso.
finalmente, el profesor aclaró que no habrá revisiones
presenciales programadas. lo importante será enviar el trabajo,",,"{""semana"": 3, ""fecha"": ""2026-03-03"", ""nombre_archivo"": ""3_SEMANA_AI_20260303_1.pdf"", ""autor"": ""Jose Miguel Gonzalez Barrantes"", ""tema_principal"": ""I. PREGUNTAS DEL QUIZ #1"", ""secciones"": ""I. PREGUNTAS DEL QUIZ #1, II. INFORMACIÓN ADICIONAL DE LA CLASE, III. REPASO DE ÁLGEBRA LINEAL, IV. SUPERVISEDLEARNING: CONCEPTOS YTEORÍA, 1. Positividad"", ""chunk_numero"": 5, ""total_chunks"": 25}"
"finalmente, el profesor aclaró que no habrá revisiones
presenciales programadas. lo importante será enviar el trabajo,
revisar cuidadosamente el notebook y asegurarse de que el
informe solicitado esté completo. si en el informe aparece
información que no está respaldada en el notebook, esto podría
generar una penalización.
iii. repaso deálgebra lineal
durante la clase se realizó un breve repaso de algunos con-
ceptos fundamentales deálgebra lineal que serán importantes
a lo largo del curso, especialmente para comprendercómo
funcionan muchos algoritmos de machine learning.
iii-a. ¿qué es un vector?
un vector es un objeto matemático que tienedireccióny
magnitud. puede interpretarse como una posición dentro de
un espacion-dimensional.
por ejemplo, el vector
x= (1,5)
[pagina 2]",,"{""semana"": 3, ""fecha"": ""2026-03-03"", ""nombre_archivo"": ""3_SEMANA_AI_20260303_1.pdf"", ""autor"": ""Jose Miguel Gonzalez Barrantes"", ""tema_principal"": ""I. PREGUNTAS DEL QUIZ #1"", ""secciones"": ""I. PREGUNTAS DEL QUIZ #1, II. INFORMACIÓN ADICIONAL DE LA CLASE, III. REPASO DE ÁLGEBRA LINEAL, IV. SUPERVISEDLEARNING: CONCEPTOS YTEORÍA, 1. Positividad"", ""chunk_numero"": 6, ""total_chunks"": 25}"
"magnitud. puede interpretarse como una posición dentro de
un espacion-dimensional.
por ejemplo, el vector
x= (1,5)
[pagina 2]
representa una posición en el plano cartesiano.
en muchos casos se representa un vector como una flecha
que inicia en el origen(0,0)y termina en el punto que definen
sus coordenadas.
figura 1. representación geométrica de un vector
iii-b. dirección y magnitud
dirección:indica haciadónde apunta el vector dentro del
espacio.
magnitud:representa la longitud del vector, es decir, la
distancia desde el punto de origen hasta el punto final.
iii-c. vector entre dos puntos
si se tienen dos puntos en el espacio:
a= (a1, a2, a3, . . . , an)
b= (b1, b2, b3, . . . , bn)
entonces el vector que va desdeahastabse calcula como:
u=b−a
u= (b1 −a 1, b2 −a 2, . . . , bn −a n)
donde:",,"{""semana"": 3, ""fecha"": ""2026-03-03"", ""nombre_archivo"": ""3_SEMANA_AI_20260303_1.pdf"", ""autor"": ""Jose Miguel Gonzalez Barrantes"", ""tema_principal"": ""I. PREGUNTAS DEL QUIZ #1"", ""secciones"": ""I. PREGUNTAS DEL QUIZ #1, II. INFORMACIÓN ADICIONAL DE LA CLASE, III. REPASO DE ÁLGEBRA LINEAL, IV. SUPERVISEDLEARNING: CONCEPTOS YTEORÍA, 1. Positividad"", ""chunk_numero"": 7, ""total_chunks"": 25}"
"b= (b1, b2, b3, . . . , bn)
entonces el vector que va desdeahastabse calcula como:
u=b−a
u= (b1 −a 1, b2 −a 2, . . . , bn −a n)
donde:
aes el punto de origen.
bes el punto final.
ai yb i representan las coordenadas en la dimensióni.
nrepresenta elnúmero de dimensiones.
iii-d. magnitud de un vector
la magnitud de un vector mide qué tan grande o largo es
el vector.
se denota como:
||x||
para un vector
x= (x1, x2, . . . , xn)
su magnitud se calcula como:
||x||=
1 +x 2
2 +· · ·+x2n
donde:
x1, x2, . . . , xn son las componentes del vector
nes elnúmero de dimensiones
geométricamente esto corresponde a la distancia desde el
origen hasta el punto que representa el vector.
iii-e. distancia de manhattan
la distancia de manhattan mide la distancia entre dos",,"{""semana"": 3, ""fecha"": ""2026-03-03"", ""nombre_archivo"": ""3_SEMANA_AI_20260303_1.pdf"", ""autor"": ""Jose Miguel Gonzalez Barrantes"", ""tema_principal"": ""I. PREGUNTAS DEL QUIZ #1"", ""secciones"": ""I. PREGUNTAS DEL QUIZ #1, II. INFORMACIÓN ADICIONAL DE LA CLASE, III. REPASO DE ÁLGEBRA LINEAL, IV. SUPERVISEDLEARNING: CONCEPTOS YTEORÍA, 1. Positividad"", ""chunk_numero"": 8, ""total_chunks"": 25}"
"origen hasta el punto que representa el vector.
iii-e. distancia de manhattan
la distancia de manhattan mide la distancia entre dos
puntos moviéndoseúnicamente de forma horizontal y vertical.
se define como:
d(a, b) =
|ai −b i|
donde:
a= (a1, a2, . . . , an)
b= (b1, b2, . . . , bn)
nes elnúmero de dimensiones
esta distancia no siempre representa el caminomás corto
entre dos puntos.
iii-f. distancia euclidiana
la distancia euclidiana corresponde a la distanciamás corta
entre dos puntos en el espacio.
se calcula mediante:
d(a, b) =
(ai −b i)2
donde:
a= (a1, a2, . . . , an)
b= (b1, b2, . . . , bn)
nes elnúmero de dimensiones
esta es una de lasmétricas de distanciamás utilizadas en
machine learning.
[pagina 3]
iii-g. norma de un vector
una norma es una función
|| · ||",,"{""semana"": 3, ""fecha"": ""2026-03-03"", ""nombre_archivo"": ""3_SEMANA_AI_20260303_1.pdf"", ""autor"": ""Jose Miguel Gonzalez Barrantes"", ""tema_principal"": ""I. PREGUNTAS DEL QUIZ #1"", ""secciones"": ""I. PREGUNTAS DEL QUIZ #1, II. INFORMACIÓN ADICIONAL DE LA CLASE, III. REPASO DE ÁLGEBRA LINEAL, IV. SUPERVISEDLEARNING: CONCEPTOS YTEORÍA, 1. Positividad"", ""chunk_numero"": 9, ""total_chunks"": 25}"
"esta es una de lasmétricas de distanciamás utilizadas en
machine learning.
[pagina 3]
iii-g. norma de un vector
una norma es una función
|| · ||
que asigna un vector a unnúmero real (escalar). en otras
palabras, la norma mide el tamaño o longitud de un vector.
para que una función sea considerada una norma debe
cumplir tres propiedades:
1. positividad
||x|| ≥0
||x||= 0⇐ ⇒x= 0
esto significa que la norma siempre es positiva o cero, y
solo es cero cuando el vector es el vector nulo.
2. homogeneidad
||αx||=|α| ||x||
donde:
αes un escalar
xes un vector
esto significa que si un vector se escala por unnúmero, su
norma también se escala proporcionalmente.
3. desigualdad triangular
||x+y|| ≤ ||x||+||y||
donde:
xyyson vectores
geométricamente esto representa que la suma de dos lados",,"{""semana"": 3, ""fecha"": ""2026-03-03"", ""nombre_archivo"": ""3_SEMANA_AI_20260303_1.pdf"", ""autor"": ""Jose Miguel Gonzalez Barrantes"", ""tema_principal"": ""I. PREGUNTAS DEL QUIZ #1"", ""secciones"": ""I. PREGUNTAS DEL QUIZ #1, II. INFORMACIÓN ADICIONAL DE LA CLASE, III. REPASO DE ÁLGEBRA LINEAL, IV. SUPERVISEDLEARNING: CONCEPTOS YTEORÍA, 1. Positividad"", ""chunk_numero"": 10, ""total_chunks"": 25}"
"3. desigualdad triangular
||x+y|| ≤ ||x||+||y||
donde:
xyyson vectores
geométricamente esto representa que la suma de dos lados
de un triángulo siempre es mayor o igual que el tercer lado.
iii-h. vector unitario
un vector unitario es un vector cuya magnitud es igual a 1.
||u||= 1
estos vectores sonútiles porque representanúnicamente una
dirección. en algunos algoritmos se utilizan para normalizar
datos o comparar direcciones entre vectores.
iii-i. producto punto
elproducto punto(dot product) es una de las operacionesmás importantes entre vectores y aparece constantemente en
machine learning.
si se tienen dos vectores:
x= (x1, x2, . . . , xn)
y= (y1, y2, . . . , yn)
el producto punto se define como:
x·y=x 1y1 +x 2y2 +· · ·+xnyn
o de forma compacta:
donde:
xi es la componenteidel vectorx",,"{""semana"": 3, ""fecha"": ""2026-03-03"", ""nombre_archivo"": ""3_SEMANA_AI_20260303_1.pdf"", ""autor"": ""Jose Miguel Gonzalez Barrantes"", ""tema_principal"": ""I. PREGUNTAS DEL QUIZ #1"", ""secciones"": ""I. PREGUNTAS DEL QUIZ #1, II. INFORMACIÓN ADICIONAL DE LA CLASE, III. REPASO DE ÁLGEBRA LINEAL, IV. SUPERVISEDLEARNING: CONCEPTOS YTEORÍA, 1. Positividad"", ""chunk_numero"": 11, ""total_chunks"": 25}"
"y= (y1, y2, . . . , yn)
el producto punto se define como:
x·y=x 1y1 +x 2y2 +· · ·+xnyn
o de forma compacta:
donde:
xi es la componenteidel vectorx
yi es la componenteidel vectory
nes elnúmero de dimensiones
interpretación geométrica
geométricamente, el producto punto representa la proyec-
ción de un vector sobre otro. es decir, puede verse como la
""sombra""que un vector proyecta sobre el otro.
también puede expresarse como:
x·y=||x|| ||y||cos(θ)
donde:
||x||es la magnitud del vectorx
||y||es la magnitud del vectory
θes elángulo entre ambos vectores
esta operación es fundamental en muchos modelos de inteli-
gencia artificial, incluyendo modelos lineales, redes neuronales
ymétodos de similitud entre vectores.
iii-j. cálculo delángulo entre dos vectores",,"{""semana"": 3, ""fecha"": ""2026-03-03"", ""nombre_archivo"": ""3_SEMANA_AI_20260303_1.pdf"", ""autor"": ""Jose Miguel Gonzalez Barrantes"", ""tema_principal"": ""I. PREGUNTAS DEL QUIZ #1"", ""secciones"": ""I. PREGUNTAS DEL QUIZ #1, II. INFORMACIÓN ADICIONAL DE LA CLASE, III. REPASO DE ÁLGEBRA LINEAL, IV. SUPERVISEDLEARNING: CONCEPTOS YTEORÍA, 1. Positividad"", ""chunk_numero"": 12, ""total_chunks"": 25}"
"gencia artificial, incluyendo modelos lineales, redes neuronales
ymétodos de similitud entre vectores.
iii-j. cálculo delángulo entre dos vectores
elángulo entre dos vectores puede calcularse utilizando el
producto punto y las magnitudes de los vectores.
partiendo de la relación geométrica:
x·y=||x|| ||y||cos(θ)
se puede despejar el coseno delángulo:
[pagina 4]
cos(θ) = x·y
||x|| ||y||
finalmente elángulo se obtiene aplicando la función inversa
del coseno:
θ= cos−1
 x·y
||x|| ||y||
pasos para calcular elángulo entre dos vectores
1. calcular el producto puntox·y
2. calcular las normas||x||y||y||
3. sustituir en lafórmula y despejar el coseno
iii-k. vectores codireccionales
dos vectores soncodireccionalessi tienen la misma direc-
ción aunque sus magnitudes sean diferentes.",,"{""semana"": 3, ""fecha"": ""2026-03-03"", ""nombre_archivo"": ""3_SEMANA_AI_20260303_1.pdf"", ""autor"": ""Jose Miguel Gonzalez Barrantes"", ""tema_principal"": ""I. PREGUNTAS DEL QUIZ #1"", ""secciones"": ""I. PREGUNTAS DEL QUIZ #1, II. INFORMACIÓN ADICIONAL DE LA CLASE, III. REPASO DE ÁLGEBRA LINEAL, IV. SUPERVISEDLEARNING: CONCEPTOS YTEORÍA, 1. Positividad"", ""chunk_numero"": 13, ""total_chunks"": 25}"
"iii-k. vectores codireccionales
dos vectores soncodireccionalessi tienen la misma direc-
ción aunque sus magnitudes sean diferentes.
entérminos matemáticos, dos vectoresuyvson codirec-
cionales si existe un escalark̸= 0tal que:
donde:
kes un escalar distinto de cero
ues un vector
ves el vector resultante al multiplicarupor el escalar
iii-l. ángulo entre vectores codireccionales
para determinar elángulo entre dos vectores codireccionales
se sigue el mismo procedimiento utilizado para calcular elángulo entre vectores:
1. calcular el producto punto
2. calcular las normas
3. usar la identidad del coseno
si el resultado delángulo es:
entonces los vectores son codireccionales.
iii-m. producto punto de un vector consigo mismo
si se calcula el producto punto de un vector consigo mismo
se obtiene:",,"{""semana"": 3, ""fecha"": ""2026-03-03"", ""nombre_archivo"": ""3_SEMANA_AI_20260303_1.pdf"", ""autor"": ""Jose Miguel Gonzalez Barrantes"", ""tema_principal"": ""I. PREGUNTAS DEL QUIZ #1"", ""secciones"": ""I. PREGUNTAS DEL QUIZ #1, II. INFORMACIÓN ADICIONAL DE LA CLASE, III. REPASO DE ÁLGEBRA LINEAL, IV. SUPERVISEDLEARNING: CONCEPTOS YTEORÍA, 1. Positividad"", ""chunk_numero"": 14, ""total_chunks"": 25}"
"iii-m. producto punto de un vector consigo mismo
si se calcula el producto punto de un vector consigo mismo
se obtiene:
sabemos que un vector es codireccional consigo mismo, por
lo que elángulo entre ellos es0grados.
u·u=||u|| ||u||cos(0)
como:
cos(0) = 1
entonces:
u·u=||u|| 2
iii-n. vectores conángulo de 90 grados
si dos vectores forman unángulo de90 ◦, el coseno de eseángulo es:
cos(90◦) = 0
por lo tanto:
u·v=||u|| ||v||cos(90 ◦)
u·v= 0
esto significa que cuando el producto punto entre dos
vectores es cero, los vectores son perpendiculares.
iii-ñ. ortogonalidad y ortonormalidad
ortogonalidad
dos vectores son ortogonales cuando su producto punto es
igual a cero:
u·v= 0
esto implica que los vectores forman unángulo de90 ◦.
ortonormalidad
un conjunto de vectores es ortonormal cuando:",,"{""semana"": 3, ""fecha"": ""2026-03-03"", ""nombre_archivo"": ""3_SEMANA_AI_20260303_1.pdf"", ""autor"": ""Jose Miguel Gonzalez Barrantes"", ""tema_principal"": ""I. PREGUNTAS DEL QUIZ #1"", ""secciones"": ""I. PREGUNTAS DEL QUIZ #1, II. INFORMACIÓN ADICIONAL DE LA CLASE, III. REPASO DE ÁLGEBRA LINEAL, IV. SUPERVISEDLEARNING: CONCEPTOS YTEORÍA, 1. Positividad"", ""chunk_numero"": 15, ""total_chunks"": 25}"
"igual a cero:
u·v= 0
esto implica que los vectores forman unángulo de90 ◦.
ortonormalidad
un conjunto de vectores es ortonormal cuando:
los vectores son ortogonales entresí
la norma de cada vector es igual a 1
||u||= 1
||v||= 1
[pagina 5]
iv. supervisedlearning: conceptos yteoría
el aprendizaje supervisado es unatécnica de aprendizaje
automático en la cual un modelo aprende a partir de un con-
junto de datos previamente etiquetados. esto significa que cada
ejemplo dentro del conjunto de datos contiene características
de entrada y un valor objetivo que el modelo debe aprender a
predecir.
durante el entrenamiento, el modelo analiza la relación
entre las características y las etiquetas para poder realizar
predicciones sobre nuevos datos.
iv-a. feature",,"{""semana"": 3, ""fecha"": ""2026-03-03"", ""nombre_archivo"": ""3_SEMANA_AI_20260303_1.pdf"", ""autor"": ""Jose Miguel Gonzalez Barrantes"", ""tema_principal"": ""I. PREGUNTAS DEL QUIZ #1"", ""secciones"": ""I. PREGUNTAS DEL QUIZ #1, II. INFORMACIÓN ADICIONAL DE LA CLASE, III. REPASO DE ÁLGEBRA LINEAL, IV. SUPERVISEDLEARNING: CONCEPTOS YTEORÍA, 1. Positividad"", ""chunk_numero"": 16, ""total_chunks"": 25}"
"entre las características y las etiquetas para poder realizar
predicciones sobre nuevos datos.
iv-a. feature
unafeatureo característica es una propiedad individual
de los datos que describe el problema que se desea analizar.
las características representan la información relevante que el
modelo utilizará para aprender patrones dentro del conjunto
de datos.
por ejemplo, en un problema relacionado con vehículos,
algunas características podrían ser:
peso del vehículo
año de fabricación
tamaño del motor
cada una de estas características aporta información que
ayuda al modelo a comprender mejor el problema.
iv-b. vector de características
un vector de características es una representación numérica
de un ejemplo dentro de un conjunto de datos. este vector",,"{""semana"": 3, ""fecha"": ""2026-03-03"", ""nombre_archivo"": ""3_SEMANA_AI_20260303_1.pdf"", ""autor"": ""Jose Miguel Gonzalez Barrantes"", ""tema_principal"": ""I. PREGUNTAS DEL QUIZ #1"", ""secciones"": ""I. PREGUNTAS DEL QUIZ #1, II. INFORMACIÓN ADICIONAL DE LA CLASE, III. REPASO DE ÁLGEBRA LINEAL, IV. SUPERVISEDLEARNING: CONCEPTOS YTEORÍA, 1. Positividad"", ""chunk_numero"": 17, ""total_chunks"": 25}"
"iv-b. vector de características
un vector de características es una representación numérica
de un ejemplo dentro de un conjunto de datos. este vector
contiene todas las características que describen una instancia
específica.
matemáticamente se representa como:
x= (x1, x2, x3, ..., xn)
donde:
x1, x2, ..., xn representan las características del ejemplo.
nes elnúmero total de características.
cada fila dentro de un conjunto de datos puede interpretarse
como un vector de características que será utilizado como
entrada para el modelo.
iv-c. label
ellabelo etiqueta es el valor objetivo que el modelo
intenta predecir. en aprendizaje supervisado, cada ejemplo del
conjunto de datos está asociado con un label.
las etiquetas pueden ser:
valores continuos (por ejemplo, precios o temperaturas).",,"{""semana"": 3, ""fecha"": ""2026-03-03"", ""nombre_archivo"": ""3_SEMANA_AI_20260303_1.pdf"", ""autor"": ""Jose Miguel Gonzalez Barrantes"", ""tema_principal"": ""I. PREGUNTAS DEL QUIZ #1"", ""secciones"": ""I. PREGUNTAS DEL QUIZ #1, II. INFORMACIÓN ADICIONAL DE LA CLASE, III. REPASO DE ÁLGEBRA LINEAL, IV. SUPERVISEDLEARNING: CONCEPTOS YTEORÍA, 1. Positividad"", ""chunk_numero"": 18, ""total_chunks"": 25}"
"conjunto de datos está asociado con un label.
las etiquetas pueden ser:
valores continuos (por ejemplo, precios o temperaturas).
valores discretos o categorías (por ejemplo, tipos de
vehículos o clasificación de correos electrónicos).
iv-d. data set
undata setes un conjunto organizado de datos que con-
tienemúltiples ejemplos utilizados para entrenar o evaluar un
modelo de aprendizaje automático.
generalmente, un dataset puede representarse como una
matriz de datos en la que cada fila corresponde a un ejemplo
y cada columna corresponde a una característica.
figura 2. ejemplo de un dataset donde cada fila representa un ejemplo, cada
columna representa una característica y una fila puede interpretarse como
un vector de características que se utiliza como entrada para un modelo de",,"{""semana"": 3, ""fecha"": ""2026-03-03"", ""nombre_archivo"": ""3_SEMANA_AI_20260303_1.pdf"", ""autor"": ""Jose Miguel Gonzalez Barrantes"", ""tema_principal"": ""I. PREGUNTAS DEL QUIZ #1"", ""secciones"": ""I. PREGUNTAS DEL QUIZ #1, II. INFORMACIÓN ADICIONAL DE LA CLASE, III. REPASO DE ÁLGEBRA LINEAL, IV. SUPERVISEDLEARNING: CONCEPTOS YTEORÍA, 1. Positividad"", ""chunk_numero"": 19, ""total_chunks"": 25}"
"columna representa una característica y una fila puede interpretarse como
un vector de características que se utiliza como entrada para un modelo de
aprendizaje automático.
en la figura se puede observarcómo un conjunto de datos
contienemúltiples características (features). a partir de una
fila del dataset se forma un vector de características que
posteriormente es utilizado como entrada para un modelo de
aprendizaje automático.
iv-e. subcategorías del aprendizaje supervisado
el aprendizaje supervisado se divide principalmente en dos
tipos de problemas: regresión y clasificación.
iv-e1. regresión:la regresión es unatécnica utilizada
para predecir valores numéricos continuos. el objetivo es
encontrar una función matemática que se ajuste lo mejor
posible a los datos observados.",,"{""semana"": 3, ""fecha"": ""2026-03-03"", ""nombre_archivo"": ""3_SEMANA_AI_20260303_1.pdf"", ""autor"": ""Jose Miguel Gonzalez Barrantes"", ""tema_principal"": ""I. PREGUNTAS DEL QUIZ #1"", ""secciones"": ""I. PREGUNTAS DEL QUIZ #1, II. INFORMACIÓN ADICIONAL DE LA CLASE, III. REPASO DE ÁLGEBRA LINEAL, IV. SUPERVISEDLEARNING: CONCEPTOS YTEORÍA, 1. Positividad"", ""chunk_numero"": 20, ""total_chunks"": 25}"
"para predecir valores numéricos continuos. el objetivo es
encontrar una función matemática que se ajuste lo mejor
posible a los datos observados.
en este tipo de problema se busca aproximar una función:
y=f(x)
donde:
xrepresenta las características de entrada.
yes el valor que se desea predecir.
un ejemplo común es la regresión lineal:
y=wx+b
donde:
wrepresenta la pendiente de la recta.
brepresenta eltérmino de sesgo obias.
[pagina 6]
la regresión se utiliza para analizar tendencias y realizar
predicciones numéricas, como estimar precios de viviendas o
predecir temperaturas.
figura 3. ejemplo de regresión donde unalínea o curva se ajusta a un
conjunto de puntos para predecir valores continuos.
iv-e2. clasificación:la clasificación es unatécnica de",,"{""semana"": 3, ""fecha"": ""2026-03-03"", ""nombre_archivo"": ""3_SEMANA_AI_20260303_1.pdf"", ""autor"": ""Jose Miguel Gonzalez Barrantes"", ""tema_principal"": ""I. PREGUNTAS DEL QUIZ #1"", ""secciones"": ""I. PREGUNTAS DEL QUIZ #1, II. INFORMACIÓN ADICIONAL DE LA CLASE, III. REPASO DE ÁLGEBRA LINEAL, IV. SUPERVISEDLEARNING: CONCEPTOS YTEORÍA, 1. Positividad"", ""chunk_numero"": 21, ""total_chunks"": 25}"
"conjunto de puntos para predecir valores continuos.
iv-e2. clasificación:la clasificación es unatécnica de
aprendizaje supervisado cuyo objetivo es asignar una categoría
o clase a un conjunto de datos de entrada.
el modelo aprende a partir de ejemplos previamente etique-
tados y posteriormente puede predecir la clase correspondiente
para nuevos datos.
por ejemplo, utilizando características como el peso del
vehículo, el año de fabricación o el tipo de motor, el modelo
puede determinar la categoría del vehículo.
este tipo detécnica se utiliza ampliamente en problemas
como:
detección de spam
reconocimiento de imágenes
diagnósticomédico
figura 4. ejemplo de clasificación donde los datos se separan en diferentes
categorías o clases.
iv-f. ejercicios
ejercicio 1",,"{""semana"": 3, ""fecha"": ""2026-03-03"", ""nombre_archivo"": ""3_SEMANA_AI_20260303_1.pdf"", ""autor"": ""Jose Miguel Gonzalez Barrantes"", ""tema_principal"": ""I. PREGUNTAS DEL QUIZ #1"", ""secciones"": ""I. PREGUNTAS DEL QUIZ #1, II. INFORMACIÓN ADICIONAL DE LA CLASE, III. REPASO DE ÁLGEBRA LINEAL, IV. SUPERVISEDLEARNING: CONCEPTOS YTEORÍA, 1. Positividad"", ""chunk_numero"": 22, ""total_chunks"": 25}"
"diagnósticomédico
figura 4. ejemplo de clasificación donde los datos se separan en diferentes
categorías o clases.
iv-f. ejercicios
ejercicio 1
basado en datos sobre ratas, tenemos una característica de
esperanza de vida y una de obesidad. estamos intentando
encontrar una correlación entre estas dos características. ¿este
problema es de regresión o de clasificación?
respuesta:regresión. en este caso se explora la relación
entre dos variables: la esperanza de vida es la variable depen-
diente y la obesidad es la variable independiente. el objetivo
es estimar un valor numérico continuo.
ejercicio 2
basado en datos sobre animales, disponemos del peso de
cada ejemplar y de si tiene alas o no. estamos tratando de
determinar cuáles animales sonpájaros. ¿este problema es de",,"{""semana"": 3, ""fecha"": ""2026-03-03"", ""nombre_archivo"": ""3_SEMANA_AI_20260303_1.pdf"", ""autor"": ""Jose Miguel Gonzalez Barrantes"", ""tema_principal"": ""I. PREGUNTAS DEL QUIZ #1"", ""secciones"": ""I. PREGUNTAS DEL QUIZ #1, II. INFORMACIÓN ADICIONAL DE LA CLASE, III. REPASO DE ÁLGEBRA LINEAL, IV. SUPERVISEDLEARNING: CONCEPTOS YTEORÍA, 1. Positividad"", ""chunk_numero"": 23, ""total_chunks"": 25}"
"cada ejemplar y de si tiene alas o no. estamos tratando de
determinar cuáles animales sonpájaros. ¿este problema es de
regresión o de clasificación?
respuesta:clasificación. el objetivo es asignar una catego-
ría a cada ejemplo (pájaro o nopájaro), por lo que el resultado
es una clase discreta.
ejercicio 3
basado en datos sobre dispositivos informáticos, contamos
con el tamaño de pantalla, el peso y el sistema operativo de
varios dispositivos. queremos determinar cuáles dispositivos
son tablets, laptops o teléfonos. ¿este problema es de regresión
o de clasificación?
respuesta:clasificación. el modelo debe asignar cada
dispositivo a una de varias categorías posibles (tablet, laptop
o teléfono).
ejercicio 4
basado en datos meteorológicos, tenemos la cantidad de",,"{""semana"": 3, ""fecha"": ""2026-03-03"", ""nombre_archivo"": ""3_SEMANA_AI_20260303_1.pdf"", ""autor"": ""Jose Miguel Gonzalez Barrantes"", ""tema_principal"": ""I. PREGUNTAS DEL QUIZ #1"", ""secciones"": ""I. PREGUNTAS DEL QUIZ #1, II. INFORMACIÓN ADICIONAL DE LA CLASE, III. REPASO DE ÁLGEBRA LINEAL, IV. SUPERVISEDLEARNING: CONCEPTOS YTEORÍA, 1. Positividad"", ""chunk_numero"": 24, ""total_chunks"": 25}"
"dispositivo a una de varias categorías posibles (tablet, laptop
o teléfono).
ejercicio 4
basado en datos meteorológicos, tenemos la cantidad de
precipitación y un valor de humedad. queremos determinar la
humedad en diferentesépocas del año. ¿este problema es de
regresión o de clasificación?
respuesta:regresión. la humedad es una variable numé-
rica continua que se desea predecir a partir de otras variables
como la precipitación.",,"{""semana"": 3, ""fecha"": ""2026-03-03"", ""nombre_archivo"": ""3_SEMANA_AI_20260303_1.pdf"", ""autor"": ""Jose Miguel Gonzalez Barrantes"", ""tema_principal"": ""I. PREGUNTAS DEL QUIZ #1"", ""secciones"": ""I. PREGUNTAS DEL QUIZ #1, II. INFORMACIÓN ADICIONAL DE LA CLASE, III. REPASO DE ÁLGEBRA LINEAL, IV. SUPERVISEDLEARNING: CONCEPTOS YTEORÍA, 1. Positividad"", ""chunk_numero"": 25, ""total_chunks"": 25}"
"[pagina 1]
semana 3 clase 1
emmanuel david rodr ´ıguez rivas curso: ic6200 inteligencia artificial
2023146102 profesor: ing. steven pacheco portuguez
escuela de ingenier ´ıa en computaci ónfecha: 03/03/2026
instituto tecnológico de costa rica
resumen—en este documento se presentan los principales con-
ceptos discutidos durante la clase correspondiente a la semana
3 del curso de inteligencia artificial. inicialmente se revisan
las respuestas del quiz #1, relacionadas con conceptos b ásicos
de aprendizaje autom ático y optimizaci ón. posteriormente se
realiza un repaso de fundamentos de álgebra lineal, incluyendo
vectores, normas, distancias y relaciones entre vectores como
el producto punto y la ortogonalidad. finalmente, se repasa el
concepto de aprendizaje supervisado.",,"{""semana"": 3, ""fecha"": ""2026-03-03"", ""nombre_archivo"": ""3_SEMANA_AI_20260303_2.pdf"", ""autor"": ""Inteligencia Artificial"", ""tema_principal"": ""1. Preguntas del Quiz #1"", ""secciones"": ""1. Preguntas del Quiz #1, 2. Repaso de ´Algebra Lineal, 3. Relaciones entre vectores, 4. Aprendizaje Supervisado"", ""chunk_numero"": 1, ""total_chunks"": 10}"
"el producto punto y la ortogonalidad. finalmente, se repasa el
concepto de aprendizaje supervisado.
1. preguntas del quiz #1
1.1. tipos de aprendizaje
en el contexto del aprendizaje autom ático existen dis-
tintos paradigmas dependiendo de la forma en que se es-
tructuran los datos.
aprendizaje supervisado
en el aprendizaje supervisado se cuenta con un conjunto
de datos etiquetados. cada ejemplo contiene un vector de
caracter´ısticasxy una etiquetay. el objetivo es aprender
una funci ón que permita predecir correctamente la salida
para nuevos datos.
aprendizaje no supervisado
en este tipo de aprendizaje no se cuenta con etiquetas
asociadas a los datos. el modelo busca identificar patrones o
estructuras dentro del conjunto de datos. un ejemplo com ún
es el agrupamiento oclustering.",,"{""semana"": 3, ""fecha"": ""2026-03-03"", ""nombre_archivo"": ""3_SEMANA_AI_20260303_2.pdf"", ""autor"": ""Inteligencia Artificial"", ""tema_principal"": ""1. Preguntas del Quiz #1"", ""secciones"": ""1. Preguntas del Quiz #1, 2. Repaso de ´Algebra Lineal, 3. Relaciones entre vectores, 4. Aprendizaje Supervisado"", ""chunk_numero"": 2, ""total_chunks"": 10}"
"estructuras dentro del conjunto de datos. un ejemplo com ún
es el agrupamiento oclustering.
one-shot learning
elone-shot learninges un enfoque donde el modelo
aprende a reconocer una categor ´ıa utilizando únicamente
uno o muy pocos ejemplos de entrenamiento.
1.2. grid search
la t écnica degrid searches un m étodo utilizado para
seleccionar los mejores hiperpar ámetros de un modelo de
aprendizaje autom ático.
consiste en definir un conjunto de posibles valores para
cada hiperpar ámetro y evaluar el desempe ño del modelo
para todas las combinaciones posibles.
1.3. soluci ón local y soluci ón global
en problemas de optimizaci ón se distinguen dos tipos
de soluciones:
solución local:corresponde a la mejor soluci ón dentro
de una regi ón limitada del espacio de b úsqueda.",,"{""semana"": 3, ""fecha"": ""2026-03-03"", ""nombre_archivo"": ""3_SEMANA_AI_20260303_2.pdf"", ""autor"": ""Inteligencia Artificial"", ""tema_principal"": ""1. Preguntas del Quiz #1"", ""secciones"": ""1. Preguntas del Quiz #1, 2. Repaso de ´Algebra Lineal, 3. Relaciones entre vectores, 4. Aprendizaje Supervisado"", ""chunk_numero"": 3, ""total_chunks"": 10}"
"de soluciones:
solución local:corresponde a la mejor soluci ón dentro
de una regi ón limitada del espacio de b úsqueda.
solución global:corresponde a la mejor soluci ón con-
siderando todas las posibles soluciones del problema.
en algunos algoritmos es posible encontrar un óptimo
local que no representa la mejor soluci ón global.
1.4. problemas de agrupamiento
los problemas de agrupamiento oclusteringconsisten
en dividir un conjunto de datos en grupos de manera que
los elementos dentro de un mismo grupo sean m ás similares
entre s´ı que con los de otros grupos.
este tipo de t écnicas se utilizan com únmente en apren-
dizaje no supervisado.
2. repaso de ´algebra lineal
muchos algoritmos de inteligencia artificial utilizan con-
ceptos de álgebra lineal para representar y manipular datos.",,"{""semana"": 3, ""fecha"": ""2026-03-03"", ""nombre_archivo"": ""3_SEMANA_AI_20260303_2.pdf"", ""autor"": ""Inteligencia Artificial"", ""tema_principal"": ""1. Preguntas del Quiz #1"", ""secciones"": ""1. Preguntas del Quiz #1, 2. Repaso de ´Algebra Lineal, 3. Relaciones entre vectores, 4. Aprendizaje Supervisado"", ""chunk_numero"": 4, ""total_chunks"": 10}"
"2. repaso de ´algebra lineal
muchos algoritmos de inteligencia artificial utilizan con-
ceptos de álgebra lineal para representar y manipular datos.
por esta raz ón se realiz ó un repaso de algunos conceptos
fundamentales.
2.1. vectores
un vector es un objeto matem ático que posee magnitud
y direcci ón. en un espacion-dimensional, un vector puede
representarse como:
x= (x1, x2, ..., xn)
geométricamente, un vector puede interpretarse como
una flecha que parte desde el origen y apunta hacia un punto
espec´ıfico en el espacio.
2.2. vector entre dos puntos
si se tienen dos puntos en el espacio:
a= (a1, a2, ..., an)
[pagina 2]
b= (b1, b2, ..., bn)
el vector que va desdeahastabse calcula como:
u=b−a
u= (b1 −a 1, b2 −a 2, ..., bn −a n)
2.3. magnitud de un vector",,"{""semana"": 3, ""fecha"": ""2026-03-03"", ""nombre_archivo"": ""3_SEMANA_AI_20260303_2.pdf"", ""autor"": ""Inteligencia Artificial"", ""tema_principal"": ""1. Preguntas del Quiz #1"", ""secciones"": ""1. Preguntas del Quiz #1, 2. Repaso de ´Algebra Lineal, 3. Relaciones entre vectores, 4. Aprendizaje Supervisado"", ""chunk_numero"": 5, ""total_chunks"": 10}"
"[pagina 2]
b= (b1, b2, ..., bn)
el vector que va desdeahastabse calcula como:
u=b−a
u= (b1 −a 1, b2 −a 2, ..., bn −a n)
2.3. magnitud de un vector
la magnitud o norma de un vector representa su longi-
para un vector
x= (x1, x2, ..., xn)
su magnitud se calcula como:
||x||=
1 +x 2
2 +...+x 2n
2.4. distancia manhattan
la distancia manhattan entre dos puntosaybse define
como:
d(a, b) =
|ai −b i|
esta m étrica mide la distancia recorriendo únicamente
movimientos horizontales y verticales.
2.5. distancia euclidiana
la distancia euclidiana corresponde a la distancia direc-
ta entre dos puntos.
d(a, b) =
(ai −b i)2
esta es una de las m étricas más utilizadas en algoritmos
de machine learning.
2.6. norma de un vector
una norma es una funci ón que asigna un vector a un",,"{""semana"": 3, ""fecha"": ""2026-03-03"", ""nombre_archivo"": ""3_SEMANA_AI_20260303_2.pdf"", ""autor"": ""Inteligencia Artificial"", ""tema_principal"": ""1. Preguntas del Quiz #1"", ""secciones"": ""1. Preguntas del Quiz #1, 2. Repaso de ´Algebra Lineal, 3. Relaciones entre vectores, 4. Aprendizaje Supervisado"", ""chunk_numero"": 6, ""total_chunks"": 10}"
"de machine learning.
2.6. norma de un vector
una norma es una funci ón que asigna un vector a un
número real y cumple tres propiedades fundamentales:
positividad
||x|| ≥0
homogeneidad
||αx||=|α|||x||
desigualdad triangular
||x+y|| ≤ ||x||+||y||
2.7. vector unitario
un vector unitario es aquel cuya magnitud es igual a 1.
dado un vectoru, su vector unitario se calcula como:
ˆu= u
||u||
3. relaciones entre vectores
3.1. producto punto
el producto punto entre dos vectores se define como:
el resultado del producto punto es un escalar.
3.2. interpretaci ón geom étrica
geométricamente el producto punto puede expresarse
como:
x·y=||x|| ||y||cos(θ)
dondeθes el ángulo entre los vectores.
3.3. c álculo del ángulo entre vectores
a partir de la identidad anterior se puede calcular el",,"{""semana"": 3, ""fecha"": ""2026-03-03"", ""nombre_archivo"": ""3_SEMANA_AI_20260303_2.pdf"", ""autor"": ""Inteligencia Artificial"", ""tema_principal"": ""1. Preguntas del Quiz #1"", ""secciones"": ""1. Preguntas del Quiz #1, 2. Repaso de ´Algebra Lineal, 3. Relaciones entre vectores, 4. Aprendizaje Supervisado"", ""chunk_numero"": 7, ""total_chunks"": 10}"
"dondeθes el ángulo entre los vectores.
3.3. c álculo del ángulo entre vectores
a partir de la identidad anterior se puede calcular el
ángulo entre dos vectores mediante:
θ= cos−1
 x·y
||x|| ||y||
3.4. vectores codireccionales
dos vectores son codireccionales si existe un escalark
tal que:
en este caso ambos vectores tienen la misma direcci ón.
3.5. ortogonalidad
dos vectores son ortogonales cuando su producto punto
es igual a cero:
u·v= 0
esto implica que el ángulo entre los vectores es de90 ◦.
4. aprendizaje supervisado
el aprendizaje supervisado es una t écnica de machine
learning en la cual el modelo aprende a partir de datos
previamente etiquetados.
cada ejemplo del conjunto de datos contiene caracter´ısti-
cas de entrada y una etiqueta asociada.
[pagina 3]
4.1. feature",,"{""semana"": 3, ""fecha"": ""2026-03-03"", ""nombre_archivo"": ""3_SEMANA_AI_20260303_2.pdf"", ""autor"": ""Inteligencia Artificial"", ""tema_principal"": ""1. Preguntas del Quiz #1"", ""secciones"": ""1. Preguntas del Quiz #1, 2. Repaso de ´Algebra Lineal, 3. Relaciones entre vectores, 4. Aprendizaje Supervisado"", ""chunk_numero"": 8, ""total_chunks"": 10}"
"previamente etiquetados.
cada ejemplo del conjunto de datos contiene caracter´ısti-
cas de entrada y una etiqueta asociada.
[pagina 3]
4.1. feature
unafeatureo caracter ´ıstica es una propiedad medible
de los datos.
ejemplos de caracter ´ısticas pueden ser:
peso de un veh ´ıculo
tamaño de pantalla
intensidad de un p ´ıxel en una imagen
4.2. vector de caracter ´ısticas
un vector de caracter ´ısticas representa num éricamente
una instancia del conjunto de datos.
x= (x1, x2, ..., xn)
cada componente del vector corresponde a una carac-
ter´ıstica del ejemplo.
4.3. label
ellabeles el valor objetivo que el modelo intenta
predecir.
las etiquetas pueden ser:
valores continuos (regresi ón)
valores discretos (clasificaci ón)
4.4. dataset
un dataset es un conjunto organizado de datos utilizado",,"{""semana"": 3, ""fecha"": ""2026-03-03"", ""nombre_archivo"": ""3_SEMANA_AI_20260303_2.pdf"", ""autor"": ""Inteligencia Artificial"", ""tema_principal"": ""1. Preguntas del Quiz #1"", ""secciones"": ""1. Preguntas del Quiz #1, 2. Repaso de ´Algebra Lineal, 3. Relaciones entre vectores, 4. Aprendizaje Supervisado"", ""chunk_numero"": 9, ""total_chunks"": 10}"
"valores continuos (regresi ón)
valores discretos (clasificaci ón)
4.4. dataset
un dataset es un conjunto organizado de datos utilizado
para entrenar o evaluar modelos.
generalmente se representa como una matriz donde:
cada fila representa un ejemplo.
cada columna representa una caracter ´ıstica.
4.5. subcategor ´ıas del aprendizaje supervisado
regresión
la regresi ón se utiliza para predecir valores num éricos
continuos. el objetivo es aproximar una funci ón:
y=f(x)
un ejemplo es la regresi ón lineal:
y=wx+b
dondewrepresenta la pendiente ybel t érmino de sesgo.
clasificación
la clasificaci ón busca asignar una categor ´ıa a un con-
junto de datos de entrada.
ejemplos de aplicaciones incluyen:
detección de spam
reconocimiento de im ágenes
clasificación de veh ´ıculos",,"{""semana"": 3, ""fecha"": ""2026-03-03"", ""nombre_archivo"": ""3_SEMANA_AI_20260303_2.pdf"", ""autor"": ""Inteligencia Artificial"", ""tema_principal"": ""1. Preguntas del Quiz #1"", ""secciones"": ""1. Preguntas del Quiz #1, 2. Repaso de ´Algebra Lineal, 3. Relaciones entre vectores, 4. Aprendizaje Supervisado"", ""chunk_numero"": 10, ""total_chunks"": 10}"
"[pagina 1]
apuntes de clase: semana 3 jueves
jose miguel gonzalez barrantes
carné: 2023087564
escuela de ingenieria en computación
instituto tecnológico de costa rica
profesor: steven andrey pacheco portugués
curso: ic6200 inteligencia artificial
fecha: miércoles 11 de marzo de 2026
resumen—este documento es el resumen sobre lo visto en clase
virtual deldía 5 de marzo, en esta clase se repasó los conceptos de
algebra lineal, después seguido de una explicación profunda sobre
la programación vectorial con numpy y la manipulación de datos
con pandas. adicionalmente se aprendió sobre la implementación
de k-neearest neighbors (knn).
i. álgebralineal
i-a. v ectores
un vector es un objeto matemático con dirección y magnitud:
x= (x1, x2, . . . , xn).
i-b. magnitud (norma euclidiana)
1 +x 2",,"{""semana"": 3, ""fecha"": ""2026-03-05"", ""nombre_archivo"": ""3_SEMANA_AI_20260305_1.pdf"", ""autor"": ""Jose Miguel Gonzalez Barrantes"", ""tema_principal"": ""I. ÁLGEBRALINEAL"", ""secciones"": ""I. ÁLGEBRALINEAL, II. PROGRAMACIÓNVECTORIAL YMANIPULACIÓN DE, III. INTRODUCCIÓN APANDAS YDATASET DE EJEMPLO, IV. K-NEARESTNEIGHBORS(KNN)"", ""chunk_numero"": 1, ""total_chunks"": 12}"
"i-a. v ectores
un vector es un objeto matemático con dirección y magnitud:
x= (x1, x2, . . . , xn).
i-b. magnitud (norma euclidiana)
1 +x 2
2 +· · ·+x2n.
i-c. v ector entre dos puntos
sia= (a 1, . . . , an)yb= (b 1, . . . , bn), el vector deaab
u=b−a= (b 1 −a 1, . . . , bn −a n).
i-d. distancias
manhattan:
d1(a, b) =
|ai −b i|.
euclidiana (pitágoras):
d2(a, b) =
(ai −b i)2.
i-e. norma (propiedades)
una norma∥ · ∥cumple:
1.positividad:∥x∥ ≥0y∥x∥= 0⇐ ⇒x= 0.
2.homogeneidad:∥ax∥=|a| ∥x∥para todo escalara.
3.desigualdad triangular:∥x+y∥ ≤ ∥x∥+∥y∥.
i-f. producto punto
parax,y∈r n:
xiyi =∥x∥ ∥y∥cosθ.
i-g. ángulo, ortogonalidad y ortonormalidad
cosθ= x·y
∥x∥ ∥y∥.
dos vectores son ortogonales six·y= 0. un conjunto es
ortonormal si sus vectores son mutuamente ortogonales y cada
uno tiene norma 1.",,"{""semana"": 3, ""fecha"": ""2026-03-05"", ""nombre_archivo"": ""3_SEMANA_AI_20260305_1.pdf"", ""autor"": ""Jose Miguel Gonzalez Barrantes"", ""tema_principal"": ""I. ÁLGEBRALINEAL"", ""secciones"": ""I. ÁLGEBRALINEAL, II. PROGRAMACIÓNVECTORIAL YMANIPULACIÓN DE, III. INTRODUCCIÓN APANDAS YDATASET DE EJEMPLO, IV. K-NEARESTNEIGHBORS(KNN)"", ""chunk_numero"": 2, ""total_chunks"": 12}"
"∥x∥ ∥y∥.
dos vectores son ortogonales six·y= 0. un conjunto es
ortonormal si sus vectores son mutuamente ortogonales y cada
uno tiene norma 1.
ii. programaciónvectorial ymanipulación de
datos
ii-a. introducción a numpy
numpy es la biblioteca base para computación numérica en
python. permite tener:
arrays multidimensionales eficientes.
operaciones vectorizadas.
funciones deálgebra lineal, estadísticas y transformacio-
integración otras herramientasútiles con pandas, mat-
plotlib y scipy.
[pagina 2]
ii-b. creación de arrays (ejemplos)
a continuación se muestran ejemplos comunes para crear
arrays en numpy: secuencias conarange, arrays constantes
cononesyzeros, y matrices como la identidad. estos
fragmentos sirven para ilustrar la sintaxisbásica y los tipos",,"{""semana"": 3, ""fecha"": ""2026-03-05"", ""nombre_archivo"": ""3_SEMANA_AI_20260305_1.pdf"", ""autor"": ""Jose Miguel Gonzalez Barrantes"", ""tema_principal"": ""I. ÁLGEBRALINEAL"", ""secciones"": ""I. ÁLGEBRALINEAL, II. PROGRAMACIÓNVECTORIAL YMANIPULACIÓN DE, III. INTRODUCCIÓN APANDAS YDATASET DE EJEMPLO, IV. K-NEARESTNEIGHBORS(KNN)"", ""chunk_numero"": 3, ""total_chunks"": 12}"
"cononesyzeros, y matrices como la identidad. estos
fragmentos sirven para ilustrar la sintaxisbásica y los tipos
de estructuras que se usan en programación vectorial.
1importnumpyasnp
3# 1d: arange
4array_1d = np.arange(10) # [0 1 2 ...
5array_1d = np.arange(5,10) # [5 6 7 8
6array_1d = np.arange(5,10,2) # [5 7 9]
8# arrays constantes
9ones = np.ones(10)
10zeros = np.zeros(10)
12# matrices e identidades
13i = np.identity(3)
14a = np.ones((4,5))
15b = np.ones((2,4,5)) # tensor 3d
listing 1: creaciónbásica de arrays con numpy
ii-c. operacionesbásicas
las operacionesbásicas aplican la misma operación a cada par
de elementos de arrays con la misma forma; sonprácticamente
la base de la programación vectorial y evitan bucles.
1lst = [2,4,6]
2lst2 = [1,3,5]
3a = np.array(lst)
4b = np.array(lst2)",,"{""semana"": 3, ""fecha"": ""2026-03-05"", ""nombre_archivo"": ""3_SEMANA_AI_20260305_1.pdf"", ""autor"": ""Jose Miguel Gonzalez Barrantes"", ""tema_principal"": ""I. ÁLGEBRALINEAL"", ""secciones"": ""I. ÁLGEBRALINEAL, II. PROGRAMACIÓNVECTORIAL YMANIPULACIÓN DE, III. INTRODUCCIÓN APANDAS YDATASET DE EJEMPLO, IV. K-NEARESTNEIGHBORS(KNN)"", ""chunk_numero"": 4, ""total_chunks"": 12}"
"la base de la programación vectorial y evitan bucles.
1lst = [2,4,6]
2lst2 = [1,3,5]
3a = np.array(lst)
4b = np.array(lst2)
6suma = a + b # [3 7 11]
7resta = a - b # [1 1 1]
8mult = a * b # [2 12 30]
9div = a / b # [2. 1.333... 1.2]
listing 2: operacionesbásicas
ii-d. operaciones por dimensiones
según lo visto en clase, muchas de las funciones de numpy
aceptan el parámetroaxispara agregar a lo largo de filas o
columnas; esto permitecálculos eficientes por dimensión.
1matriz_2d = np.array([[1,2,3],
5total = np.sum(matriz_2d) # 45
6col_sum = np.sum(matriz_2d, axis=0) # [12 15
7row_sum = np.sum(matriz_2d, axis=1) # [6 15
listing 3: suma por filas/columnas
ii-e. funciones estadísticas
numpy nos incluye funciones para calcular estadísticasbá-",,"{""semana"": 3, ""fecha"": ""2026-03-05"", ""nombre_archivo"": ""3_SEMANA_AI_20260305_1.pdf"", ""autor"": ""Jose Miguel Gonzalez Barrantes"", ""tema_principal"": ""I. ÁLGEBRALINEAL"", ""secciones"": ""I. ÁLGEBRALINEAL, II. PROGRAMACIÓNVECTORIAL YMANIPULACIÓN DE, III. INTRODUCCIÓN APANDAS YDATASET DE EJEMPLO, IV. K-NEARESTNEIGHBORS(KNN)"", ""chunk_numero"": 5, ""total_chunks"": 12}"
"listing 3: suma por filas/columnas
ii-e. funciones estadísticas
numpy nos incluye funciones para calcular estadísticasbá-
sicas (media, desviación estándar, máximos ymínimos) de
manera eficiente sobre arrays.
1array_random = np.random.rand(100)
2media = np.mean(array_random)
3std = np.std(array_random)
4maxv = np.max(array_random)
5minv = np.min(array_random)
listing 4: estadísticosbásicos
iii. introducción apandas ydataset de ejemplo
iii-a. generación de dataset sintético
la funcióncreatedatasetgenera un conjunto sintético de
flores con dos características y tres clases, útil para practicar
clasificación y visualización.
1importpandasaspd
2importnumpyasnp
3importmatplotlib.pyplotasplt
5defcreatedataset(samples, seed=42, plot=
true, istraining=true):
6np.random.seed(seed)",,"{""semana"": 3, ""fecha"": ""2026-03-05"", ""nombre_archivo"": ""3_SEMANA_AI_20260305_1.pdf"", ""autor"": ""Jose Miguel Gonzalez Barrantes"", ""tema_principal"": ""I. ÁLGEBRALINEAL"", ""secciones"": ""I. ÁLGEBRALINEAL, II. PROGRAMACIÓNVECTORIAL YMANIPULACIÓN DE, III. INTRODUCCIÓN APANDAS YDATASET DE EJEMPLO, IV. K-NEARESTNEIGHBORS(KNN)"", ""chunk_numero"": 6, ""total_chunks"": 12}"
"2importnumpyasnp
3importmatplotlib.pyplotasplt
5defcreatedataset(samples, seed=42, plot=
true, istraining=true):
6np.random.seed(seed)
7clase_1 = np.random.normal(loc=2, scale
=1, size=(samples//3, 2))
8clase_2 = np.random.normal(loc=7, scale
=1.5, size=(samples//3, 2))
9clase_3 = np.random.normal(loc=12, scale
=1, size=(samples//3, 2))
10etiquetas = np.concatenate((
11np.full(samples//3, 0),
12np.full(samples//3, 1),
13np.full(samples//3, 2)
15dataset = np.vstack((clase_1, clase_2,
clase_3))
16columnas = [’longitud_sepalo’, ’
longitud_petalo’]
17df = pd.dataframe(dataset, columns=
columnas)
18ifistraining:
19df[’clase’] = etiquetas
20df = df.sample(frac=1).reset_index(
drop=true)
21ifplot:
[pagina 3]
22plt.scatter(clase_1[:,0], clase_1
[:,1], label=’clase 1’, alpha
=0.7)",,"{""semana"": 3, ""fecha"": ""2026-03-05"", ""nombre_archivo"": ""3_SEMANA_AI_20260305_1.pdf"", ""autor"": ""Jose Miguel Gonzalez Barrantes"", ""tema_principal"": ""I. ÁLGEBRALINEAL"", ""secciones"": ""I. ÁLGEBRALINEAL, II. PROGRAMACIÓNVECTORIAL YMANIPULACIÓN DE, III. INTRODUCCIÓN APANDAS YDATASET DE EJEMPLO, IV. K-NEARESTNEIGHBORS(KNN)"", ""chunk_numero"": 7, ""total_chunks"": 12}"
"20df = df.sample(frac=1).reset_index(
drop=true)
21ifplot:
[pagina 3]
22plt.scatter(clase_1[:,0], clase_1
[:,1], label=’clase 1’, alpha
=0.7)
23plt.scatter(clase_2[:,0], clase_2
[:,1], label=’clase 2’, alpha
=0.7)
24plt.scatter(clase_3[:,0], clase_3
[:,1], label=’clase 3’, alpha
=0.7)
25plt.legend(); plt.xlabel(’longitud
s p a l o ’); plt.ylabel(’longitud
p t a l o ’); plt.show()
26returndf
28dataframetraining = createdataset(300)
listing 5: función para crear dataset sintético
iii-b. exploraciónbásica con pandas
se puede usarhead(),tail(),count()ydescribe()
para inspeccionarrápidamente la estructura y estadísticas del
dataframe.
1dataframetraining.head()
2dataframetraining.tail()
3dataframetraining.count()
4dataframetraining.describe()
listing 6: comandosbásicos de inspección en pandas",,"{""semana"": 3, ""fecha"": ""2026-03-05"", ""nombre_archivo"": ""3_SEMANA_AI_20260305_1.pdf"", ""autor"": ""Jose Miguel Gonzalez Barrantes"", ""tema_principal"": ""I. ÁLGEBRALINEAL"", ""secciones"": ""I. ÁLGEBRALINEAL, II. PROGRAMACIÓNVECTORIAL YMANIPULACIÓN DE, III. INTRODUCCIÓN APANDAS YDATASET DE EJEMPLO, IV. K-NEARESTNEIGHBORS(KNN)"", ""chunk_numero"": 8, ""total_chunks"": 12}"
"2dataframetraining.tail()
3dataframetraining.count()
4dataframetraining.describe()
listing 6: comandosbásicos de inspección en pandas
iv. k-nearestneighbors(knn)
iv-a. idea base
en general consiste en tomar un individuo del conjunto de
datos de producción y otorgarle una clasificación basado en
los datos que si conozco.
iv-b. implementación
la claseknncalcula distancias euclidianas entre cada punto
de prueba y todos los puntos de entrenamiento, selecciona loskíndicesmás cercanos y predice la etiqueta por mayoría.
1fromscipy.statsimportmode
2importnumpyasnp
4classknn():
5def__init__(self, dataframetraining,
dataframetesting, number_neighbors
=5, classes=3):
6self.dataframetraining =
dataframetraining
7self.dataframetesting =
dataframetesting
8self.number_neighbors =
number_neighbors",,"{""semana"": 3, ""fecha"": ""2026-03-05"", ""nombre_archivo"": ""3_SEMANA_AI_20260305_1.pdf"", ""autor"": ""Jose Miguel Gonzalez Barrantes"", ""tema_principal"": ""I. ÁLGEBRALINEAL"", ""secciones"": ""I. ÁLGEBRALINEAL, II. PROGRAMACIÓNVECTORIAL YMANIPULACIÓN DE, III. INTRODUCCIÓN APANDAS YDATASET DE EJEMPLO, IV. K-NEARESTNEIGHBORS(KNN)"", ""chunk_numero"": 9, ""total_chunks"": 12}"
"=5, classes=3):
6self.dataframetraining =
dataframetraining
7self.dataframetesting =
dataframetesting
8self.number_neighbors =
number_neighbors
9self.classes = classes
10self.neigh_ind = []
12defeuclidean_distance(self, a, b):
13# a: (n_samples, n_features), b: (
n_features,) -> devuelve vector
de distancias
14returnnp.sqrt(np.sum((a - b) ** 2,
axis=1))
16defcomputedistances(self):
17point_dist = []
18for_, datainself.dataframetesting
.iterrows():
19dist = self.euclidean_distance(
20self.dataframetraining[[""
longitud_sepalo"",""
longitud_petalo""]].
values,
21data[[""longitud_sepalo"",""
longitud_petalo""]].
values
23point_dist.append(dist)
24# point_dist es lista de vectores de
distancias (uno por cada test
sample)
25self.point_dist = np.array(
point_dist)
27defpredict(self):
28labels_pred = []",,"{""semana"": 3, ""fecha"": ""2026-03-05"", ""nombre_archivo"": ""3_SEMANA_AI_20260305_1.pdf"", ""autor"": ""Jose Miguel Gonzalez Barrantes"", ""tema_principal"": ""I. ÁLGEBRALINEAL"", ""secciones"": ""I. ÁLGEBRALINEAL, II. PROGRAMACIÓNVECTORIAL YMANIPULACIÓN DE, III. INTRODUCCIÓN APANDAS YDATASET DE EJEMPLO, IV. K-NEARESTNEIGHBORS(KNN)"", ""chunk_numero"": 10, ""total_chunks"": 12}"
"distancias (uno por cada test
sample)
25self.point_dist = np.array(
point_dist)
27defpredict(self):
28labels_pred = []
29fordist_vectorinself.point_dist:
30neigh_idx = np.argsort(
dist_vector)[:self.
number_neighbors]
31neigh_labels = self.
dataframetraining.iloc[
neigh_idx][’clase’].values
32pred_label = mode(neigh_labels).
mode[0]
33labels_pred.append(pred_label)
34returnnp.array(labels_pred)
listing 7: clase knn
iv-c. usos
entre sus usos vistos en clase estan: instanciar el clasificador,
calcular distancias y obtener predicciones para añadirlas al
dataframe de prueba.
1classifier = knn(dataframetraining,
dataframetesting, number_neighbors=3)
2classifier.computedistances()
3labels_pred = classifier.predict()
4dataframetesting[’clasepredicha’] =
labels_pred
[pagina 4]",,"{""semana"": 3, ""fecha"": ""2026-03-05"", ""nombre_archivo"": ""3_SEMANA_AI_20260305_1.pdf"", ""autor"": ""Jose Miguel Gonzalez Barrantes"", ""tema_principal"": ""I. ÁLGEBRALINEAL"", ""secciones"": ""I. ÁLGEBRALINEAL, II. PROGRAMACIÓNVECTORIAL YMANIPULACIÓN DE, III. INTRODUCCIÓN APANDAS YDATASET DE EJEMPLO, IV. K-NEARESTNEIGHBORS(KNN)"", ""chunk_numero"": 11, ""total_chunks"": 12}"
"2classifier.computedistances()
3labels_pred = classifier.predict()
4dataframetesting[’clasepredicha’] =
labels_pred
[pagina 4]
listing 8: uso de la clase knn
se pueden visualizar las clases conmatplotlibpara inspec-
ción cualitativa, además de calcularmétricas (accuracy, matriz
de confusión) para evaluación cuantitativa.
apéndice: salidas de los ejemplos de clase
array 1d: [0 1 2 3 4 5 6 7 8 9]
array 1d: [5 6 7 8 9]
array 1d: [5 7 9]
array 1d: [1. 1. 1. 1. 1. 1. 1. 1. 1. 1.]
array 1d: [0. 0. 0. 0. 0. 0. 0. 0. 0. 0.]
identity 3x3:
suma total matriz: 45
suma por columnas: [12 15 18]
suma por filas: [ 6 15 24]",,"{""semana"": 3, ""fecha"": ""2026-03-05"", ""nombre_archivo"": ""3_SEMANA_AI_20260305_1.pdf"", ""autor"": ""Jose Miguel Gonzalez Barrantes"", ""tema_principal"": ""I. ÁLGEBRALINEAL"", ""secciones"": ""I. ÁLGEBRALINEAL, II. PROGRAMACIÓNVECTORIAL YMANIPULACIÓN DE, III. INTRODUCCIÓN APANDAS YDATASET DE EJEMPLO, IV. K-NEARESTNEIGHBORS(KNN)"", ""chunk_numero"": 12, ""total_chunks"": 12}"
"[pagina 1]
semana 3 clase 2
emmanuel david rodr ´ıguez rivas curso: ic6200 inteligencia artificial
2023146102 profesor: ing. steven pacheco portuguez
escuela de ingenier ´ıa en computaci ónfecha: 05/03/2026
instituto tecnológico de costa rica
resumen—en este documento se presentan los conceptos prin-
cipales vistos durante la segunda clase de la semana 3 del curso
de inteligencia artificial. inicialmente se realiza un repaso
de conceptos fundamentales de álgebra lineal como vectores,
normas, distancias y relaciones entre vectores. posteriormente
se introduce el concepto de programaci ón vectorial utilizando
la biblioteca numpy en python, destacando su eficiencia para
el procesamiento de datos multidimensionales. finalmente se
exploran herramientas b ásicas de an álisis de datos con pandas",,"{""semana"": 3, ""fecha"": ""2026-03-05"", ""nombre_archivo"": ""3_Semana_AI_20260305_2.pdf"", ""autor"": ""Inteligencia Artificial"", ""tema_principal"": ""1. Repaso de ´Algebra Lineal"", ""secciones"": ""1. Repaso de ´Algebra Lineal, 2. Relaciones entre vectores, 3. Introducci ´on a la programaci ´on vectorial, 4. NumPy, 5. Comparaci ´on entre ciclos y programaci ´on"", ""chunk_numero"": 1, ""total_chunks"": 11}"
"el procesamiento de datos multidimensionales. finalmente se
exploran herramientas b ásicas de an álisis de datos con pandas
y se introduce el algoritmo de aprendizaje autom ático k-
nearest neighbors (knn), basado en medidas de proximidad
entre datos.
1. repaso de ´algebra lineal
el álgebra lineal es una de las bases matem áticas m ás
importantes en inteligencia artificial, ya que permite repre-
sentar datos, modelos y operaciones mediante vectores y
matrices.
1.1. vectores
un vector es un objeto matem ático que posee magnitud
y direcci ón. en un espacio dendimensiones se representa
como:
x= (x1, x2, ..., xn)
geométricamente, un vector puede interpretarse como
una flecha que inicia en un punto y termina en otro dentro
de un sistema de coordenadas.
si se tienen dos puntosayben el espacio:",,"{""semana"": 3, ""fecha"": ""2026-03-05"", ""nombre_archivo"": ""3_Semana_AI_20260305_2.pdf"", ""autor"": ""Inteligencia Artificial"", ""tema_principal"": ""1. Repaso de ´Algebra Lineal"", ""secciones"": ""1. Repaso de ´Algebra Lineal, 2. Relaciones entre vectores, 3. Introducci ´on a la programaci ´on vectorial, 4. NumPy, 5. Comparaci ´on entre ciclos y programaci ´on"", ""chunk_numero"": 2, ""total_chunks"": 11}"
"una flecha que inicia en un punto y termina en otro dentro
de un sistema de coordenadas.
si se tienen dos puntosayben el espacio:
a= (a1, a2, ..., an)
b= (b1, b2, ..., bn)
el vector que va desdeahastabse calcula como:
u=b−a
u= (b1 −a 1, b2 −a 2, ..., bn −a n)
en muchos casos el punto de inicio del vector se consi-
dera el origen(0,0).
1.2. norma de un vector
la norma representa la magnitud o longitud de un vector.
matemáticamente corresponde a la distancia entre el punto
inicial y el punto final del vector.
para un vectorx:
||x||=
1 +x 2
2 +...+x 2n
una norma cumple tres propiedades fundamentales:
positividad
||x|| ≥0
y||x||= 0si y solo six= 0.
homogeneidad
||ax||=|a| ||x||
para cualquier escalara.
desigualdad triangular
||x+y|| ≤ ||x||+||y||
1.3. distancia manhattan (l1)",,"{""semana"": 3, ""fecha"": ""2026-03-05"", ""nombre_archivo"": ""3_Semana_AI_20260305_2.pdf"", ""autor"": ""Inteligencia Artificial"", ""tema_principal"": ""1. Repaso de ´Algebra Lineal"", ""secciones"": ""1. Repaso de ´Algebra Lineal, 2. Relaciones entre vectores, 3. Introducci ´on a la programaci ´on vectorial, 4. NumPy, 5. Comparaci ´on entre ciclos y programaci ´on"", ""chunk_numero"": 3, ""total_chunks"": 11}"
"homogeneidad
||ax||=|a| ||x||
para cualquier escalara.
desigualdad triangular
||x+y|| ≤ ||x||+||y||
1.3. distancia manhattan (l1)
la distancia manhattan mide la distancia entre dos
puntos recorriendo únicamente movimientos horizontales y
verticales dentro del plano.
d(a, b) =
|ai −b i|
este tipo de distancia tambi én se conoce como norma
1.4. distancia euclidiana (l2)
la distancia euclidiana corresponde a la distancia directa
entre dos puntos en el espacio y se basa en el teorema de
pitágoras.
d(a, b) =
(ai −b i)2
esta distancia es conocida como normal 2 y es amplia-
mente utilizada en algoritmos de aprendizaje autom ático.
[pagina 2]
1.5. vector unitario
un vector unitario es un vector cuya magnitud es igual
dado un vectoru, el vector unitario asociado se calcula
como:
ˆu= u
||u||",,"{""semana"": 3, ""fecha"": ""2026-03-05"", ""nombre_archivo"": ""3_Semana_AI_20260305_2.pdf"", ""autor"": ""Inteligencia Artificial"", ""tema_principal"": ""1. Repaso de ´Algebra Lineal"", ""secciones"": ""1. Repaso de ´Algebra Lineal, 2. Relaciones entre vectores, 3. Introducci ´on a la programaci ´on vectorial, 4. NumPy, 5. Comparaci ´on entre ciclos y programaci ´on"", ""chunk_numero"": 4, ""total_chunks"": 11}"
"1.5. vector unitario
un vector unitario es un vector cuya magnitud es igual
dado un vectoru, el vector unitario asociado se calcula
como:
ˆu= u
||u||
los vectores unitarios se utilizan frecuentemente para
representar direcciones.
2. relaciones entre vectores
2.1. producto punto
el producto punto entre dos vectores se define como:
el resultado de esta operaci ón es un escalar.
geométricamente tambi én puede expresarse como:
x·y=||x|| ||y||cos(θ)
dondeθrepresenta el ángulo entre los vectores.
2.2. ´angulo entre vectores
a partir de la relaci ón anterior es posible calcular el
ángulo entre dos vectores mediante:
θ= cos−1
 x·y
||x|| ||y||
2.3. vectores codireccionales
dos vectores son codireccionales cuando uno es un
múltiplo escalar del otro:
dondekes un escalar.
2.4. ortogonalidad",,"{""semana"": 3, ""fecha"": ""2026-03-05"", ""nombre_archivo"": ""3_Semana_AI_20260305_2.pdf"", ""autor"": ""Inteligencia Artificial"", ""tema_principal"": ""1. Repaso de ´Algebra Lineal"", ""secciones"": ""1. Repaso de ´Algebra Lineal, 2. Relaciones entre vectores, 3. Introducci ´on a la programaci ´on vectorial, 4. NumPy, 5. Comparaci ´on entre ciclos y programaci ´on"", ""chunk_numero"": 5, ""total_chunks"": 11}"
"2.3. vectores codireccionales
dos vectores son codireccionales cuando uno es un
múltiplo escalar del otro:
dondekes un escalar.
2.4. ortogonalidad
dos vectores son ortogonales si su producto punto es
igual a cero:
u·v= 0
esto implica que el ángulo entre ellos es de90 ◦.
3. introducci ón a la programaci ón vectorial
la programaci ón vectorial consiste en realizar opera-
ciones matem áticas directamente sobre vectores o matrices
completas en lugar de utilizar ciclos que procesen cada
elemento individualmente.
las computadoras modernas est án optimizadas para este
tipo de operaciones, especialmente cuando se utilizan pro-
cesadores con soporte para c álculos matriciales o gpus.
4. numpy
numpy es una biblioteca fundamental del ecosistema",,"{""semana"": 3, ""fecha"": ""2026-03-05"", ""nombre_archivo"": ""3_Semana_AI_20260305_2.pdf"", ""autor"": ""Inteligencia Artificial"", ""tema_principal"": ""1. Repaso de ´Algebra Lineal"", ""secciones"": ""1. Repaso de ´Algebra Lineal, 2. Relaciones entre vectores, 3. Introducci ´on a la programaci ´on vectorial, 4. NumPy, 5. Comparaci ´on entre ciclos y programaci ´on"", ""chunk_numero"": 6, ""total_chunks"": 11}"
"cesadores con soporte para c álculos matriciales o gpus.
4. numpy
numpy es una biblioteca fundamental del ecosistema
cient´ıfico de python que permite trabajar con arreglos multi-
dimensionales y realizar operaciones matemáticas de manera
eficiente.
entre sus principales ventajas se encuentran:
manejo eficiente de arrays multidimensionales
implementaciones optimizadas en c y fortran
amplio soporte para operaciones de álgebra lineal
alto rendimiento en c álculos num éricos
4.1. creaci ón de arreglos
numpy proporciona diversas funciones para crear arre-
glos.
por ejemplo:
arange(n): crea una secuencia de n úmeros desde 0
hastan−1.
ones(): crea un arreglo lleno de unos.
identity(): genera una matriz identidad.
4.2. operaciones b ásicas
las operaciones aritm éticas pueden aplicarse directa-",,"{""semana"": 3, ""fecha"": ""2026-03-05"", ""nombre_archivo"": ""3_Semana_AI_20260305_2.pdf"", ""autor"": ""Inteligencia Artificial"", ""tema_principal"": ""1. Repaso de ´Algebra Lineal"", ""secciones"": ""1. Repaso de ´Algebra Lineal, 2. Relaciones entre vectores, 3. Introducci ´on a la programaci ´on vectorial, 4. NumPy, 5. Comparaci ´on entre ciclos y programaci ´on"", ""chunk_numero"": 7, ""total_chunks"": 11}"
"identity(): genera una matriz identidad.
4.2. operaciones b ásicas
las operaciones aritm éticas pueden aplicarse directa-
mente entre arrays:
resta
multiplicación
división
estas operaciones se realizan elemento por elemento.
4.3. operaciones por dimensi ón
numpy permite aplicar operaciones a lo largo de un eje
espec´ıfico de una matriz.
por ejemplo, utilizando la funci ón:
np.sum()
es posible calcular la suma total o la suma por filas o
columnas dependiendo del eje especificado.
[pagina 3]
4.4. funciones estad ´ısticas
numpy tambi én incluye diversas funciones estad ´ısticas
como:
media
desviación est ándar
valor m áximo
valor m´ınimo
5. comparaci ón entre ciclos y programaci ón
vectorial
una de las ventajas principales de la programaci ón
vectorial es la eficiencia.",,"{""semana"": 3, ""fecha"": ""2026-03-05"", ""nombre_archivo"": ""3_Semana_AI_20260305_2.pdf"", ""autor"": ""Inteligencia Artificial"", ""tema_principal"": ""1. Repaso de ´Algebra Lineal"", ""secciones"": ""1. Repaso de ´Algebra Lineal, 2. Relaciones entre vectores, 3. Introducci ´on a la programaci ´on vectorial, 4. NumPy, 5. Comparaci ´on entre ciclos y programaci ´on"", ""chunk_numero"": 8, ""total_chunks"": 11}"
"valor m´ınimo
5. comparaci ón entre ciclos y programaci ón
vectorial
una de las ventajas principales de la programaci ón
vectorial es la eficiencia.
cuando se calculan operaciones sobre grandes conjuntos
de datos, implementar los cálculos utilizando ciclos suele ser
más lento que utilizar operaciones vectoriales.
por ejemplo, al calcular la distancia euclidiana entre
listas:
utilizando ciclos se procesan los datos elemento por
elemento
utilizando operaciones vectoriales se procesan todos los
datos simult áneamente
debido a esto, las operaciones vectoriales suelen ser
significativamente más r ápidas.
6. introducci ón a pandas
pandas es una biblioteca de python utilizada para mani-
pulación y an álisis de datos estructurados.
su estructura principal es eldataframe, que permite",,"{""semana"": 3, ""fecha"": ""2026-03-05"", ""nombre_archivo"": ""3_Semana_AI_20260305_2.pdf"", ""autor"": ""Inteligencia Artificial"", ""tema_principal"": ""1. Repaso de ´Algebra Lineal"", ""secciones"": ""1. Repaso de ´Algebra Lineal, 2. Relaciones entre vectores, 3. Introducci ´on a la programaci ´on vectorial, 4. NumPy, 5. Comparaci ´on entre ciclos y programaci ´on"", ""chunk_numero"": 9, ""total_chunks"": 11}"
"pulación y an álisis de datos estructurados.
su estructura principal es eldataframe, que permite
almacenar datos en forma de tabla.
algunas operaciones comunes incluyen:
head(): muestra las primeras filas del conjunto de datos
tail(): muestra las últimas filas
count(): cuenta valores no nulos
describe(): genera estad ´ısticas descriptivas
también es posible seleccionar columnas espec ´ıficas o
crear subconjuntos de datos.
7. proximidad y algoritmo knn
en muchos algoritmos de aprendizaje autom ático es
necesario medir qué tan cerca o lejos se encuentran los datos
entre s´ı.
el algoritmok-nearest neighbors(knn) utiliza este
concepto de proximidad para realizar predicciones.
el procedimiento general es:
1. se calcula la distancia entre un nuevo punto y todos",,"{""semana"": 3, ""fecha"": ""2026-03-05"", ""nombre_archivo"": ""3_Semana_AI_20260305_2.pdf"", ""autor"": ""Inteligencia Artificial"", ""tema_principal"": ""1. Repaso de ´Algebra Lineal"", ""secciones"": ""1. Repaso de ´Algebra Lineal, 2. Relaciones entre vectores, 3. Introducci ´on a la programaci ´on vectorial, 4. NumPy, 5. Comparaci ´on entre ciclos y programaci ´on"", ""chunk_numero"": 10, ""total_chunks"": 11}"
"concepto de proximidad para realizar predicciones.
el procedimiento general es:
1. se calcula la distancia entre un nuevo punto y todos
los datos del conjunto de entrenamiento.
2. se seleccionan loskvecinos m ás cercanos.
3. la predicci ón se realiza utilizando la informaci ón de
esos vecinos.
en problemas de clasificaci ón, la etiqueta m ás com ún
entre los vecinos cercanos es la que se asigna al nuevo punto.",,"{""semana"": 3, ""fecha"": ""2026-03-05"", ""nombre_archivo"": ""3_Semana_AI_20260305_2.pdf"", ""autor"": ""Inteligencia Artificial"", ""tema_principal"": ""1. Repaso de ´Algebra Lineal"", ""secciones"": ""1. Repaso de ´Algebra Lineal, 2. Relaciones entre vectores, 3. Introducci ´on a la programaci ´on vectorial, 4. NumPy, 5. Comparaci ´on entre ciclos y programaci ´on"", ""chunk_numero"": 11, ""total_chunks"": 11}"
"[pagina 1]
apuntes semana 4
apuntes del 10 de marzo de 2026
steven sequeira araya - 2022080836
inteligencia artificial
stsequeira@estudiantec.cr
resumen—en este documento, se resume la clase del 10 de
marzo del 2026, en la cual se realiz ó primeramente un repaso
de lo visto en clases anteriores y lecturas (regresi ón lineal y k-
nearest neighbors). de manera general, este documento recopila
información sobre los fundamentos de estos modelos estad ´ısticos,
el cálculo del error y repaso de algunas derivadas fundamentales.
index terms—k-nearest neighbors, regresi ón lineal, funcio-
nes convexas, descenso de gradiente.
i. repaso de k-nearest neighbors
este algoritmo utiliza una métrica de distancia (comúnmente
la distancial2) para localizar loskpuntos m ás cercanos",,"{""semana"": 4, ""fecha"": ""2026-03-10"", ""nombre_archivo"": ""4_SEMANA_AI_20260310_1.pdf"", ""autor"": ""Steven Sequeira Araya"", ""tema_principal"": ""I. REPASO DE K-NEAREST NEIGHBORS"", ""secciones"": ""I. REPASO DE K-NEAREST NEIGHBORS, II. MODELO ESTAD ´ISTICO, III. REGRESI ´ON LINEAL, IV. IDEA PRINCIPAL, V. MIN SQUARE ERROR (MSE)"", ""chunk_numero"": 1, ""total_chunks"": 13}"
"i. repaso de k-nearest neighbors
este algoritmo utiliza una métrica de distancia (comúnmente
la distancial2) para localizar loskpuntos m ás cercanos
(vecinos) a una nueva entrada. la clase asignada se determina
por mayor ´ıa de votos entre esos vecinos. en este modelo,
kes el hiperpar ámetro cr ´ıtico que define la sensibilidad del
algoritmo al ruido o a la estructura de los datos.
i-a. pasos
1. cuando llega un nuevo dato (punto de consulta), el
algoritmo calcula la distancia entre ese nuevo punto y
todos los dem ás puntos que ya existen en el conjunto de
entrenamiento.
2. una vez calculadas todas las distancias, el algoritmo las
ordena de menor a mayor y selecciona loskpuntos que
estén a la menor distancia del nuevo dato.
3. finalmente, el algoritmo observa las etiquetas o clases",,"{""semana"": 4, ""fecha"": ""2026-03-10"", ""nombre_archivo"": ""4_SEMANA_AI_20260310_1.pdf"", ""autor"": ""Steven Sequeira Araya"", ""tema_principal"": ""I. REPASO DE K-NEAREST NEIGHBORS"", ""secciones"": ""I. REPASO DE K-NEAREST NEIGHBORS, II. MODELO ESTAD ´ISTICO, III. REGRESI ´ON LINEAL, IV. IDEA PRINCIPAL, V. MIN SQUARE ERROR (MSE)"", ""chunk_numero"": 2, ""total_chunks"": 13}"
"estén a la menor distancia del nuevo dato.
3. finalmente, el algoritmo observa las etiquetas o clases
de esoskvecinos seleccionados y realiza una votaci ón
por mayor´ıa.
i-b. ventajas y desventajas
ventajas:
sencillo de implementar.
no requiere fase de entrenamiento.
intuitivo y f ácil de entender.
desventajas:
pesado a nivel computacional.
poco eficiente con vol úmenes de datos grandes.
requiere tener los datos cargados en memoria.
ii. modelo estad ´istico
busca describir la relaci ón entre variables observadas me-
diante la siguiente ecuaci ón:
y=f(x) +ε(1)
donde:
x= variables de entrada.
y= variable de salida.
f(x)= parte sistem ática del fen ómeno.
ε= error.
iii. regresi ´on lineal
es un algoritmo de aprendizaje supervisado que modela",,"{""semana"": 4, ""fecha"": ""2026-03-10"", ""nombre_archivo"": ""4_SEMANA_AI_20260310_1.pdf"", ""autor"": ""Steven Sequeira Araya"", ""tema_principal"": ""I. REPASO DE K-NEAREST NEIGHBORS"", ""secciones"": ""I. REPASO DE K-NEAREST NEIGHBORS, II. MODELO ESTAD ´ISTICO, III. REGRESI ´ON LINEAL, IV. IDEA PRINCIPAL, V. MIN SQUARE ERROR (MSE)"", ""chunk_numero"": 3, ""total_chunks"": 13}"
"f(x)= parte sistem ática del fen ómeno.
ε= error.
iii. regresi ´on lineal
es un algoritmo de aprendizaje supervisado que modela
la relaci ón entre una variable dependiente (etiqueta) y una
o m ás variables independientes. su objetivo es encontrar la
recta de mejor ajuste calculando sus coeficientes (pendiente e
intercepto) de manera que se minimice la diferencia entre los
valores reales y las predicciones.
iv. idea principal
construir un modelo que siga la siguiente estructura lineal:
fw,b(x) =wx+b(2)
donde:
wes un vectord-dimensional.
bes un n úmero real (intercepto).
yes el modelof w,b(x).
se busca encontrar los valores dewybque hagan la
predicción m ás acertada.
v. min square error (mse)
para medir qu é tan bien se ajusta el modelo, se define la",,"{""semana"": 4, ""fecha"": ""2026-03-10"", ""nombre_archivo"": ""4_SEMANA_AI_20260310_1.pdf"", ""autor"": ""Steven Sequeira Araya"", ""tema_principal"": ""I. REPASO DE K-NEAREST NEIGHBORS"", ""secciones"": ""I. REPASO DE K-NEAREST NEIGHBORS, II. MODELO ESTAD ´ISTICO, III. REGRESI ´ON LINEAL, IV. IDEA PRINCIPAL, V. MIN SQUARE ERROR (MSE)"", ""chunk_numero"": 4, ""total_chunks"": 13}"
"predicción m ás acertada.
v. min square error (mse)
para medir qu é tan bien se ajusta el modelo, se define la
función conocida comoloss function(funci ón de p érdida),
que es la medida de penalidad que cuantifica el error de cada
ejemplo.:
(fw,b(xi)−y i)2 (3)
esta es la misma ecuaci ón utilizada para lacost function
(función de costo). su objetivo es encontrar el promedio de
los errores al cuadrado entre las predicciones del modelo y las
etiquetas reales.
el objetivo principal es minimizarlpara poder ajustar los
parámetroswyb, logrando un modelo lo m ás preciso posible.
si el valor deles muy grande, el modelo falla al momento
de realizar las predicciones.
en la pr áctica, se prefiere utilizar el mse en lugar del
mae (mean absolute error), ya que la funci ón mse es",,"{""semana"": 4, ""fecha"": ""2026-03-10"", ""nombre_archivo"": ""4_SEMANA_AI_20260310_1.pdf"", ""autor"": ""Steven Sequeira Araya"", ""tema_principal"": ""I. REPASO DE K-NEAREST NEIGHBORS"", ""secciones"": ""I. REPASO DE K-NEAREST NEIGHBORS, II. MODELO ESTAD ´ISTICO, III. REGRESI ´ON LINEAL, IV. IDEA PRINCIPAL, V. MIN SQUARE ERROR (MSE)"", ""chunk_numero"": 5, ""total_chunks"": 13}"
"de realizar las predicciones.
en la pr áctica, se prefiere utilizar el mse en lugar del
mae (mean absolute error), ya que la funci ón mse es
estrictamente convexa y diferenciable en todo su dominio,
[pagina 2]
mientras que el mae no es derivable en el punto donde el
error es cero.
las variables independienes son las caracter ´ısticas de la
muestra, mientras que las dependientes son los valores a
predecir y es afectada por las variables independientes.
vi. funciones convexas y no convexas
las funciones convexas tienen la propiedad anal´ıtica de con-
tar con un único m´ınimo global. mientras que las funciones no
convexas pueden presentar m últiples m´ınimos locales adem ás
del m´ınimo global.
figura 1. ejemplo de funci ón convexa.
figura 2. ejemplo de funci ón no-convexa.",,"{""semana"": 4, ""fecha"": ""2026-03-10"", ""nombre_archivo"": ""4_SEMANA_AI_20260310_1.pdf"", ""autor"": ""Steven Sequeira Araya"", ""tema_principal"": ""I. REPASO DE K-NEAREST NEIGHBORS"", ""secciones"": ""I. REPASO DE K-NEAREST NEIGHBORS, II. MODELO ESTAD ´ISTICO, III. REGRESI ´ON LINEAL, IV. IDEA PRINCIPAL, V. MIN SQUARE ERROR (MSE)"", ""chunk_numero"": 6, ""total_chunks"": 13}"
"del m´ınimo global.
figura 1. ejemplo de funci ón convexa.
figura 2. ejemplo de funci ón no-convexa.
la definici ón formal de una funci ón convexa establece que
sif(x)posee un m ´ınimo local enx=c, entonces se cumple
quef(x)≥f(c)para todoxdentro de un entorno dec.
en este contexto, se utiliza la funci ónlcon el objetivo de
encontrar ese m ´ınimo global y as ´ı lograr la mejor aproxima-
ción del modelo. debido a las propiedades de las funciones
convexas, se garantiza que dicho m ´ınimo local encontrado
corresponde inevitablemente al m ´ınimo global. la funci ón de
costoldel mse es convexa porque los t érminos de error se
encuentran elevados al cuadrado.
vii. descenso de gradiente
es un algoritmo de optimizaci ón iterativo utilizado para",,"{""semana"": 4, ""fecha"": ""2026-03-10"", ""nombre_archivo"": ""4_SEMANA_AI_20260310_1.pdf"", ""autor"": ""Steven Sequeira Araya"", ""tema_principal"": ""I. REPASO DE K-NEAREST NEIGHBORS"", ""secciones"": ""I. REPASO DE K-NEAREST NEIGHBORS, II. MODELO ESTAD ´ISTICO, III. REGRESI ´ON LINEAL, IV. IDEA PRINCIPAL, V. MIN SQUARE ERROR (MSE)"", ""chunk_numero"": 7, ""total_chunks"": 13}"
"encuentran elevados al cuadrado.
vii. descenso de gradiente
es un algoritmo de optimizaci ón iterativo utilizado para
minimizar la funci ón de p érdida (l). su objetivo es encontrar
los valores de los par ámetros que hacen que el error del
modelo sea lo m ás peque ño posible.
vii-a. pasos del algoritmo
1. inicializar los par ámetros (wyb) con valores aleatorios.
2. calcular el gradiente de la funci ón de costo respecto a
los par ámetros.
3. actualizar los par ámetros en direcci ón opuesta al gra-
diente iterativamente.
viii. derivadas b ´asicas
a continuaci ón, se formalizan las reglas fundamentales de
derivación utilizadas al calcular el gradiente, acompa ñadas de
sus respectivos ejemplos:
viii-a. derivada de una constante
f(x) =c=⇒f ′(x) = 0(4)",,"{""semana"": 4, ""fecha"": ""2026-03-10"", ""nombre_archivo"": ""4_SEMANA_AI_20260310_1.pdf"", ""autor"": ""Steven Sequeira Araya"", ""tema_principal"": ""I. REPASO DE K-NEAREST NEIGHBORS"", ""secciones"": ""I. REPASO DE K-NEAREST NEIGHBORS, II. MODELO ESTAD ´ISTICO, III. REGRESI ´ON LINEAL, IV. IDEA PRINCIPAL, V. MIN SQUARE ERROR (MSE)"", ""chunk_numero"": 8, ""total_chunks"": 13}"
"derivación utilizadas al calcular el gradiente, acompa ñadas de
sus respectivos ejemplos:
viii-a. derivada de una constante
f(x) =c=⇒f ′(x) = 0(4)
ejemplo:si tenemosf(x) = 8, su derivada esf ′(x) = 0.
viii-b. constante por funci ón
f(x) =c·g(x) =⇒f ′(x) =c·g ′(x)(5)
ejemplo:sif(x) = 5x 2, sacamos la constante y derivamos
x2, dando como resultadof ′(x) = 5(2x) = 10x.
viii-c. funci ón de grado n (regla de la potencia)
f(x) =x n =⇒f ′(x) =n·x n−1 (6)
ejemplo:paraf(x) =x 4, bajamos el exponente y le restamos
uno, obteniendof ′(x) = 4x3.
viii-d. suma de funciones
f(x) =g(x) +h(x) =⇒f ′(x) =g′(x) +h′(x)(7)
ejemplo:dadaf(x) =x 3 + 2x, derivamos cada término por
separado resultando enf ′(x) = 3x2 + 2.
viii-e. multiplicaci ón de funciones (regla del producto)",,"{""semana"": 4, ""fecha"": ""2026-03-10"", ""nombre_archivo"": ""4_SEMANA_AI_20260310_1.pdf"", ""autor"": ""Steven Sequeira Araya"", ""tema_principal"": ""I. REPASO DE K-NEAREST NEIGHBORS"", ""secciones"": ""I. REPASO DE K-NEAREST NEIGHBORS, II. MODELO ESTAD ´ISTICO, III. REGRESI ´ON LINEAL, IV. IDEA PRINCIPAL, V. MIN SQUARE ERROR (MSE)"", ""chunk_numero"": 9, ""total_chunks"": 13}"
"separado resultando enf ′(x) = 3x2 + 2.
viii-e. multiplicaci ón de funciones (regla del producto)
f(x) =g(x)·h(x) =⇒f ′(x) =g′(x)h(x) +g(x)h′(x)(8)
ejemplo:sif(x) = (x 2)(ex), aplicando la regla obtenemos
f ′(x) = (2x)(ex) + (x2)(ex).
viii-f. funci ón m ás constante
f(x) =g(x) +c=⇒f ′(x) =g′(x)(9)
ejemplo:paraf(x) =x 3 + 15, la constante desaparece y
quedaf ′(x) = 3x2.
[pagina 3]
viii-g. derivadas multivariables y parciales
para una funci ón que depende de m últiples variables
f(x, y, . . .), la derivada parcial respecto axdenota la tasa
de cambio de la funci ón al variar únicamentex(tratando las
demás variables como constantes):
∂x f(x, y)(10)
ejemplo:dada la funci ónf(x, y) = 3x2y+y 3. si calculamos
la derivada parcial respecto ax, asumimos queyes constante,
resultando en ∂f
∂x = 6xy.",,"{""semana"": 4, ""fecha"": ""2026-03-10"", ""nombre_archivo"": ""4_SEMANA_AI_20260310_1.pdf"", ""autor"": ""Steven Sequeira Araya"", ""tema_principal"": ""I. REPASO DE K-NEAREST NEIGHBORS"", ""secciones"": ""I. REPASO DE K-NEAREST NEIGHBORS, II. MODELO ESTAD ´ISTICO, III. REGRESI ´ON LINEAL, IV. IDEA PRINCIPAL, V. MIN SQUARE ERROR (MSE)"", ""chunk_numero"": 10, ""total_chunks"": 13}"
"ejemplo:dada la funci ónf(x, y) = 3x2y+y 3. si calculamos
la derivada parcial respecto ax, asumimos queyes constante,
resultando en ∂f
∂x = 6xy.
ix. c ´alculo de gradientes y
actualizaci ´on
para minimizar la funci ón de costolmediante el descenso
de gradiente, es necesario calcular las derivadas parciales
respecto a cada par ámetro del modelo (wyb). aplicando
la regla de la cadena sobre la funci ón mse, obtenemos las
siguientes expresiones:
ix-a. c álculo de derivadas delcon respecto aw
la derivada parcial respecto al pesownos indica la direc-
ción y magnitud del ajuste necesario para este par ámetro:
∂w = 1
∂w ((wxi +b)−y i)2 (11)
aplicando la regla de la cadena, el exponente baja a
multiplicar y se multiplica por la derivada interna (que en este
caso esx i):
∂w = 1",,"{""semana"": 4, ""fecha"": ""2026-03-10"", ""nombre_archivo"": ""4_SEMANA_AI_20260310_1.pdf"", ""autor"": ""Steven Sequeira Araya"", ""tema_principal"": ""I. REPASO DE K-NEAREST NEIGHBORS"", ""secciones"": ""I. REPASO DE K-NEAREST NEIGHBORS, II. MODELO ESTAD ´ISTICO, III. REGRESI ´ON LINEAL, IV. IDEA PRINCIPAL, V. MIN SQUARE ERROR (MSE)"", ""chunk_numero"": 11, ""total_chunks"": 13}"
"aplicando la regla de la cadena, el exponente baja a
multiplicar y se multiplica por la derivada interna (que en este
caso esx i):
∂w = 1
2(wxi +b−y i)·x i (12)
si definimos la predicci ón comoˆyi =wx i +b, la f órmula
simplificada es:
∂w = 1
2(ˆyi −y i)xi (13)
ix-b. c álculo de derivadas delcon respecto ab
de manera similar, para el interceptob, la derivada interna
es simplemente 1:
∂b = 1
2(wxi +b−y i)·1(14)
lo que resulta en:
∂b = 1
2(ˆyi −y i)(15)
ix-c. regla de actualizaci ón de par ámetros
una vez obtenidos los gradientes, los par ámetros se ac-
tualizan simult áneamente en cada iteraci ón. se utiliza una
constanteαdenominadalearning rate(tasa de aprendizaje)
para controlar el tama ño del paso hacia el m ´ınimo:
w:=w−α ∂l
∂w (16)
b:=b−α ∂l
∂b (17)",,"{""semana"": 4, ""fecha"": ""2026-03-10"", ""nombre_archivo"": ""4_SEMANA_AI_20260310_1.pdf"", ""autor"": ""Steven Sequeira Araya"", ""tema_principal"": ""I. REPASO DE K-NEAREST NEIGHBORS"", ""secciones"": ""I. REPASO DE K-NEAREST NEIGHBORS, II. MODELO ESTAD ´ISTICO, III. REGRESI ´ON LINEAL, IV. IDEA PRINCIPAL, V. MIN SQUARE ERROR (MSE)"", ""chunk_numero"": 12, ""total_chunks"": 13}"
"constanteαdenominadalearning rate(tasa de aprendizaje)
para controlar el tama ño del paso hacia el m ´ınimo:
w:=w−α ∂l
∂w (16)
b:=b−α ∂l
∂b (17)
donde el s ´ımbolo:=denota una asignaci ón de valor, per-
mitiendo que el modelo aprenda de forma iterativa reduciendo
el error en cada paso.",,"{""semana"": 4, ""fecha"": ""2026-03-10"", ""nombre_archivo"": ""4_SEMANA_AI_20260310_1.pdf"", ""autor"": ""Steven Sequeira Araya"", ""tema_principal"": ""I. REPASO DE K-NEAREST NEIGHBORS"", ""secciones"": ""I. REPASO DE K-NEAREST NEIGHBORS, II. MODELO ESTAD ´ISTICO, III. REGRESI ´ON LINEAL, IV. IDEA PRINCIPAL, V. MIN SQUARE ERROR (MSE)"", ""chunk_numero"": 13, ""total_chunks"": 13}"
"[pagina 1]
apuntes de clase — semana 4
ic-6200: inteligencia artificial — 10 / mar / 2026
allan bola ños barrientos - 2024145458
resumen—this class session reviewed the fundamentals ofk-
nearest neighbors(knn) and introduced essential concepts in
statistical modeling and linear regression. we discussed the geo-
metric intuition behind knn, along with its practical strengths
and computational limitations. we then formalized the statistical-
modeling view of a target variable as the sum of a systematic
component and an error term. building on this foundation, we
studied linear regression, themean square error(mse) loss
function, convexity, and gradient descent as an optimization
mechanism. finally, we reviewed core differentiation rules and",,"{""semana"": 4, ""fecha"": ""2026-03-10"", ""nombre_archivo"": ""4_SEMANA_AI_20260310_2.pdf"", ""autor"": ""Allan Bolaños Barrientos"", ""tema_principal"": ""I. RESUMENGENERAL DE LASESI ´ON"", ""secciones"": ""I. RESUMENGENERAL DE LASESI ´ON, II. REPASO DEK-NEARESTNEIGHBORS(KNN), III. MODELOESTAD ´ISTICO YREGRESI ´ONLINEAL, IV. FUNCI ´ON DEP ´ERDIDA: MSEY COMPARACI ´ON CON, V. CONVEXIDAD Y SU IMPORTANCIA"", ""chunk_numero"": 1, ""total_chunks"": 10}"
"function, convexity, and gradient descent as an optimization
mechanism. finally, we reviewed core differentiation rules and
partial derivatives to explain how gradients are computed and
used to learn model parameters.
index terms—k-nearest neighbors, statistical model, linear
regression, mse, mae, convexity, gradient descent, partial
derivatives
i. resumengeneral de lasesi ´on
en clase se trabajaron dos bloques: (i) repaso de knn
y (ii) fundamentos de regresi ón lineal y optimizaci ón. la
idea central fue pasar de un m étodobasado en instancias
(knn) a un m étodobasado en par ámetros(modelo lineal),
entendiendo c ómo se define el error y c ómo se minimiza
mediante gradiente.
ii. repaso dek-nearestneighbors(knn)
knn es un algoritmo supervisado para clasificaci ón y",,"{""semana"": 4, ""fecha"": ""2026-03-10"", ""nombre_archivo"": ""4_SEMANA_AI_20260310_2.pdf"", ""autor"": ""Allan Bolaños Barrientos"", ""tema_principal"": ""I. RESUMENGENERAL DE LASESI ´ON"", ""secciones"": ""I. RESUMENGENERAL DE LASESI ´ON, II. REPASO DEK-NEARESTNEIGHBORS(KNN), III. MODELOESTAD ´ISTICO YREGRESI ´ONLINEAL, IV. FUNCI ´ON DEP ´ERDIDA: MSEY COMPARACI ´ON CON, V. CONVEXIDAD Y SU IMPORTANCIA"", ""chunk_numero"": 2, ""total_chunks"": 10}"
"mediante gradiente.
ii. repaso dek-nearestneighbors(knn)
knn es un algoritmo supervisado para clasificaci ón y
regresión. para un nuevo puntox ∗, calcula su distancia a
todas las muestras de entrenamiento, escoge loskvecinos m ás
cercanos y decide por votaci ón mayoritaria (clasificaci ón) o
promedio (regresi ón).
ii-a. distancia y l ógica geom étrica
la m étrica m ás usada es la distancia euclidiana:
d(xi, xj) =
(xim −x jm)2 (1)
el algoritmo funciona bien cuando “cercan ´ıa” en el espacio
de caracter´ısticas implica similitud sem ántica.
ii-b. selecci ón del hiperpar ámetro k
kpeque ño: modelo flexible, baja bias y alta varianza
(riesgo de sobreajuste).
kgrande: modelo m ás suave, mayor bias y menor va-
rianza (riesgo de subajuste).
ii-c. v entajas y limitaciones",,"{""semana"": 4, ""fecha"": ""2026-03-10"", ""nombre_archivo"": ""4_SEMANA_AI_20260310_2.pdf"", ""autor"": ""Allan Bolaños Barrientos"", ""tema_principal"": ""I. RESUMENGENERAL DE LASESI ´ON"", ""secciones"": ""I. RESUMENGENERAL DE LASESI ´ON, II. REPASO DEK-NEARESTNEIGHBORS(KNN), III. MODELOESTAD ´ISTICO YREGRESI ´ONLINEAL, IV. FUNCI ´ON DEP ´ERDIDA: MSEY COMPARACI ´ON CON, V. CONVEXIDAD Y SU IMPORTANCIA"", ""chunk_numero"": 3, ""total_chunks"": 10}"
"(riesgo de sobreajuste).
kgrande: modelo m ás suave, mayor bias y menor va-
rianza (riesgo de subajuste).
ii-c. v entajas y limitaciones
v entajas:simple de implementar, no requiere entrenamien-
to expl´ıcito y captura fronteras locales complejas.
limitaciones:predicci ón costosa, dependencia de escala de
variables, necesidad de almacenar todo el dataset y degrada-
ción en alta dimensi ón.
iii. modeloestad ´istico yregresi ´onlineal
un modelo estad ´ıstico separa estructura y ruido:
y=f(x) +ϵ(2)
en regresión lineal, se aproximaf(x)con una funci ón af´ın:
ˆy=fw,b(x) =wt x+b(3)
aqu´ıwybson par ámetros aprendibles;ϵrecoge variabili-
dad no explicada.
iii-a. ejemplo visto en clase
se mostr ó una relaci ón lineal entre horas de estudio y",,"{""semana"": 4, ""fecha"": ""2026-03-10"", ""nombre_archivo"": ""4_SEMANA_AI_20260310_2.pdf"", ""autor"": ""Allan Bolaños Barrientos"", ""tema_principal"": ""I. RESUMENGENERAL DE LASESI ´ON"", ""secciones"": ""I. RESUMENGENERAL DE LASESI ´ON, II. REPASO DEK-NEARESTNEIGHBORS(KNN), III. MODELOESTAD ´ISTICO YREGRESI ´ONLINEAL, IV. FUNCI ´ON DEP ´ERDIDA: MSEY COMPARACI ´ON CON, V. CONVEXIDAD Y SU IMPORTANCIA"", ""chunk_numero"": 4, ""total_chunks"": 10}"
"dad no explicada.
iii-a. ejemplo visto en clase
se mostr ó una relaci ón lineal entre horas de estudio y
calificación, con datos representativos como en la tabla i.
cuadro i
horas de estudio vs.calificaci ´on
horas de estudio (x) calificaci ón (y)
una recta de referencia presentada fue:
y= 5x+ 45(4)
la pendiente (5) indica cu ánto sube la calificaci ón por cada
hora adicional; el intercepto (45) es la base del modelo.
iv. funci ´on dep ´erdida: msey comparaci ´on con
para evaluar el ajuste del modelo, se defini ó la p érdida
promedio:
(fw,b(xi)−y i)2 (5)
en clase se enfatiz ó:
loss por ejemplo:(f w,b(xi)−y i)2.
cost function:promedio de esa p érdida sobre todo el
conjunto.
objetivo:minimizarlpara ajustarw, b.
también se compar ó mse con mae:
lmae = 1
|fw,b(xi)−y i|(6)",,"{""semana"": 4, ""fecha"": ""2026-03-10"", ""nombre_archivo"": ""4_SEMANA_AI_20260310_2.pdf"", ""autor"": ""Allan Bolaños Barrientos"", ""tema_principal"": ""I. RESUMENGENERAL DE LASESI ´ON"", ""secciones"": ""I. RESUMENGENERAL DE LASESI ´ON, II. REPASO DEK-NEARESTNEIGHBORS(KNN), III. MODELOESTAD ´ISTICO YREGRESI ´ONLINEAL, IV. FUNCI ´ON DEP ´ERDIDA: MSEY COMPARACI ´ON CON, V. CONVEXIDAD Y SU IMPORTANCIA"", ""chunk_numero"": 5, ""total_chunks"": 10}"
"conjunto.
objetivo:minimizarlpara ajustarw, b.
también se compar ó mse con mae:
lmae = 1
|fw,b(xi)−y i|(6)
mse es suave y diferenciable en todo punto, lo que facilita
gradiente descendente; mae es menos sensible a outliers pero
no es diferenciable en0.
[pagina 2]
−2 0 20
penalización
mse:e2
−2 0 20
penalización
mae:|e|
figura 1. comparaci ón geom étrica entre mse y mae.
v. convexidad y su importancia
se discuti ó que la p érdida cuadr ática en regresi ón lineal
induce una superficie convexa respecto a par ámetros, por lo
que el m ´ınimo local coincide con el m ´ınimo global. esta
propiedad da estabilidad al entrenamiento.
vi. descenso degradiente
la actualizaci ón de par ámetros vista en diapositivas fue:
w←w−α ∂l
∂w (7)
b←b−α ∂l
∂b (8)",,"{""semana"": 4, ""fecha"": ""2026-03-10"", ""nombre_archivo"": ""4_SEMANA_AI_20260310_2.pdf"", ""autor"": ""Allan Bolaños Barrientos"", ""tema_principal"": ""I. RESUMENGENERAL DE LASESI ´ON"", ""secciones"": ""I. RESUMENGENERAL DE LASESI ´ON, II. REPASO DEK-NEARESTNEIGHBORS(KNN), III. MODELOESTAD ´ISTICO YREGRESI ´ONLINEAL, IV. FUNCI ´ON DEP ´ERDIDA: MSEY COMPARACI ´ON CON, V. CONVEXIDAD Y SU IMPORTANCIA"", ""chunk_numero"": 6, ""total_chunks"": 10}"
"vi. descenso degradiente
la actualizaci ón de par ámetros vista en diapositivas fue:
w←w−α ∂l
∂w (7)
b←b−α ∂l
∂b (8)
conαcomo hiperpar ámetro de aprendizaje (learning rate).
vi-a. interpretaci ón del learning rate
αpeque ño: pasos cortos y convergencia lenta.
αgrande: sobrepaso del m ´ınimo y posible divergencia.
αadecuado: descenso estable y r ápido.
−20 2 4 60
smallα
−20 2 4 60
largeα
−20 2 4 60
figura 2. efecto de la tasa de aprendizaje en el descenso de gradiente.
vi-b. ejemplo intuitivo de actualizaci ón
para una funci ón simplej(x) =x 2, su gradiente es dj
2x. six= 1, el gradiente vale2y una regla de actualizaci ón
xnuevo =x antiguo −α(2x)(9)
se repite hasta aproximar un punto con gradiente cercano
a cero.
vii. repaso de derivadas y derivadas parciales",,"{""semana"": 4, ""fecha"": ""2026-03-10"", ""nombre_archivo"": ""4_SEMANA_AI_20260310_2.pdf"", ""autor"": ""Allan Bolaños Barrientos"", ""tema_principal"": ""I. RESUMENGENERAL DE LASESI ´ON"", ""secciones"": ""I. RESUMENGENERAL DE LASESI ´ON, II. REPASO DEK-NEARESTNEIGHBORS(KNN), III. MODELOESTAD ´ISTICO YREGRESI ´ONLINEAL, IV. FUNCI ´ON DEP ´ERDIDA: MSEY COMPARACI ´ON CON, V. CONVEXIDAD Y SU IMPORTANCIA"", ""chunk_numero"": 7, ""total_chunks"": 10}"
"xnuevo =x antiguo −α(2x)(9)
se repite hasta aproximar un punto con gradiente cercano
a cero.
vii. repaso de derivadas y derivadas parciales
antes de optimizar, se repasaron reglas base de derivaci ón:
constante:f(x) =k⇒f ′(x) = 0.
identidad:f(x) =x⇒f ′(x) = 1.
potencia: d
dx (xn) =nxn−1.
multiplicación (regla del producto): d
dx [u(x)v(x)] =
u′(x)v(x) +u(x)v′(x).
división (regla del cociente): d
u′(x)v(x)−u(x)v ′(x)
v(x)2 , conv(x)̸= 0.
regla de la cadena: siy=f(g(x)), entonces dy
f ′(g(x))g ′(x).
para múltiples variables, se usan derivadas parciales: miden
cómo cambia una funci ón respecto aunavariable, mantenien-
do las dem ás constantes.
sif(x 1, . . . , xd)depende de varios par ámetros, el gradiente
se escribe como:
, . . . ,∂f
ejemplo:
f(x, y) = 3x2y+y 3, ∂f
∂x = 6xy, ∂f",,"{""semana"": 4, ""fecha"": ""2026-03-10"", ""nombre_archivo"": ""4_SEMANA_AI_20260310_2.pdf"", ""autor"": ""Allan Bolaños Barrientos"", ""tema_principal"": ""I. RESUMENGENERAL DE LASESI ´ON"", ""secciones"": ""I. RESUMENGENERAL DE LASESI ´ON, II. REPASO DEK-NEARESTNEIGHBORS(KNN), III. MODELOESTAD ´ISTICO YREGRESI ´ONLINEAL, IV. FUNCI ´ON DEP ´ERDIDA: MSEY COMPARACI ´ON CON, V. CONVEXIDAD Y SU IMPORTANCIA"", ""chunk_numero"": 8, ""total_chunks"": 10}"
"sif(x 1, . . . , xd)depende de varios par ámetros, el gradiente
se escribe como:
, . . . ,∂f
ejemplo:
f(x, y) = 3x2y+y 3, ∂f
∂x = 6xy, ∂f
∂y = 3x2 + 3y2 (11)
estas derivadas parciales forman el gradiente, que gu ´ıa
la direcci ón de actualizaci ón de par ámetros en descenso de
gradiente.
viii. conclusiones
los contenidos de la clase muestran el puente entre intuición
geométrica (knn), modelado matem ático (regresi ón lineal)
y optimizaci ón num érica (gradiente descendente). el mensaje
central es que entrenar un modelo significa minimizar una
función de error con herramientas de c álculo, cuidando la
elección de hiperpar ámetros comokyα.
referencias
[1] c. m. bishop,pattern recognition and machine learning. springer,",,"{""semana"": 4, ""fecha"": ""2026-03-10"", ""nombre_archivo"": ""4_SEMANA_AI_20260310_2.pdf"", ""autor"": ""Allan Bolaños Barrientos"", ""tema_principal"": ""I. RESUMENGENERAL DE LASESI ´ON"", ""secciones"": ""I. RESUMENGENERAL DE LASESI ´ON, II. REPASO DEK-NEARESTNEIGHBORS(KNN), III. MODELOESTAD ´ISTICO YREGRESI ´ONLINEAL, IV. FUNCI ´ON DEP ´ERDIDA: MSEY COMPARACI ´ON CON, V. CONVEXIDAD Y SU IMPORTANCIA"", ""chunk_numero"": 9, ""total_chunks"": 10}"
"elección de hiperpar ámetros comokyα.
referencias
[1] c. m. bishop,pattern recognition and machine learning. springer,
[2] t. hastie, r. tibshirani, and j. friedman,the elements of statistical
learning, 2nd ed. springer, 2009.
[3] i. goodfellow, y . bengio, and a. courville,deep learning. mit press,",,"{""semana"": 4, ""fecha"": ""2026-03-10"", ""nombre_archivo"": ""4_SEMANA_AI_20260310_2.pdf"", ""autor"": ""Allan Bolaños Barrientos"", ""tema_principal"": ""I. RESUMENGENERAL DE LASESI ´ON"", ""secciones"": ""I. RESUMENGENERAL DE LASESI ´ON, II. REPASO DEK-NEARESTNEIGHBORS(KNN), III. MODELOESTAD ´ISTICO YREGRESI ´ONLINEAL, IV. FUNCI ´ON DEP ´ERDIDA: MSEY COMPARACI ´ON CON, V. CONVEXIDAD Y SU IMPORTANCIA"", ""chunk_numero"": 10, ""total_chunks"": 10}"
"[pagina 1]
apuntes semana 4
apuntes 12/mar/2026
1st fernando s ánchez hidalgo - 2022218688
tecnológico de costa rica
[ic-6200] inteligencia artificial
abstract—this document summarizes key concepts from a
lecture on machine learning and regression models in the
artificial intelligence course at tecnol ógico de costa rica. it
reviews fundamental topics such as the k-nearest neighbor
algorithm, statistical models, loss and cost functions, and the
use of gradient descent for parameter optimization. the notes
also explain training concepts including epochs and batches, as
well as different gradient descent approaches: batch, stochastic,
and mini-batch gradient descent. additionally, the document
discusses common issues in regression models, including data",,"{""semana"": 4, ""fecha"": ""2026-03-12"", ""nombre_archivo"": ""4_SEMANA_AI_20260312_1.pdf"", ""autor"": ""Fernando Sánchez Hidalgo"", ""tema_principal"": ""I. REPASO DE LA CLASE ANTERIOR"", ""secciones"": ""I. REPASO DE LA CLASE ANTERIOR, II. ITERACIONES DE ENTRENAMIENTO, III. DESCENDENCIA DE GRADIENTE POR BATCHES, C. Mini-Batch Gradient Descent, IV. POTENCIALES PROBLEMAS EN MODELOS DE"", ""chunk_numero"": 1, ""total_chunks"": 10}"
"and mini-batch gradient descent. additionally, the document
discusses common issues in regression models, including data
non-linearity, outliers, and multicollinearity, and presents several
techniques to detect and mitigate these problems to improve
model performance.
i. repaso de la clase anterior
•k-neares-neighbor
–implementaci ón f ácil
–utilizaci ón en problemas de regresi ón y clasificaci ón
–no apto para datasets grandes
–dificil de definir un k adecuado
•modelo estad ´ıstico
fw,b(x) =w·x+b(1)
–define la relaci ón matem ática entre los datos
–ajusta los datos bajo una curva (funci ón)
–queremos optimizar w, b para el mejor ajuste
•loss function
(fw,b(xi)−y i)2 (2)
–loss function: medida de penalidad de errores
–cost function: promedio de loss function sobre todo
el dataset",,"{""semana"": 4, ""fecha"": ""2026-03-12"", ""nombre_archivo"": ""4_SEMANA_AI_20260312_1.pdf"", ""autor"": ""Fernando Sánchez Hidalgo"", ""tema_principal"": ""I. REPASO DE LA CLASE ANTERIOR"", ""secciones"": ""I. REPASO DE LA CLASE ANTERIOR, II. ITERACIONES DE ENTRENAMIENTO, III. DESCENDENCIA DE GRADIENTE POR BATCHES, C. Mini-Batch Gradient Descent, IV. POTENCIALES PROBLEMAS EN MODELOS DE"", ""chunk_numero"": 2, ""total_chunks"": 10}"
"•loss function
(fw,b(xi)−y i)2 (2)
–loss function: medida de penalidad de errores
–cost function: promedio de loss function sobre todo
el dataset
–el objetivo es minimizar l
–utiliza la formula de median square error
•descenso de gradiente
xnuevo =x viejo −α·f ′(x)(3)
–buscar la direcci ón de m áxima pendiente en una
curva y descender en esa direcci ón
–α: tama ño del paso (usualmente<1)
•repaso de derivadas
–derivada de una constante:
f(x) =k
f ′(x) = 0
–derivada de una variable:
f(x) =x n
f ′(x) =n·x n−1
–derivada de un producto entre constante y variable:
f(x) =k·x n
f ′(x) =k·(n·x n−1)
–regla de la suma/resta:
f(x) =x
g(x) =x
(f(x)±g(x)) ′ =f ′(x)±g ′(x)
–regla del producto:
f(x) =x
g(x) =x
(f(x)·g(x)) ′ =f ′(x)·g(x) +f(x)·g ′(x)
–regla de la cadena:
f(x) =x
g(x) =x",,"{""semana"": 4, ""fecha"": ""2026-03-12"", ""nombre_archivo"": ""4_SEMANA_AI_20260312_1.pdf"", ""autor"": ""Fernando Sánchez Hidalgo"", ""tema_principal"": ""I. REPASO DE LA CLASE ANTERIOR"", ""secciones"": ""I. REPASO DE LA CLASE ANTERIOR, II. ITERACIONES DE ENTRENAMIENTO, III. DESCENDENCIA DE GRADIENTE POR BATCHES, C. Mini-Batch Gradient Descent, IV. POTENCIALES PROBLEMAS EN MODELOS DE"", ""chunk_numero"": 3, ""total_chunks"": 10}"
"(f(x)±g(x)) ′ =f ′(x)±g ′(x)
–regla del producto:
f(x) =x
g(x) =x
(f(x)·g(x)) ′ =f ′(x)·g(x) +f(x)·g ′(x)
–regla de la cadena:
f(x) =x
g(x) =x
(f(g(x))) ′ =f ′(g(x))·g ′(x)
•derivadas parciales de loss function
∂w = 1
2((w·x i +b)−y i)−x i
∂b = 1
2((w·x i +b)−y i)
ii. iteraciones de entrenamiento
a. epoch
epoch o ´epoca es un hiperparametro que representa una
iteración de entrenamiento y optimizaci ón de par ámetros. la
cantidad definidas de épocas depende del modelo y datos a
utilizar.
idealmente, a medida que se realizan m ás épocas, la pérdida
decrementa.
[pagina 2]
b. batch
el batch es un subconjunto (lote) de todos los datos del
dataset, esto es utilizado cuando la cantidad de datos es mucha
para procesar todos al mismo tiempo o cuando se realizan",,"{""semana"": 4, ""fecha"": ""2026-03-12"", ""nombre_archivo"": ""4_SEMANA_AI_20260312_1.pdf"", ""autor"": ""Fernando Sánchez Hidalgo"", ""tema_principal"": ""I. REPASO DE LA CLASE ANTERIOR"", ""secciones"": ""I. REPASO DE LA CLASE ANTERIOR, II. ITERACIONES DE ENTRENAMIENTO, III. DESCENDENCIA DE GRADIENTE POR BATCHES, C. Mini-Batch Gradient Descent, IV. POTENCIALES PROBLEMAS EN MODELOS DE"", ""chunk_numero"": 4, ""total_chunks"": 10}"
"dataset, esto es utilizado cuando la cantidad de datos es mucha
para procesar todos al mismo tiempo o cuando se realizan
calculos sobre formatos pesados (ej: im ágenes o videos). el
hiperparámetro del batch representa cuantos samples de los
datos se van a tomar en un batch.
ej: si tenemos 10 000 samples, podemos definir un batch de
1000, esto significa que la procesar 10 batches, se completa
un epoch.
iii. descendencia de gradiente por batches
fuente: geeksforgeeks
a. batch gradient descent
este proceso calcula el error por cada sample que se realiza
en el training, pero ajusta y optimiza el modelo unicamente
cuando termina el epoch.
+ m ás estable que otros m étodos
- requiere todo el dataset en memoria (poco útil en datasets
grandes)
- convergencia lenta
b. stochastic gradient descent",,"{""semana"": 4, ""fecha"": ""2026-03-12"", ""nombre_archivo"": ""4_SEMANA_AI_20260312_1.pdf"", ""autor"": ""Fernando Sánchez Hidalgo"", ""tema_principal"": ""I. REPASO DE LA CLASE ANTERIOR"", ""secciones"": ""I. REPASO DE LA CLASE ANTERIOR, II. ITERACIONES DE ENTRENAMIENTO, III. DESCENDENCIA DE GRADIENTE POR BATCHES, C. Mini-Batch Gradient Descent, IV. POTENCIALES PROBLEMAS EN MODELOS DE"", ""chunk_numero"": 5, ""total_chunks"": 10}"
"- requiere todo el dataset en memoria (poco útil en datasets
grandes)
- convergencia lenta
b. stochastic gradient descent
calcula, ajusta y optimiza el modelo por cada sample que
se calcula.
+ convergencia r ápida
+ no requiere todo el dataset en memoria
- gradiente inestable, cambios bruscos en el modelo
- ineficiente, se realizan muchas operaciones por sample
c. mini-batch gradient descent
optimiza el modelo al finalizar el batch de datos
+ evita m ´ınimos locales
- computacionalmente eficiente
- requiere hiperpar ámetro del tama ño de batch
iv. potenciales problemas en modelos de
regresi ´on
a. no linealidad de los datos
fuente: geeksforgeeks
siempre partimos del supuesto que el modelo es lineal, pero
existen casos donde los datos no se pueden ajustar con un",,"{""semana"": 4, ""fecha"": ""2026-03-12"", ""nombre_archivo"": ""4_SEMANA_AI_20260312_1.pdf"", ""autor"": ""Fernando Sánchez Hidalgo"", ""tema_principal"": ""I. REPASO DE LA CLASE ANTERIOR"", ""secciones"": ""I. REPASO DE LA CLASE ANTERIOR, II. ITERACIONES DE ENTRENAMIENTO, III. DESCENDENCIA DE GRADIENTE POR BATCHES, C. Mini-Batch Gradient Descent, IV. POTENCIALES PROBLEMAS EN MODELOS DE"", ""chunk_numero"": 6, ""total_chunks"": 10}"
"fuente: geeksforgeeks
siempre partimos del supuesto que el modelo es lineal, pero
existen casos donde los datos no se pueden ajustar con un
modelo lineal, en estos casos, los errores sistem áticos por
sample son muy grandes. existen casos donde es posible
agregar nuevos features al modelo para mejorar el ajuste.
solución: aumentar el grado de los polinomios del modelo
modelo inicial:m 1 =β 0 +β 1 ·hp+ϵ
modelo arreglado:m 2 =β 0 +β 1 ·hp+β 2 ·hp 2 +ϵ
b. outliers
los datos outliers, son datos at ´ıpicos que no se comportan
como el resto del dataset, estos modifican la funci ón de ajuste
incorrectamente.
fuente: geeksforgeeks
soluciones:
1) standardized residual: se busca escalar el residuo sobre
una desviaci ón est ándar global.
ei =y i −ˆyi (4)
(ei)2 (5)
n−p (6)
zi = ei
ˆσ (7)
donde:",,"{""semana"": 4, ""fecha"": ""2026-03-12"", ""nombre_archivo"": ""4_SEMANA_AI_20260312_1.pdf"", ""autor"": ""Fernando Sánchez Hidalgo"", ""tema_principal"": ""I. REPASO DE LA CLASE ANTERIOR"", ""secciones"": ""I. REPASO DE LA CLASE ANTERIOR, II. ITERACIONES DE ENTRENAMIENTO, III. DESCENDENCIA DE GRADIENTE POR BATCHES, C. Mini-Batch Gradient Descent, IV. POTENCIALES PROBLEMAS EN MODELOS DE"", ""chunk_numero"": 7, ""total_chunks"": 10}"
"una desviaci ón est ándar global.
ei =y i −ˆyi (4)
(ei)2 (5)
n−p (6)
zi = ei
ˆσ (7)
donde:
yi = resultado estimado
ˆyi = label del resultado
n = total de observaciones
p = n úmeros de par ámetros estimados
|zi|>2→posible outlier
|zi|>3→muy probable outlier
[pagina 3]
2) regla de rango intercuartilico
iqr=q 3 −q 1 (8)
[q1 −1.5·iqr, q 3 + 1.5·iqr](9)
donde:
valores< q1 −1.5·iqrson outliers inferiores
valores> q3 + 1.5·iqrson outliers superiores
3) winsorization: reemplazar valores extremos por el valor
en el percentil.
valores<5%→reemplazar por valor en percentil 5%
valores>95%→reemplazar por valor en percentil 95%
percentil 5% = $500
percentil 95% = $15 000
los valores menores a $500 se reemplazan por $500,
valores mayores a $15 000, son reemplazados por $15
c. colinealidad",,"{""semana"": 4, ""fecha"": ""2026-03-12"", ""nombre_archivo"": ""4_SEMANA_AI_20260312_1.pdf"", ""autor"": ""Fernando Sánchez Hidalgo"", ""tema_principal"": ""I. REPASO DE LA CLASE ANTERIOR"", ""secciones"": ""I. REPASO DE LA CLASE ANTERIOR, II. ITERACIONES DE ENTRENAMIENTO, III. DESCENDENCIA DE GRADIENTE POR BATCHES, C. Mini-Batch Gradient Descent, IV. POTENCIALES PROBLEMAS EN MODELOS DE"", ""chunk_numero"": 8, ""total_chunks"": 10}"
"percentil 95% = $15 000
los valores menores a $500 se reemplazan por $500,
valores mayores a $15 000, son reemplazados por $15
c. colinealidad
la colinealidad es un caso donde dos o m ás variables
independientes estan altamente relacionadas, esto causa redun-
dancia y dificulta visualizar como cada una de estas afecta el
resultado final.
formas de identificar colinealidad:
1) variance inflation factor: demuestra cuanto la varianza
de un coeficiente de regresi ón incrementa por la cor-
relación con otras variables independientes
v ifi = 1
1 =r2 (10)
donder 2 es la proporci ón de varianza total de una
variable
2) gr áfico de dispersi ón por pares: realizar un gr áfico de
comparación entre las variables para identificar patrones
de linealidad entre ellos
soluciones:",,"{""semana"": 4, ""fecha"": ""2026-03-12"", ""nombre_archivo"": ""4_SEMANA_AI_20260312_1.pdf"", ""autor"": ""Fernando Sánchez Hidalgo"", ""tema_principal"": ""I. REPASO DE LA CLASE ANTERIOR"", ""secciones"": ""I. REPASO DE LA CLASE ANTERIOR, II. ITERACIONES DE ENTRENAMIENTO, III. DESCENDENCIA DE GRADIENTE POR BATCHES, C. Mini-Batch Gradient Descent, IV. POTENCIALES PROBLEMAS EN MODELOS DE"", ""chunk_numero"": 9, ""total_chunks"": 10}"
"comparación entre las variables para identificar patrones
de linealidad entre ellos
soluciones:
1) eliminar variables redundantes
2) combinar variables en un solo feature
3) regresiones de ridge o lass
4) utilizar m ás features y/o recolectar m ás datos
fuente: geeksforgeeks",,"{""semana"": 4, ""fecha"": ""2026-03-12"", ""nombre_archivo"": ""4_SEMANA_AI_20260312_1.pdf"", ""autor"": ""Fernando Sánchez Hidalgo"", ""tema_principal"": ""I. REPASO DE LA CLASE ANTERIOR"", ""secciones"": ""I. REPASO DE LA CLASE ANTERIOR, II. ITERACIONES DE ENTRENAMIENTO, III. DESCENDENCIA DE GRADIENTE POR BATCHES, C. Mini-Batch Gradient Descent, IV. POTENCIALES PROBLEMAS EN MODELOS DE"", ""chunk_numero"": 10, ""total_chunks"": 10}"
"[pagina 1]
apuntes semana 4 [jueves]
curso: ic6200 inteligencia artificial
clase del 12 de marzo de 2026
jose david chaves mena - 2024072126
tecnologico de costa rica
escuela de ingenierıa en computacion
profesor: steven pacheco portuguez
fecha: 12 de marzo de 2026
abstract
en este documento se presentan los conceptos fundamentales vistos en la semana 04, incluyendo un repaso de limitaciones del algoritmo
k-nearest neighbors (knn), introducci ón al aprendizaje estad ´ıstico, regresi ón lineal, funciones de costo y m étodos de optimizaci ón
como el descenso del gradiente. adem ás, se abordan problemas comunes como la no linealidad y la presencia de valores at ´ıpicos
(outliers), junto con sus posibles soluciones.
1. introducci ón (noticias y repaso)",,"{""semana"": 4, ""fecha"": ""2026-03-12"", ""nombre_archivo"": ""4_SEMANA_AI_20260312_2.pdf"", ""autor"": ""Jose David Chaves Mena"", ""tema_principal"": ""C. Mini-Batch Gradient Descent:ElMini-Batch Gradi-"", ""secciones"": ""C. Mini-Batch Gradient Descent:ElMini-Batch Gradi-, 1. Introducci ´on (noticias y repaso), 2. Epochs, 3. Batch (lotes), 4. Problemas Comunes"", ""chunk_numero"": 1, ""total_chunks"": 12}"
"(outliers), junto con sus posibles soluciones.
1. introducci ón (noticias y repaso)
durante esta semana se discutieron avances recientes en in-
teligencia artificial, incluyendo incrementos en los costos
de herramientas como github copilot y modelos avanza-
dos. posteriormente, se realiz ó un repaso del algoritmo
knn y se introdujeron modelos estad´ısticos como alterna-
tiva más robusta.
1.1. limitaciones de knn
el algoritmo k-nearest neighbors (knn), aunque sencillo
de implementar, presenta varias limitaciones:
• dificultad para seleccionar un valor adecuado dek
• ineficiencia en grandes vol úmenes de datos
• no es un modelo de aprendizaje activo
nota.: knn es considerado un modelo delazy learning,
ya que no requiere una fase expl´ıcita de entrenamiento, sino",,"{""semana"": 4, ""fecha"": ""2026-03-12"", ""nombre_archivo"": ""4_SEMANA_AI_20260312_2.pdf"", ""autor"": ""Jose David Chaves Mena"", ""tema_principal"": ""C. Mini-Batch Gradient Descent:ElMini-Batch Gradi-"", ""secciones"": ""C. Mini-Batch Gradient Descent:ElMini-Batch Gradi-, 1. Introducci ´on (noticias y repaso), 2. Epochs, 3. Batch (lotes), 4. Problemas Comunes"", ""chunk_numero"": 2, ""total_chunks"": 12}"
"nota.: knn es considerado un modelo delazy learning,
ya que no requiere una fase expl´ıcita de entrenamiento, sino
que compara directamente los datos.
1.2. modelos estad ´ıstico
los modelos estad ´ısticos buscan ajustar par ámetros para
representar relaciones entre variables, estos suelen estar de-
scritos por.:
y=f(x) +ε(1)
donde:
•x: variables de entrada
•y: variable de salida
•f(x): parte sist émica del fen ómeno (corresponde al
patrón encontrado que el modelo puede explicar).
•ε: error o variabilidad no explicada (diferencia entre
el valor esperado y el valor real).
1.3. regresi ón lineal
busca asociar y predecir los valores de cualquiery i dado
un valor dex i.
regresión lineal
figure 1: datos de entrenamiento y l´ınea de regresión",,"{""semana"": 4, ""fecha"": ""2026-03-12"", ""nombre_archivo"": ""4_SEMANA_AI_20260312_2.pdf"", ""autor"": ""Jose David Chaves Mena"", ""tema_principal"": ""C. Mini-Batch Gradient Descent:ElMini-Batch Gradi-"", ""secciones"": ""C. Mini-Batch Gradient Descent:ElMini-Batch Gradi-, 1. Introducci ´on (noticias y repaso), 2. Epochs, 3. Batch (lotes), 4. Problemas Comunes"", ""chunk_numero"": 3, ""total_chunks"": 12}"
"busca asociar y predecir los valores de cualquiery i dado
un valor dex i.
regresión lineal
figure 1: datos de entrenamiento y l´ınea de regresión
en este caso, se puede decir quey i es una variable depen-
diente yx i la variable independiente.
dado un problema que se pueda representar linealmente, se
busca construir el siguiente modelo.:
fw,b(x) =w·x+b(2)
donde:
•x: vector d-dimensional de entrada
•w: vector d-dimensional de pesos
•b: bias (es un numero real)
recordar.: el producto punto se define como:
[pagina 2]
wixi (3)
a partir de esto, se busca encontrar los valoresóptimos para
los par ámetroswybque permitan que la funci ón retorne
las predicciones más acertadas.
1.4. funci ón de costo
permite cuantificar qu é tan bien o mal se ajusta nuestro",,"{""semana"": 4, ""fecha"": ""2026-03-12"", ""nombre_archivo"": ""4_SEMANA_AI_20260312_2.pdf"", ""autor"": ""Jose David Chaves Mena"", ""tema_principal"": ""C. Mini-Batch Gradient Descent:ElMini-Batch Gradi-"", ""secciones"": ""C. Mini-Batch Gradient Descent:ElMini-Batch Gradi-, 1. Introducci ´on (noticias y repaso), 2. Epochs, 3. Batch (lotes), 4. Problemas Comunes"", ""chunk_numero"": 4, ""total_chunks"": 12}"
"las predicciones más acertadas.
1.4. funci ón de costo
permite cuantificar qu é tan bien o mal se ajusta nuestro
modelo a los datos de entrenamiento. para evaluar el mod-
elo se utiliza la función de pérdida.:
(fw,b(xi)−y i)2 (4)
el objetivo es minimizar esta funci ón ajustando los
parámetroswyb.
1.5. descenso del gradiente
el descenso del gradiente es un m étodo iterativo para min-
imizar la función de costo.
para acercarnos al m ´ınimo, nos movemos en la direcci ón
en la que decrece el gradiente negativo, con un paso que
usualmente es denominadoα, el cual es un hiperpar ámetro
(learning rate).
derivadas parciales de la función de pérdida
∂w = 1
(w·x i +b)−y i
∂b = 1
(w·x i +b)−y i
actualización de los parámetros
w=w−α ∂l
b=b−α ∂l
donde.:αes la tasa de aprendizaje.",,"{""semana"": 4, ""fecha"": ""2026-03-12"", ""nombre_archivo"": ""4_SEMANA_AI_20260312_2.pdf"", ""autor"": ""Jose David Chaves Mena"", ""tema_principal"": ""C. Mini-Batch Gradient Descent:ElMini-Batch Gradi-"", ""secciones"": ""C. Mini-Batch Gradient Descent:ElMini-Batch Gradi-, 1. Introducci ´on (noticias y repaso), 2. Epochs, 3. Batch (lotes), 4. Problemas Comunes"", ""chunk_numero"": 5, ""total_chunks"": 12}"
"∂w = 1
(w·x i +b)−y i
∂b = 1
(w·x i +b)−y i
actualización de los parámetros
w=w−α ∂l
b=b−α ∂l
donde.:αes la tasa de aprendizaje.
1.6. ejemplo de descenso del gradiente
−2 −1 0 1 2
descenso del gradiente
figure 2: convergencia hacia el m´ınimo
2. epochs
epoch:es un hiperpar ámetro que representa una iteraci ón
completa a trav és de todo el conjunto de datos de entre-
namiento. su objetivo es disminuir el error (loss) a trav és
de cada iteración.
epochs
disminución del error
figure 3: disminuci ón del error con las epochs
idealmente, a medida que se realizan m ás epochs, el error
disminuye. sin embargo, usualmente existe un l ´ımite en la
efectividad de cada iteración, por lo cual llega un punto en
el que no se considera positivo seguir iterando.
[pagina 3]
3. batch (lotes)",,"{""semana"": 4, ""fecha"": ""2026-03-12"", ""nombre_archivo"": ""4_SEMANA_AI_20260312_2.pdf"", ""autor"": ""Jose David Chaves Mena"", ""tema_principal"": ""C. Mini-Batch Gradient Descent:ElMini-Batch Gradi-"", ""secciones"": ""C. Mini-Batch Gradient Descent:ElMini-Batch Gradi-, 1. Introducci ´on (noticias y repaso), 2. Epochs, 3. Batch (lotes), 4. Problemas Comunes"", ""chunk_numero"": 6, ""total_chunks"": 12}"
"efectividad de cada iteración, por lo cual llega un punto en
el que no se considera positivo seguir iterando.
[pagina 3]
3. batch (lotes)
esto suele utilizarse cuando la cantidad de datos es muy
grande para procesar todos al mismo tiempo, o cuando se
realizan cálculos sobre formatos pesados, como imágenes.
dentro del gradiente del batch suelen darse las siguientes
situaciones.:
3.1. tipos de gradient descent
a. batch gradient descent:este m étodo calcula el er-
ror utilizando todo el conjunto de datos y actualiza los
parámetros únicamente al finalizar cadaepoch. es m ás
estable al representar mejor el gradiente global, pero re-
quiere cargar todo el dataset en memoria y su convergencia
es lenta en conjuntos de datos grandes.
b. stochastic gradient descent:elstochastic gradient",,"{""semana"": 4, ""fecha"": ""2026-03-12"", ""nombre_archivo"": ""4_SEMANA_AI_20260312_2.pdf"", ""autor"": ""Jose David Chaves Mena"", ""tema_principal"": ""C. Mini-Batch Gradient Descent:ElMini-Batch Gradi-"", ""secciones"": ""C. Mini-Batch Gradient Descent:ElMini-Batch Gradi-, 1. Introducci ´on (noticias y repaso), 2. Epochs, 3. Batch (lotes), 4. Problemas Comunes"", ""chunk_numero"": 7, ""total_chunks"": 12}"
"es lenta en conjuntos de datos grandes.
b. stochastic gradient descent:elstochastic gradient
descentactualiza los par ámetros despu és de evaluar cada
muestra individual. esto permite una convergencia m ás
rápida y reduce el uso de memoria, aunque introduce in-
estabilidad debido a la alta variabilidad del gradiente y
puede generar cambios bruscos en el modelo.
c. mini-batch gradient descent:elmini-batch gradi-
ent descentactualiza el modelo utilizando peque ños sub-
conjuntos de datos. ofrece un equilibrio entre estabilidad
y eficiencia computacional, reduciendo la variabilidad del
gradiente, aunque requiere definir el tamaño del batch como
hiperparámetro.
4. problemas comunes
4.1. no linealidad
la no linealidad ocurre cuando la relaci ón que existe entre",,"{""semana"": 4, ""fecha"": ""2026-03-12"", ""nombre_archivo"": ""4_SEMANA_AI_20260312_2.pdf"", ""autor"": ""Jose David Chaves Mena"", ""tema_principal"": ""C. Mini-Batch Gradient Descent:ElMini-Batch Gradi-"", ""secciones"": ""C. Mini-Batch Gradient Descent:ElMini-Batch Gradi-, 1. Introducci ´on (noticias y repaso), 2. Epochs, 3. Batch (lotes), 4. Problemas Comunes"", ""chunk_numero"": 8, ""total_chunks"": 12}"
"hiperparámetro.
4. problemas comunes
4.1. no linealidad
la no linealidad ocurre cuando la relaci ón que existe entre
las variables de un conjunto de datos no es lineal.
hasta ahora, uno de los supuestos principales en regresi ón
lineal ha sido que existe linealidad entre las variables pre-
dictoras y la variable de respuesta. sin embargo, no siempre
es el caso, y un ajuste lineal simple puede resultar insufi-
ciente para capturar la tendencia real de los datos.
soluciones propuestas.:para manejar este problema, se
puede extender el modelo lineal incorporando transforma-
ciones polinómicas y agregando nuevas caracter´ısticas (fea-
tures) que mejoren la linealidad del problema.
modelo inicial:
m1 =β 0 +β 1 ·h
modelo extendido:
m2 =β 0 +β 1 ·h+β 2 ·h 2",,"{""semana"": 4, ""fecha"": ""2026-03-12"", ""nombre_archivo"": ""4_SEMANA_AI_20260312_2.pdf"", ""autor"": ""Jose David Chaves Mena"", ""tema_principal"": ""C. Mini-Batch Gradient Descent:ElMini-Batch Gradi-"", ""secciones"": ""C. Mini-Batch Gradient Descent:ElMini-Batch Gradi-, 1. Introducci ´on (noticias y repaso), 2. Epochs, 3. Batch (lotes), 4. Problemas Comunes"", ""chunk_numero"": 9, ""total_chunks"": 12}"
"tures) que mejoren la linealidad del problema.
modelo inicial:
m1 =β 0 +β 1 ·h
modelo extendido:
m2 =β 0 +β 1 ·h+β 2 ·h 2
en este caso,h 2 se convierte en un nuevofeature. este
proceso se conoce comofeature engineering, que consiste
básicamente en introducir nuevas caracter´ısticas al modelo
para mejorar su capacidad de ajuste y reducir el error.
4.2. outliers
los datos sobresalientes ooutliersson datos que se com-
portan de manera at ´ıpica en comparaci ón con el resto del
conjunto de datos.
outliers
figure 4: presencia de valores at´ıpicos
[pagina 4]
el problema de los outliers es que pueden influir despro-
porcionadamente en la pendiente de la recta de regresi ón y
en la estimación de los parámetros del modelo. para mane-
jarlos, existen varias soluciones:",,"{""semana"": 4, ""fecha"": ""2026-03-12"", ""nombre_archivo"": ""4_SEMANA_AI_20260312_2.pdf"", ""autor"": ""Jose David Chaves Mena"", ""tema_principal"": ""C. Mini-Batch Gradient Descent:ElMini-Batch Gradi-"", ""secciones"": ""C. Mini-Batch Gradient Descent:ElMini-Batch Gradi-, 1. Introducci ´on (noticias y repaso), 2. Epochs, 3. Batch (lotes), 4. Problemas Comunes"", ""chunk_numero"": 10, ""total_chunks"": 12}"
"en la estimación de los parámetros del modelo. para mane-
jarlos, existen varias soluciones:
•residuos estandarizados (standardized residuals)
–permite poner todos los residuos en la misma es-
cala para poder compararlos.
–f órmula:
zi = ei
ˆσ,ˆσ=
–donde:
* n= total de observaciones
* ei =y i −ˆyi = residuo de la observacióni
* p= n úmero de parámetros estimados
–aplicaci ón práctica:
* |zi|>2→posible outlier
* |zi|>3→muy probable outlier (se re-
comienda excluir o analizar cuidadosamente)
•rango intercuart ´ılico (interquartile range, iqr)
–mide la dispersi ón de los datos centrales.
–f órmula del rango intercuart´ılico:
iqr=q 3 −q 1
–regla para identificar outliers:
[q1 −1.5·iqr, q 3 + 1.5·iqr]
–interpretaci ón:
* valores< q1 −1.5·iqr→outliers inferi-",,"{""semana"": 4, ""fecha"": ""2026-03-12"", ""nombre_archivo"": ""4_SEMANA_AI_20260312_2.pdf"", ""autor"": ""Jose David Chaves Mena"", ""tema_principal"": ""C. Mini-Batch Gradient Descent:ElMini-Batch Gradi-"", ""secciones"": ""C. Mini-Batch Gradient Descent:ElMini-Batch Gradi-, 1. Introducci ´on (noticias y repaso), 2. Epochs, 3. Batch (lotes), 4. Problemas Comunes"", ""chunk_numero"": 11, ""total_chunks"": 12}"
"iqr=q 3 −q 1
–regla para identificar outliers:
[q1 −1.5·iqr, q 3 + 1.5·iqr]
–interpretaci ón:
* valores< q1 −1.5·iqr→outliers inferi-
* valores> q3 + 1.5·iqr→outliers supe-
riores
•winsorizaci ón (winsorization)
–no elimina los valores extremos, sino que los
reemplaza por los percentiles l´ımite.
–procedimiento:
1. elegir los percentiles de corte inferior y supe-
rior.
2. los valores menores al percentil inferior se
redondean a ese valor; los valores mayores
al percentil superior se redondean de manera
análoga.
–ventajas:
* conserva el tamaño de la muestra.
* reduce la influencia de valores extremos en
el modelo.",,"{""semana"": 4, ""fecha"": ""2026-03-12"", ""nombre_archivo"": ""4_SEMANA_AI_20260312_2.pdf"", ""autor"": ""Jose David Chaves Mena"", ""tema_principal"": ""C. Mini-Batch Gradient Descent:ElMini-Batch Gradi-"", ""secciones"": ""C. Mini-Batch Gradient Descent:ElMini-Batch Gradi-, 1. Introducci ´on (noticias y repaso), 2. Epochs, 3. Batch (lotes), 4. Problemas Comunes"", ""chunk_numero"": 12, ""total_chunks"": 12}"
"[pagina 1]
semana 5
kendell garbanzo calvo — 2022123716
instituto tecnológico de costa rica
ic-6200 inteligencia artificial
apuntes 17 de marzo, 2026
i. repaso de la clase anterior
i-a. regresi ón lineal
la regresión lineal modela la relaci ón entre las variables de
entrada y la variable objetivo mediante la expresi ón:
ˆy=wx+b(1)
dondewson los pesos ybel sesgo (bias). ambos par ámetros
se actualizan durante el entrenamiento mediante algoritmos de
optimización basados en gradiente.
i-b. m étodos de descenso de gradiente
i-b1. batch gradient descent (bgd):calcula el gradien-
te usandotodo el conjunto de datosantes de actualizar los
parámetros. su convergencia es estable ya que el gradiente
estimado es preciso; sin embargo, puede estabilizarse cerca",,"{""semana"": 5, ""fecha"": ""2026-03-17"", ""nombre_archivo"": ""5_SEMANA_AI_20260317_1.pdf"", ""autor"": ""Kendell Garbanzo Calvo"", ""tema_principal"": ""I. REPASO DE LA CLASE ANTERIOR"", ""secciones"": ""I. REPASO DE LA CLASE ANTERIOR, II. SESGO YVARIANZA, III. TRAININGSET, IV. TESTINGSET, V. VALIDATIONSET"", ""chunk_numero"": 1, ""total_chunks"": 15}"
"parámetros. su convergencia es estable ya que el gradiente
estimado es preciso; sin embargo, puede estabilizarse cerca
del óptimo en lugar de alcanzarlo exactamente. sus principales
limitaciones son:
requiere cargar el dataset completo en memoria.
converge lentamente con datasets de gran tama ño.
i-b2. stochastic gradient descent (sgd):actualiza los
pesosdespu és de cada muestradel conjunto de entrena-
miento. si bien responde r ápidamente a cada observaci ón,
su varianza alta genera trayectorias ruidosas. adem ás, resulta
computacionalmente costoso para modelos de gran escala,
dado el volumen de actualizaciones que se realizan.
i-b3. mini-batch gradient descent:representa una com-
binación entre bgd y sgd: divide el dataset enlotes(batches)",,"{""semana"": 5, ""fecha"": ""2026-03-17"", ""nombre_archivo"": ""5_SEMANA_AI_20260317_1.pdf"", ""autor"": ""Kendell Garbanzo Calvo"", ""tema_principal"": ""I. REPASO DE LA CLASE ANTERIOR"", ""secciones"": ""I. REPASO DE LA CLASE ANTERIOR, II. SESGO YVARIANZA, III. TRAININGSET, IV. TESTINGSET, V. VALIDATIONSET"", ""chunk_numero"": 2, ""total_chunks"": 15}"
"i-b3. mini-batch gradient descent:representa una com-
binación entre bgd y sgd: divide el dataset enlotes(batches)
de tama ño fijo, calcula el error sobre cada lote y actualiza los
parámetros antes de pasar al siguiente. sus ventajas son:
evita m´ınimos locales con mayor robustez que bgd.
más eficiente computacionalmente que sgd puro.
su costo adicional es la necesidad de definir eltama ño del
batchcomo hiperpar ámetro extra.
i-c. problemas comunes en regresi ón lineal
i-c1. no linealidad en la relaci ón predictor–respuesta:
la regresi ón lineal asume que la relaci ón entre losfeatures
xy la etiquetayes lineal. cuando esto no se cumple, se
aplicaingenier ´ıa de caracter ´ısticas(feature engineering): se
generan transformaciones polin ómicas del predictor original:",,"{""semana"": 5, ""fecha"": ""2026-03-17"", ""nombre_archivo"": ""5_SEMANA_AI_20260317_1.pdf"", ""autor"": ""Kendell Garbanzo Calvo"", ""tema_principal"": ""I. REPASO DE LA CLASE ANTERIOR"", ""secciones"": ""I. REPASO DE LA CLASE ANTERIOR, II. SESGO YVARIANZA, III. TRAININGSET, IV. TESTINGSET, V. VALIDATIONSET"", ""chunk_numero"": 3, ""total_chunks"": 15}"
"aplicaingenier ´ıa de caracter ´ısticas(feature engineering): se
generan transformaciones polin ómicas del predictor original:
x, x2, x3, . . . , xd (2)
permitiendo capturar relaciones no lineales sin abandonar el
marco lineal en los par ámetros.
figura 1. comparaci ón de residuos con predictor lineal (izquierda) vs.
predictor al cuadrado (derecha).
como ejemplo ilustrativo, al modelar elconsumo de ga-
solinaen funci ón de la potencia del motor, la comparaci ón
entre un modelo de grado 1, grado 2 y grado 5 muestra que el
modelo de grado 2 obtiene el mejor ajuste, evitando tanto el
underfittingdel modelo lineal como eloverfittingdel modelo
de grado 5.
horsepower
miles per gallon
linear
degree 2
degree 5
figura 2. comparaci ón de modelos de grado 1, 2 y 5 para el consumo de",,"{""semana"": 5, ""fecha"": ""2026-03-17"", ""nombre_archivo"": ""5_SEMANA_AI_20260317_1.pdf"", ""autor"": ""Kendell Garbanzo Calvo"", ""tema_principal"": ""I. REPASO DE LA CLASE ANTERIOR"", ""secciones"": ""I. REPASO DE LA CLASE ANTERIOR, II. SESGO YVARIANZA, III. TRAININGSET, IV. TESTINGSET, V. VALIDATIONSET"", ""chunk_numero"": 4, ""total_chunks"": 15}"
"de grado 5.
horsepower
miles per gallon
linear
degree 2
degree 5
figura 2. comparaci ón de modelos de grado 1, 2 y 5 para el consumo de
gasolina en funci ón de la potencia del motor.
i-c2. datos at ´ıpicos (outliers):los outliers son observa-
ciones con errores inusualmente grandes. al calcular el pro-
medio del error, estos datos reducen artificialmente la m étrica
sobre ellos mismos pero aumentan el error sobre el resto del
dataset. se tienen las siguientes t écnicas de tratamiento:
i-c2a. residuales estandarizados:los residuos crudos
ei =y i −ˆyi se normalizan respecto a la desviaci ón est ándar
del error:
zi = ei
ˆσ,ˆσ=
n−p (3)
dondenes el n úmero total de observaciones ypel n úmero
de parámetros estimados en el modelo. se considera outlier si
|zi|>2o|z i|>3.
[pagina 2]",,"{""semana"": 5, ""fecha"": ""2026-03-17"", ""nombre_archivo"": ""5_SEMANA_AI_20260317_1.pdf"", ""autor"": ""Kendell Garbanzo Calvo"", ""tema_principal"": ""I. REPASO DE LA CLASE ANTERIOR"", ""secciones"": ""I. REPASO DE LA CLASE ANTERIOR, II. SESGO YVARIANZA, III. TRAININGSET, IV. TESTINGSET, V. VALIDATIONSET"", ""chunk_numero"": 5, ""total_chunks"": 15}"
"dondenes el n úmero total de observaciones ypel n úmero
de parámetros estimados en el modelo. se considera outlier si
|zi|>2o|z i|>3.
[pagina 2]
i-c2b. regla del rango intercuart ´ılico (iqr):se cal-
culan el percentil 25 (q 1) y el percentil 75 (q 3):
iqr =q3 −q 1 (4)
los datos fuera de[q 1−1,5 iqr, q3+1,5 iqr]se consideran
outliers y son eliminados.
i-c2c. winsorizaci ón:en lugar de eliminar los datos
at´ıpicos, sereemplazanpor los valores de los percentiles
l´ımite (t´ıpicamente el 5 % y el 95 %). esto preserva el tama ño
del dataset mientras reduce el impacto de los extremos.
ii. sesgo yvarianza
al trabajar con un conjunto de datos, usualmente no se
entrena el modelo con todos los elementos disponibles. el
dataset se divide en dos fases principales:entrenamientoy",,"{""semana"": 5, ""fecha"": ""2026-03-17"", ""nombre_archivo"": ""5_SEMANA_AI_20260317_1.pdf"", ""autor"": ""Kendell Garbanzo Calvo"", ""tema_principal"": ""I. REPASO DE LA CLASE ANTERIOR"", ""secciones"": ""I. REPASO DE LA CLASE ANTERIOR, II. SESGO YVARIANZA, III. TRAININGSET, IV. TESTINGSET, V. VALIDATIONSET"", ""chunk_numero"": 6, ""total_chunks"": 15}"
"entrena el modelo con todos los elementos disponibles. el
dataset se divide en dos fases principales:entrenamientoy
prueba(testing), con una partici ón t´ıpica de 80 %–20 %. en
el conjunto de testing se reservan datos que el modelo no ha
visto, permitiendo evaluar su comportamiento real.
un modelo es considerado bueno cuando produce buenos
resultados sobre el set de evaluaci ón. los posibles escenarios
buen desempe ño en entrenamiento, mal desempe ño en
testing.
mal desempe ño en entrenamiento y tambi én en testing.
mal desempe ño en entrenamiento, buen desempe ño en
testing (poco probable).
iii. trainingset
el training set se utiliza para ajustar los par ámetros del
modelo, permiti éndole encontrar patrones en los datos. una
vez entrenado, el modelo deber ´ıa ser capaz de predecir co-",,"{""semana"": 5, ""fecha"": ""2026-03-17"", ""nombre_archivo"": ""5_SEMANA_AI_20260317_1.pdf"", ""autor"": ""Kendell Garbanzo Calvo"", ""tema_principal"": ""I. REPASO DE LA CLASE ANTERIOR"", ""secciones"": ""I. REPASO DE LA CLASE ANTERIOR, II. SESGO YVARIANZA, III. TRAININGSET, IV. TESTINGSET, V. VALIDATIONSET"", ""chunk_numero"": 7, ""total_chunks"": 15}"
"modelo, permiti éndole encontrar patrones en los datos. una
vez entrenado, el modelo deber ´ıa ser capaz de predecir co-
rrectamente resultados con datos nuevos.
se debe evitar eloverfitting, que ocurre cuando el modelo
se ajusta en exceso a los datos de entrenamiento, aprendiendo
no solo el patr ón subyacente sino tambi én elruido(varia-
ciones aleatorias e irregularidades propias del conjunto de
entrenamiento). como consecuencia, el modelo presenta un
rendimiento alto sobre los datos de entrenamiento pero pierde
capacidad degeneralizaci ón, produciendo predicciones poco
confiables ante datos nuevos no vistos durante el entrenamien-
iv. testingset
el testing set se usa exclusivamente paraevaluarel modelo
y nunca para entrenarlo; debe ser independiente del training",,"{""semana"": 5, ""fecha"": ""2026-03-17"", ""nombre_archivo"": ""5_SEMANA_AI_20260317_1.pdf"", ""autor"": ""Kendell Garbanzo Calvo"", ""tema_principal"": ""I. REPASO DE LA CLASE ANTERIOR"", ""secciones"": ""I. REPASO DE LA CLASE ANTERIOR, II. SESGO YVARIANZA, III. TRAININGSET, IV. TESTINGSET, V. VALIDATIONSET"", ""chunk_numero"": 8, ""total_chunks"": 15}"
"iv. testingset
el testing set se usa exclusivamente paraevaluarel modelo
y nunca para entrenarlo; debe ser independiente del training
set. simula la aplicaci ón de un examen al modelo. sobre él se
calculan métricas de rendimiento comoaccuracyyloss, siendo
estas las m étricas relevantes para determinar si un modelo es
viable.
objetivo:crear un modelo que generalice adecuadamente a
todos los escenarios, medido de forma realista con datos que
nunca ha visto, lo que hace posible una comparaci ón objetiva.
iv-a. caso de overfitting
se inicia el entrenamiento del modelo capturando m étricas
del training set: se obtiene buenaccuracyy la funci ón de
lossdisminuye. tras varios d ´ıas de entrenamiento, al ejecutar
el testing set el resultado evidencia overfitting. cabe recalcar",,"{""semana"": 5, ""fecha"": ""2026-03-17"", ""nombre_archivo"": ""5_SEMANA_AI_20260317_1.pdf"", ""autor"": ""Kendell Garbanzo Calvo"", ""tema_principal"": ""I. REPASO DE LA CLASE ANTERIOR"", ""secciones"": ""I. REPASO DE LA CLASE ANTERIOR, II. SESGO YVARIANZA, III. TRAININGSET, IV. TESTINGSET, V. VALIDATIONSET"", ""chunk_numero"": 9, ""total_chunks"": 15}"
"lossdisminuye. tras varios d ´ıas de entrenamiento, al ejecutar
el testing set el resultado evidencia overfitting. cabe recalcar
que el tiempo de entrenamiento podr ´ıa ser considerablemente
mayor, lo que hace esta situaci ón especialmente costosa.
v. validationset
conjunto de datos que sirve para valorar la capacidad de
generalización del modelo con datos nunca vistosdurante
el entrenamiento. los resultados del validation set permiten
tomar decisiones sobre el proceso de entrenamiento y es
esencial para elajuste de hiperpar ámetros.
en cada iteraci ón se ejecuta un mini-examen con datos
del validation set, permitiendo detectar overfitting de forma
temprana. estos datos se obtienen partiendo una porci ón del
training set original.
v-a. t écnicas de subdivisi ón del dataset",,"{""semana"": 5, ""fecha"": ""2026-03-17"", ""nombre_archivo"": ""5_SEMANA_AI_20260317_1.pdf"", ""autor"": ""Kendell Garbanzo Calvo"", ""tema_principal"": ""I. REPASO DE LA CLASE ANTERIOR"", ""secciones"": ""I. REPASO DE LA CLASE ANTERIOR, II. SESGO YVARIANZA, III. TRAININGSET, IV. TESTINGSET, V. VALIDATIONSET"", ""chunk_numero"": 10, ""total_chunks"": 15}"
"temprana. estos datos se obtienen partiendo una porci ón del
training set original.
v-a. t écnicas de subdivisi ón del dataset
v-a1. random sampling:divisi ón completamente alea-
toria del dataset. ´util cuando los datos est án balanceados (ej.
igual cantidad de ejemplos por clase). si los datos no est án
balanceados, algunas clases podr ´ıan quedar subrepresentadas,
afectando la capacidad predictiva del modelo.
v-a2. stratified sampling:usado para datos desbalan-
ceados. asegura representaci ón de todas las clases en cada
subconjunto, manteniendo la misma distribuci ón proporcional.
produce modelos m ás robustos.
v-a3. k-fold cross-validation:se utiliza cuando se dis-
pone de poca data. divide el dataset enkpartes; en cada
iteración se entrena conk−1partes y se valida con la",,"{""semana"": 5, ""fecha"": ""2026-03-17"", ""nombre_archivo"": ""5_SEMANA_AI_20260317_1.pdf"", ""autor"": ""Kendell Garbanzo Calvo"", ""tema_principal"": ""I. REPASO DE LA CLASE ANTERIOR"", ""secciones"": ""I. REPASO DE LA CLASE ANTERIOR, II. SESGO YVARIANZA, III. TRAININGSET, IV. TESTINGSET, V. VALIDATIONSET"", ""chunk_numero"": 11, ""total_chunks"": 15}"
"pone de poca data. divide el dataset enkpartes; en cada
iteración se entrena conk−1partes y se valida con la
parte restante, rotando los subconjuntos hasta cubrir todas las
combinaciones posibles.
vi. posiblesescenarios
vi-a. bajo error en training, bajo error en validation
escenario ideal. el modelo evita el ruido y generaliza
correctamente.
validation
training
epochs
error
figura 3. escenario ideal: bajo error en training y validation.
vi-b. bajo error en training, alto error en validation
overfitting.el modelo no generaliza; presenta alta varianza
entre los resultados de training y validation.
[pagina 3]
validation
training
epochs
error
figura 4. overfitting: el error de validaci ón diverge mientras el de entrena-
miento sigue disminuyendo.",,"{""semana"": 5, ""fecha"": ""2026-03-17"", ""nombre_archivo"": ""5_SEMANA_AI_20260317_1.pdf"", ""autor"": ""Kendell Garbanzo Calvo"", ""tema_principal"": ""I. REPASO DE LA CLASE ANTERIOR"", ""secciones"": ""I. REPASO DE LA CLASE ANTERIOR, II. SESGO YVARIANZA, III. TRAININGSET, IV. TESTINGSET, V. VALIDATIONSET"", ""chunk_numero"": 12, ""total_chunks"": 15}"
"[pagina 3]
validation
training
epochs
error
figura 4. overfitting: el error de validaci ón diverge mientras el de entrena-
miento sigue disminuyendo.
vi-c. alto error en training, alto error en validation
underfitting.el modelo no aprende de los datos; es dema-
siado simple y presenta alto sesgo (bias).
validation
training
epochs
error
figura 5. underfitting: ambas curvas convergen en un valor de error elevado.
vii. bias-variancetradeoff
se busca un modelo conbajo sesgoybaja varianza.
vii-a. alto sesgo (high bias)
indica underfitting: el modelo comete muchos errores en el
training set, asume demasiado sobre los datos, no aprovecha
todos losfeaturesdisponibles y es excesivamente simple. para
reducirlo:
utilizar un modelo m ás complejo.",,"{""semana"": 5, ""fecha"": ""2026-03-17"", ""nombre_archivo"": ""5_SEMANA_AI_20260317_1.pdf"", ""autor"": ""Kendell Garbanzo Calvo"", ""tema_principal"": ""I. REPASO DE LA CLASE ANTERIOR"", ""secciones"": ""I. REPASO DE LA CLASE ANTERIOR, II. SESGO YVARIANZA, III. TRAININGSET, IV. TESTINGSET, V. VALIDATIONSET"", ""chunk_numero"": 13, ""total_chunks"": 15}"
"todos losfeaturesdisponibles y es excesivamente simple. para
reducirlo:
utilizar un modelo m ás complejo.
revisar que los features sean adecuados para el problema.
vii-b. alta varianza (high variance)
indica overfitting: el modelo se ajusta en exceso a los datos
de entrenamiento, es sensible a variaciones y no generaliza.
suele ocurrir con datos de alta dimensionalidad y pocos
ejemplos de entrenamiento. para reducirla:
usar un modelo m ás simple.
reducir la dimensionalidad o la cantidad de features.
obtener m ás ejemplos de entrenamiento (no siempre
posible).
aplicar t écnicas deregularizaci ón.
viii. tarea
la tarea asignada consiste en implementar un modelo de
regresión lineal desde cero usando únicamente numpy y
pandas, aplicado al datasetstudent performance prediction",,"{""semana"": 5, ""fecha"": ""2026-03-17"", ""nombre_archivo"": ""5_SEMANA_AI_20260317_1.pdf"", ""autor"": ""Kendell Garbanzo Calvo"", ""tema_principal"": ""I. REPASO DE LA CLASE ANTERIOR"", ""secciones"": ""I. REPASO DE LA CLASE ANTERIOR, II. SESGO YVARIANZA, III. TRAININGSET, IV. TESTINGSET, V. VALIDATIONSET"", ""chunk_numero"": 14, ""total_chunks"": 15}"
"regresión lineal desde cero usando únicamente numpy y
pandas, aplicado al datasetstudent performance prediction
de kaggle. se deben comparar batch gradient descent y
mini-batch gradient descent en al menos 10 ejecuciones
con distintos hiperpar ámetros, reportando mse y detectando
overfitting. la entrega incluye un informe en l atex formato
ieee y un jupyter notebook, empacados en un.zip.",,"{""semana"": 5, ""fecha"": ""2026-03-17"", ""nombre_archivo"": ""5_SEMANA_AI_20260317_1.pdf"", ""autor"": ""Kendell Garbanzo Calvo"", ""tema_principal"": ""I. REPASO DE LA CLASE ANTERIOR"", ""secciones"": ""I. REPASO DE LA CLASE ANTERIOR, II. SESGO YVARIANZA, III. TRAININGSET, IV. TESTINGSET, V. VALIDATIONSET"", ""chunk_numero"": 15, ""total_chunks"": 15}"
"[pagina 1]
inteligencia artificial semana 5
julian lopez mata - 2022207831
ic-6200 inteligencia artificial
17 de marzo de 2026
i.resumenclasejueves12demarzo
i-a. tipos de gradient descent
i-a1.batch gradient descent:corresponde al enfoqueclásico de la regresión lineal. en estemétodo, se consideran
todos los errores del conjunto de datos y se realiza una optimi-
zación global al final del proceso. presenta una convergencia
estable y un gradiente consistente.
desventajas:
debido a la estabilidad del gradiente, puede converger a
parámetros noóptimos.
requiere que el dataset completo esté cargado en memo-
su desempeño es lento cuando se trabaja con grandes
volúmenes de datos.
i-a2.stochastic gradient descent:estemétodo actualiza
los parámetros del modelo por cada muestra individual, lo que",,"{""semana"": 5, ""fecha"": ""2026-03-17"", ""nombre_archivo"": ""5_SEMANA_AI_20260317_2.pdf"", ""autor"": ""Julian Lopez Mata"", ""tema_principal"": ""Semana 5"", ""secciones"": """", ""chunk_numero"": 1, ""total_chunks"": 10}"
"volúmenes de datos.
i-a2.stochastic gradient descent:estemétodo actualiza
los parámetros del modelo por cada muestra individual, lo que
lo hace especialmenteútil en datasets de gran tamaño.
desventajas:
presenta mayor complejidad computacional.
genera gradientes ruidosos, lo que puede afectar la
estabilidad del entrenamiento.
i-a3.mini batch gradient descent:se trata de un
enfoquehíbrido entre batch y stochastic gradient descent, el
cual permite evitarmínimos locales y mejorar la robustez del
modelo. además, esmás eficiente computacionalmente que el
enfoque estocástico puro.
desventaja:
introduce un hiperparámetro adicional: el tamaño del
batch.
i-b. problemas potenciales con regresión lineal
i-b1.no linealidad de la relación respuesta predictor:",,"{""semana"": 5, ""fecha"": ""2026-03-17"", ""nombre_archivo"": ""5_SEMANA_AI_20260317_2.pdf"", ""autor"": ""Julian Lopez Mata"", ""tema_principal"": ""Semana 5"", ""secciones"": """", ""chunk_numero"": 2, ""total_chunks"": 10}"
"batch.
i-b. problemas potenciales con regresión lineal
i-b1.no linealidad de la relación respuesta predictor:
en la regresión lineal se asume la existencia de una relación
lineal entre las variables predictoras y la variable respuesta.
sin embargo, esta suposición no siempre se cumple.
en estos casos, el modelo lineal no logra capturar ade-
cuadamente la relación entre variables.
se generan errores sistemáticos en los residuos:
ei =y i −ˆyi (1)
dondey i representa el valor real yˆy i la predicción del
modelo.
figura 1. ejemplo de un modelo lineal aplicado a datos cuadráticos.
la solución ante el problema es emplear regresión polinó-
mica, extendiendo el modelo lineal mediante la incorporación
de transformaciones polinómicas del predictor.",,"{""semana"": 5, ""fecha"": ""2026-03-17"", ""nombre_archivo"": ""5_SEMANA_AI_20260317_2.pdf"", ""autor"": ""Julian Lopez Mata"", ""tema_principal"": ""Semana 5"", ""secciones"": """", ""chunk_numero"": 3, ""total_chunks"": 10}"
"mica, extendiendo el modelo lineal mediante la incorporación
de transformaciones polinómicas del predictor.
i-b2.outliers:los outliers son datos atípicos que se
desvían significativamente de la distribución general. estos
pueden afectar negativamente el ajuste del modelo, ya que
este intentará minimizar el error asociado a dichos puntos,
incrementando el error en el resto de los datos.
figura 2. impacto de los outliers en el modelo (línea punteada).
¿cómo se tratan los outliers?
standardized residuals:escalar el residuo mediante una
desviación estándar global de los errores.
regla del rango intercuartílico (iqr):determinar los
percentiles 25 y 75 para establecer un rangoválido de
datos.
winsorización:sustituir valores extremos por percen-
tileslímite (por ejemplo, 5 % y 95 %), en lugar de",,"{""semana"": 5, ""fecha"": ""2026-03-17"", ""nombre_archivo"": ""5_SEMANA_AI_20260317_2.pdf"", ""autor"": ""Julian Lopez Mata"", ""tema_principal"": ""Semana 5"", ""secciones"": """", ""chunk_numero"": 4, ""total_chunks"": 10}"
"datos.
winsorización:sustituir valores extremos por percen-
tileslímite (por ejemplo, 5 % y 95 %), en lugar de
eliminarlos.
[pagina 2]
ii.sesgo yvarianza
ii-1.dataset:al trabajar con un conjunto de datos, es
común dividirlo en dos subconjuntos: entrenamiento (train) y
prueba (test). el conjunto de prueba se reserva para evaluar el
desempeño del modelo con datos no vistos previamente.
si el modelo presenta un buen rendimiento en el conjunto
de prueba, se puede inferir que posee una adecuada capacidad
de generalización.
ii-2.training set:se utiliza para ajustar los parámetros
del modelo a partir de las muestras disponibles. durante este
proceso, el modelo identifica patrones en los datos de entrada
y salida, permitiéndole realizar predicciones sobre datos no
observados previamente.",,"{""semana"": 5, ""fecha"": ""2026-03-17"", ""nombre_archivo"": ""5_SEMANA_AI_20260317_2.pdf"", ""autor"": ""Julian Lopez Mata"", ""tema_principal"": ""Semana 5"", ""secciones"": """", ""chunk_numero"": 5, ""total_chunks"": 10}"
"proceso, el modelo identifica patrones en los datos de entrada
y salida, permitiéndole realizar predicciones sobre datos no
observados previamente.
un ajuste excesivo al conjunto de entrenamiento puede
provocaroverfitting, donde el modelo se especializa en exceso
y pierde capacidad de generalización.
ii-3.testing set:este conjunto se emplea exclusivamente
para evaluar el modelo y no debe ser utilizado durante el en-
trenamiento. debe mantenerse completamente independiente
del conjunto de entrenamiento.
en esta fase se calculanmétricas de desempeño como
accuracyyloss, con el objetivo de evaluar la capacidad de
generalización del modelo.
iii.validationset
el validation set es un subconjunto de datos utilizado para
evaluar la capacidad de generalización del modelo durante el",,"{""semana"": 5, ""fecha"": ""2026-03-17"", ""nombre_archivo"": ""5_SEMANA_AI_20260317_2.pdf"", ""autor"": ""Julian Lopez Mata"", ""tema_principal"": ""Semana 5"", ""secciones"": """", ""chunk_numero"": 6, ""total_chunks"": 10}"
"iii.validationset
el validation set es un subconjunto de datos utilizado para
evaluar la capacidad de generalización del modelo durante el
entrenamiento, antes de la fase de testing.
en cadaépoca, el modelo es evaluado mediante este conjun-
to, lo que permite ajustar hiperparámetros y tomar decisiones
durante el proceso de entrenamiento.
iii-a.técnicas para subdividir el dataset
iii-a1.random sampling:consiste en dividir el dataset
de manera aleatoria. es adecuado cuando las clases están
balanceadas. sin embargo, en datasets desbalanceados, puede
ocurrir que la clase minoritaria no esté correctamente repre-
sentada.
iii-a2.stratified sampling:se utiliza en datasets desba-
lanceados. garantiza que la distribución de clases se mantenga
constante en cada subconjunto.",,"{""semana"": 5, ""fecha"": ""2026-03-17"", ""nombre_archivo"": ""5_SEMANA_AI_20260317_2.pdf"", ""autor"": ""Julian Lopez Mata"", ""tema_principal"": ""Semana 5"", ""secciones"": """", ""chunk_numero"": 7, ""total_chunks"": 10}"
"lanceados. garantiza que la distribución de clases se mantenga
constante en cada subconjunto.
iii-a3.k-fold cross-validation:se emplea cuando la
cantidad de datos es limitada. el dataset se divide enk
subconjuntos, utilizandok−1para entrenamiento y uno para
validación. este proceso se repite rotando los subconjuntos.
figura 3. ejemplo de k-fold cross-validation.
iv.posiblesescenariosentraining ytesting
iv-1.bajo error en training, bajo error en testing:
representa el escenario ideal.
el modelo evita ajustarse al ruido.
presenta una adecuada capacidad de generalización.
figura 4. caso ideal de entrenamiento y prueba.
iv-2.bajo error en training y alto error en testing:
indica overfitting.
el modelo no logra generalizar adecuadamente.
presenta alta varianza.",,"{""semana"": 5, ""fecha"": ""2026-03-17"", ""nombre_archivo"": ""5_SEMANA_AI_20260317_2.pdf"", ""autor"": ""Julian Lopez Mata"", ""tema_principal"": ""Semana 5"", ""secciones"": """", ""chunk_numero"": 8, ""total_chunks"": 10}"
"iv-2.bajo error en training y alto error en testing:
indica overfitting.
el modelo no logra generalizar adecuadamente.
presenta alta varianza.
figura 5. ejemplo de overfitting.
iv-3.alto error en training y alto error en testing:
corresponde a un caso de underfitting.
el modelo no logra aprender de los datos.
es excesivamente simple.
presenta alto sesgo.
[pagina 3]
figura 6. ejemplo de underfitting.
v.bias variance tradeoff
el objetivo es obtener un modelo que minimice tanto el
sesgo como la varianza.
v-1.alto bias:
el modelo comete numerosos errores en el conjunto de
entrenamiento (underfitting).
se basa en supuestos excesivamente simplificados.
corresponde a un modelo de baja complejidad.
¿cómo evitar un alto bias?
incrementar la complejidad del modelo y utilizar variables",,"{""semana"": 5, ""fecha"": ""2026-03-17"", ""nombre_archivo"": ""5_SEMANA_AI_20260317_2.pdf"", ""autor"": ""Julian Lopez Mata"", ""tema_principal"": ""Semana 5"", ""secciones"": """", ""chunk_numero"": 9, ""total_chunks"": 10}"
"corresponde a un modelo de baja complejidad.
¿cómo evitar un alto bias?
incrementar la complejidad del modelo y utilizar variables
(features) más representativas.
v-2.alta varianza:
el modelo se ajusta excesivamente al conjunto de entre-
namiento (overfitting).
no logra generalizar a nuevos datos.
es común en escenarios de alta dimensionalidad con
pocos ejemplos.
¿cómo evitar una alta varianza?
reducir la complejidad del modelo, disminuir la dimensio-
nalidad o incrementar la cantidad de datos de entrenamiento.",,"{""semana"": 5, ""fecha"": ""2026-03-17"", ""nombre_archivo"": ""5_SEMANA_AI_20260317_2.pdf"", ""autor"": ""Julian Lopez Mata"", ""tema_principal"": ""Semana 5"", ""secciones"": """", ""chunk_numero"": 10, ""total_chunks"": 10}"
"[pagina 1]
apuntes semana 5 clase 2 inteligencia artificial
1st roberto jos é garita mata
escuela de ingenier ´ıa en computaci ón
instituto tecnológico de costa rica
cartago, costa rica
robertogarita99@estudiantec.cr
profesor: steven andrey pacheco portuguez
curso: ic6200 inteligencia artificial
fecha: martes 19 de marzo
abstract—en este presente documento se van a presentar los
apuntes de la clase del 17 de marzo, correspondiente a la semana
5 del curso de inteligencia artificial, con el profesor steven
pacheco. se va a comenzar como es habitual con un peque ño
repaso de la clase anterior (martes 17 de marzo) sobre el tema
del sesgo y varianza y seguidamente se continua propiamente
ya con los apuntes del d ´ıa correspondiente, martes 19 de marzo,
sobre el tema de la regresi ón log´ıstica.",,"{""semana"": 5, ""fecha"": ""2026-03-19"", ""nombre_archivo"": ""5_SEMANA_AI_20260319_1.pdf"", ""autor"": ""Roberto José Garita Mata"", ""tema_principal"": ""I. REPASO DE LA CLASE ANTERIOR(MARTES17DE"", ""secciones"": ""I. REPASO DE LA CLASE ANTERIOR(MARTES17DE, C. Testing Set, D. Caso Overfitting, II. REGRESI ´ONLOG ´ISTICA, C. Clasificador"", ""chunk_numero"": 1, ""total_chunks"": 15}"
"ya con los apuntes del d ´ıa correspondiente, martes 19 de marzo,
sobre el tema de la regresi ón log´ıstica.
i. repaso de la clase anterior(martes17de
marzo)(sesgo yvarianza)
a. dataset
el conjunto de datos se divide generalmente en dos partes:
trainingytest. usualmente, se emplea un 80% para entrenar
el modelo y un 20% para evaluarlo con datos no vistos.
b. training set
el conjunto de entrenamiento se usa para ajustar el modelo y
aprender patrones a partir de los datos. debe ser representativo
para que el modelo pueda generalizar, de lo contrario, puede
ocurriroverfitting.
c. testing set
el conjunto de prueba se usa para evaluar el modelo con
datos nuevos, es decir, datos que no vio durante el entre-
namiento. sirve para medir su rendimiento real y verificar si",,"{""semana"": 5, ""fecha"": ""2026-03-19"", ""nombre_archivo"": ""5_SEMANA_AI_20260319_1.pdf"", ""autor"": ""Roberto José Garita Mata"", ""tema_principal"": ""I. REPASO DE LA CLASE ANTERIOR(MARTES17DE"", ""secciones"": ""I. REPASO DE LA CLASE ANTERIOR(MARTES17DE, C. Testing Set, D. Caso Overfitting, II. REGRESI ´ONLOG ´ISTICA, C. Clasificador"", ""chunk_numero"": 2, ""total_chunks"": 15}"
"datos nuevos, es decir, datos que no vio durante el entre-
namiento. sirve para medir su rendimiento real y verificar si
puede generalizar correctamente.
d. caso overfitting
eloverfittingocurre cuando el modelo obtiene muy buenos
resultados en entrenamiento, pero falla al evaluarse con datos
nuevos. esto indica que aprendi ó demasiado los detalles del
conjunto de entrenamiento y no logra generalizar adecuada-
mente.
e. validation set
es el subconjunto de datos que se usa para medir qu é tan
bien generaliza el modelo durante el entrenamiento. sirve para
tomar decisiones y ajustar hiperpar ámetros.
1)random sampling:divide el dataset de forma aleatoria.
funciona mejor cuando las clases est án balanceadas, pero en
datos desbalanceados puede dejar clases poco representadas.",,"{""semana"": 5, ""fecha"": ""2026-03-19"", ""nombre_archivo"": ""5_SEMANA_AI_20260319_1.pdf"", ""autor"": ""Roberto José Garita Mata"", ""tema_principal"": ""I. REPASO DE LA CLASE ANTERIOR(MARTES17DE"", ""secciones"": ""I. REPASO DE LA CLASE ANTERIOR(MARTES17DE, C. Testing Set, D. Caso Overfitting, II. REGRESI ´ONLOG ´ISTICA, C. Clasificador"", ""chunk_numero"": 3, ""total_chunks"": 15}"
"funciona mejor cuando las clases est án balanceadas, pero en
datos desbalanceados puede dejar clases poco representadas.
2)stratified sampling:se usa en datos desbalanceados.
mantiene la proporci ón de cada clase en cada subconjunto,
logrando una evaluaci ón m ás confiable.
3)k-fold / cross-validation:divide los datos en k partes,
entrena con k-1 y valida con la restante, repitiendo el proceso
varias veces. es útil cuando hay pocos datos.
fig. 1. divisi ón del dataset
f . posibles escenarios
1)bajo error en training y en validation:
•escenario ideal
•modelo evita el ruido existente en los datos
•se puede generalizar correctamente
fig. 2. escenario ideal entre validaci ón y entrenamiento
[pagina 2]
2)bajo error en training pero alto en validation:
•tiene overfitting",,"{""semana"": 5, ""fecha"": ""2026-03-19"", ""nombre_archivo"": ""5_SEMANA_AI_20260319_1.pdf"", ""autor"": ""Roberto José Garita Mata"", ""tema_principal"": ""I. REPASO DE LA CLASE ANTERIOR(MARTES17DE"", ""secciones"": ""I. REPASO DE LA CLASE ANTERIOR(MARTES17DE, C. Testing Set, D. Caso Overfitting, II. REGRESI ´ONLOG ´ISTICA, C. Clasificador"", ""chunk_numero"": 4, ""total_chunks"": 15}"
"fig. 2. escenario ideal entre validaci ón y entrenamiento
[pagina 2]
2)bajo error en training pero alto en validation:
•tiene overfitting
•no es capaz de generalizar
•tiene alta varianza
fig. 3. caso de overfitting
3)alto error en training y en validation:
•tiene overfitting
•el modelo no esta aprendiendo nada de los datos
•modelo muy simple
•contiene alto sesgo
fig. 4. p ésimo escenario, caso de underfitting
g. bias-variance tradeoff
se necesita un modelo que tenga baja varianza y bajo sesgo.
1)alto bias:
•comete mhchos errores en el traing (underfitting)
•el modelo asume mucho del training set
•no usa todos los features del modelo
•el modelo es simple
2)¿como evitarlo?:
•utilizando un modelo m ás complejo
•los features del training set no son los adecuados para",,"{""semana"": 5, ""fecha"": ""2026-03-19"", ""nombre_archivo"": ""5_SEMANA_AI_20260319_1.pdf"", ""autor"": ""Roberto José Garita Mata"", ""tema_principal"": ""I. REPASO DE LA CLASE ANTERIOR(MARTES17DE"", ""secciones"": ""I. REPASO DE LA CLASE ANTERIOR(MARTES17DE, C. Testing Set, D. Caso Overfitting, II. REGRESI ´ONLOG ´ISTICA, C. Clasificador"", ""chunk_numero"": 5, ""total_chunks"": 15}"
"•el modelo es simple
2)¿como evitarlo?:
•utilizando un modelo m ás complejo
•los features del training set no son los adecuados para
el problema (no tienen la capacidad para hacer predic-
ciones)
3)alta varianza:
•el modelo se adapta mucho a los datos de entrenamiento
(overfitting)
•no es capaz de generalizar osea es sensible a las varia-
ciones de los datos
•pasa a menudo con datos con muchas dimensiones y
pocos ejemplos
4)¿como evitarlo?:
•intentar con un modelo m ás simple
•reducir la dimensionalidad
•obtener m ás ejemplos para el training set
•aplicar t écnicas de regularizaci ón osea hacer el modelo
más simple
fig. 5. comparaci ón de la complejidad del modelo
[pagina 3]
ii. regresi ´onlog ´istica
regresión log´ıstica != regresi ón lineal",,"{""semana"": 5, ""fecha"": ""2026-03-19"", ""nombre_archivo"": ""5_SEMANA_AI_20260319_1.pdf"", ""autor"": ""Roberto José Garita Mata"", ""tema_principal"": ""I. REPASO DE LA CLASE ANTERIOR(MARTES17DE"", ""secciones"": ""I. REPASO DE LA CLASE ANTERIOR(MARTES17DE, C. Testing Set, D. Caso Overfitting, II. REGRESI ´ONLOG ´ISTICA, C. Clasificador"", ""chunk_numero"": 6, ""total_chunks"": 15}"
"más simple
fig. 5. comparaci ón de la complejidad del modelo
[pagina 3]
ii. regresi ´onlog ´istica
regresión log´ıstica != regresi ón lineal
una regresi ón lineal son features que tienen relaciones
lineales con una variable objetivo, lo que hace es una com-
binación lineal entre los pesos y los features para determinar
cual de ellos es m ás importante y a partir de esto hacer una
predicción de valores reales, al final es una predicci ón de
valores en espacios donde no tengo muestras.
la regresi ón log ´ıstica es un algoritmo de clasificaci ón
binaria que permite predecir basado en la probabilidad de que
un evento ocurra o no. su salida representa una de dos clases
posibles, por lo que se utiliza para problemas donde se desea
decidir entre dos categor ´ıas espec´ıficas.",,"{""semana"": 5, ""fecha"": ""2026-03-19"", ""nombre_archivo"": ""5_SEMANA_AI_20260319_1.pdf"", ""autor"": ""Roberto José Garita Mata"", ""tema_principal"": ""I. REPASO DE LA CLASE ANTERIOR(MARTES17DE"", ""secciones"": ""I. REPASO DE LA CLASE ANTERIOR(MARTES17DE, C. Testing Set, D. Caso Overfitting, II. REGRESI ´ONLOG ´ISTICA, C. Clasificador"", ""chunk_numero"": 7, ""total_chunks"": 15}"
"posibles, por lo que se utiliza para problemas donde se desea
decidir entre dos categor ´ıas espec´ıficas.
ambos tienen nombres similares pero hacen cosas total-
mente diferentes a pesar de esto.
fig. 6. regresi ón lineal vs regresi ón silog´ıstica
•es una clasificaci ón binaria (0s o 1s)
•predice la probabilidad de ocurrencia de un evento binario
•lo hace mediante la distribuci ón de bernoulli:
p(x=k) =p k ·(1−p) 1−k
•dondekes el valor que puede tomar (0 o 1) ypla
probabilidad de que ocurra el evento
•debemos aplicar este modelo pero con machine learning
para que se pueda aprender solo de los datos. ¿c ómo
logramos esto? con la funci ón sigmoid
fig. 7. meme
a. sigmoid (standar logistic function)
•tiene un comportamiento no lineal
•acotada entre 0 y 1
•su funci ón es:
σ(x) = 1
1 +e−x",,"{""semana"": 5, ""fecha"": ""2026-03-19"", ""nombre_archivo"": ""5_SEMANA_AI_20260319_1.pdf"", ""autor"": ""Roberto José Garita Mata"", ""tema_principal"": ""I. REPASO DE LA CLASE ANTERIOR(MARTES17DE"", ""secciones"": ""I. REPASO DE LA CLASE ANTERIOR(MARTES17DE, C. Testing Set, D. Caso Overfitting, II. REGRESI ´ONLOG ´ISTICA, C. Clasificador"", ""chunk_numero"": 8, ""total_chunks"": 15}"
"fig. 7. meme
a. sigmoid (standar logistic function)
•tiene un comportamiento no lineal
•acotada entre 0 y 1
•su funci ón es:
σ(x) = 1
1 +e−x
•xpuede ser cualquier n úmero, incluso el resultado de otra
función.
•¿c ómo se puede combinar con regresi ón lineal?
•para combinarlo con regresi ón lineal a la salida de esta se
le coloca una funci ón sigmoid esto vuelve esa regresi ón
lineal se vuelve un problema de clasificaci ón y con esto
estamos logrando mantener la combinaci ón lineal entre
pesos y features pero se aplica ahora para problemas de
clasificación.
fig. 8. funci ón sigmoid
b. linealidad (explicaci ón del punto anterior)
•σ(x) = 1
1 +e−x
resultado no lineal
•f w,b(x) =wx+b
resultado lineal
•σ(f w,b(x)) = 1
1 +e−(fw,b(x))
•¿por qu é queremos hacerlo as ´ı?",,"{""semana"": 5, ""fecha"": ""2026-03-19"", ""nombre_archivo"": ""5_SEMANA_AI_20260319_1.pdf"", ""autor"": ""Roberto José Garita Mata"", ""tema_principal"": ""I. REPASO DE LA CLASE ANTERIOR(MARTES17DE"", ""secciones"": ""I. REPASO DE LA CLASE ANTERIOR(MARTES17DE, C. Testing Set, D. Caso Overfitting, II. REGRESI ´ONLOG ´ISTICA, C. Clasificador"", ""chunk_numero"": 9, ""total_chunks"": 15}"
"•σ(x) = 1
1 +e−x
resultado no lineal
•f w,b(x) =wx+b
resultado lineal
•σ(f w,b(x)) = 1
1 +e−(fw,b(x))
•¿por qu é queremos hacerlo as ´ı?
•calcular una funci ón lineal es sumamente simple (com-
putacionalmente)
•es un m étodo simple para mantener la relaci ón entre las
variables y los pesos
•obtener un comportamiento no lineal con una funci ón
sencilla como lo es la sigmoid
•permite modelar problemas con una complejidad mayor
c. clasificador
•si queremos hacer un clasificador, hay que definir un
umbral, que por lo general es 0.5
[pagina 4]
•siy≥0.5 = 1pertenece a la clase 1
•siyy <0.5 = 0pertenece a la clase 0
•de igual manera el umbral puede cambiar, dependiendo
de la situaci ón
d. ¿c ómo se ve mi modelo de regresi ón log´ıstica?
•su funci ón es:
σ(fw,b(x)) = 1
1 +e−(fw,b(x))",,"{""semana"": 5, ""fecha"": ""2026-03-19"", ""nombre_archivo"": ""5_SEMANA_AI_20260319_1.pdf"", ""autor"": ""Roberto José Garita Mata"", ""tema_principal"": ""I. REPASO DE LA CLASE ANTERIOR(MARTES17DE"", ""secciones"": ""I. REPASO DE LA CLASE ANTERIOR(MARTES17DE, C. Testing Set, D. Caso Overfitting, II. REGRESI ´ONLOG ´ISTICA, C. Clasificador"", ""chunk_numero"": 10, ""total_chunks"": 15}"
"de la situaci ón
d. ¿c ómo se ve mi modelo de regresi ón log´ıstica?
•su funci ón es:
σ(fw,b(x)) = 1
1 +e−(fw,b(x))
•su resultado es no lineal
•acotaci ón entre 0 y 1
•la relaci ón de los features y pesos se da por la regresi ón
lineal
•probabilidad de que un evento ocurra
fig. 9. gr áficos m ás comunes encontrados en literaturas sobre regresi ón
log´ıstica, arquitectura a nivel gr áfico
•inputs: vector que define las caracter ´ısticas del sample,
la muestra
•el 1 que vemos es el bias
•wieghts: pesos
•sum: sumatoria de la relaci ón entre las caracter ´ısticas y
su peso asociado
•non-linearity: es una capa extra, es funci ón no lineal, es
la funci ón sigmoid
•output: es una salida, una probabilidad, que a partir de
esto se toma una decisi ón",,"{""semana"": 5, ""fecha"": ""2026-03-19"", ""nombre_archivo"": ""5_SEMANA_AI_20260319_1.pdf"", ""autor"": ""Roberto José Garita Mata"", ""tema_principal"": ""I. REPASO DE LA CLASE ANTERIOR(MARTES17DE"", ""secciones"": ""I. REPASO DE LA CLASE ANTERIOR(MARTES17DE, C. Testing Set, D. Caso Overfitting, II. REGRESI ´ONLOG ´ISTICA, C. Clasificador"", ""chunk_numero"": 11, ""total_chunks"": 15}"
"la funci ón sigmoid
•output: es una salida, una probabilidad, que a partir de
esto se toma una decisi ón
fig. 10. funci ón de activaci ón(función sigmoid)(funci ón no lineal)
en el fondo este gr áfico, lo que representa que es si
deja pasar informaci ón o no deja pasar informaci ón y en un
caso especifico transformarla. las funciones de activaci ón son
funciones que tienen un comportamiento no lineal, existen más
funciones de activaci ón pero las veremos m ás adelante.
e. optimizaci ón
•para optimizar nuestro modelo se necesita optimizar los
pesoswybde la regresi ón log´ıstica
•dado por la funci ón:f w,b(x) = 1
1 +e−(fw,b(x))
•¿qu é necesitamos para actualizar los pesos?
•1) encontrar una funci ón de p érdida
•2) encontrar las derivadas parciales con respecto awy",,"{""semana"": 5, ""fecha"": ""2026-03-19"", ""nombre_archivo"": ""5_SEMANA_AI_20260319_1.pdf"", ""autor"": ""Roberto José Garita Mata"", ""tema_principal"": ""I. REPASO DE LA CLASE ANTERIOR(MARTES17DE"", ""secciones"": ""I. REPASO DE LA CLASE ANTERIOR(MARTES17DE, C. Testing Set, D. Caso Overfitting, II. REGRESI ´ONLOG ´ISTICA, C. Clasificador"", ""chunk_numero"": 12, ""total_chunks"": 15}"
"•¿qu é necesitamos para actualizar los pesos?
•1) encontrar una funci ón de p érdida
•2) encontrar las derivadas parciales con respecto awy
b, para utilizar el descenso del gradiente
•3) se actualizan los par ámetroswybuna vez calculadas
las derivadas con respecto a la funci ón de p érdida
f . derivada sigmoid
σ(x) = 1
1 +e−x
σ′(x) = 1′ ·(1 +e −x)−(1·(1 +e −x)′)
(1 +e−x)2
σ′(x) = 0−1·(1 ′ + (e−x)′)
(1 +e−x)2
σ′(x) = −(0−(−e −x))
(1 +e−x)2
σ′(x) = e−x
(1 +e−x)2
podemos observar que es medio fea de utilizar entonces
vamos a usar un truco para que quede un poco mejor.
σ′(x) = e−x
(1 +e−x)2
σ′(x) = e−x + 1−1
(1 +e−x)2
σ′(x) = e−x + 1
(1 +e−x)2 − 1
(1 +e−x)2
σ′(x) = 1
(1 +e−x) − 1
(1 +e−x)2
σ′(x) = 1
(1 +e−x) ·
(1 +e−x)
factor com ún
[pagina 5]
σ′(x) =σ(x)·(1−σ(x))
g. verosimilitud vs mse",,"{""semana"": 5, ""fecha"": ""2026-03-19"", ""nombre_archivo"": ""5_SEMANA_AI_20260319_1.pdf"", ""autor"": ""Roberto José Garita Mata"", ""tema_principal"": ""I. REPASO DE LA CLASE ANTERIOR(MARTES17DE"", ""secciones"": ""I. REPASO DE LA CLASE ANTERIOR(MARTES17DE, C. Testing Set, D. Caso Overfitting, II. REGRESI ´ONLOG ´ISTICA, C. Clasificador"", ""chunk_numero"": 13, ""total_chunks"": 15}"
"(1 +e−x)2
σ′(x) = 1
(1 +e−x) − 1
(1 +e−x)2
σ′(x) = 1
(1 +e−x) ·
(1 +e−x)
factor com ún
[pagina 5]
σ′(x) =σ(x)·(1−σ(x))
g. verosimilitud vs mse
•no usamos mse
•necesitamos una funci ón de costo relacionada a proba-
bilidades
•verosimilitud es la probabilidad condicional que se ob-
tiene de observar mi conjunto de entrenamiento, osea mis
datos dados los par ámetros de un modelo:
l(θ|x) =p(x|θ)
•probabilidad de observar todos los datos:
l(θ|x) =p(x 1, x2, . . . , xn|θ) =p(x 1|θ)·p(x 2|θ)· · ·p(xn|θ)
fig. 11. afectaci ón de la varianza de los datos
ejemplos
fig. 12. verosimilitud baja
fig. 13. verosimilitud alta
fig. 14. verosimilitud 1
fig. 15. verosimilitud 2
[pagina 6]
fig. 16. m áxima verosimilitud
conforme yo cambie los par ámetros de mi modelo lo",,"{""semana"": 5, ""fecha"": ""2026-03-19"", ""nombre_archivo"": ""5_SEMANA_AI_20260319_1.pdf"", ""autor"": ""Roberto José Garita Mata"", ""tema_principal"": ""I. REPASO DE LA CLASE ANTERIOR(MARTES17DE"", ""secciones"": ""I. REPASO DE LA CLASE ANTERIOR(MARTES17DE, C. Testing Set, D. Caso Overfitting, II. REGRESI ´ONLOG ´ISTICA, C. Clasificador"", ""chunk_numero"": 14, ""total_chunks"": 15}"
"fig. 14. verosimilitud 1
fig. 15. verosimilitud 2
[pagina 6]
fig. 16. m áxima verosimilitud
conforme yo cambie los par ámetros de mi modelo lo
que hago es que mi funci ón avance y eventualmente voy a
descubrir que habr án un conjunto de par ámetros espec ´ıficos
que hacen que mi distribuci ón sea la óptima para los datos que
yo tengo y por lo tanto va a dar un resultado del likelihood
alto. en el fondo lo que estamos haciendo es maximizando la
verosimilitud.
h. mse vs maximize likelihood
•en regresi ón lineal minimizamos el mse
•en su lugar, vamos a maximizar la verosimilitud
•optimizamos los paramentoswyb, para obtener la
máxima verosimilitud",,"{""semana"": 5, ""fecha"": ""2026-03-19"", ""nombre_archivo"": ""5_SEMANA_AI_20260319_1.pdf"", ""autor"": ""Roberto José Garita Mata"", ""tema_principal"": ""I. REPASO DE LA CLASE ANTERIOR(MARTES17DE"", ""secciones"": ""I. REPASO DE LA CLASE ANTERIOR(MARTES17DE, C. Testing Set, D. Caso Overfitting, II. REGRESI ´ONLOG ´ISTICA, C. Clasificador"", ""chunk_numero"": 15, ""total_chunks"": 15}"
"[pagina 1]
apuntes semana 5
*apuntes del 19/03/2026
2nd josé jim énez
ic-6200 inteligencia artifical
tecnológico de costa rica
cartago, costa rica
josegab18@estudiantec.cr
i. repaso
a. formas de muestreo
los ejemplos de muestras mas comunes que son el random,
stratified y el k-fold cross-validation.
con elestratificadose trata de mantener las proporciones
de las clases que existan siempre y cuando sean desbal-
anceadas; si fuesen balanceadas, lo que ser ´ıa un problema de
clasificación con dos clases espec ´ıficas, en donde el 50% de
la muestra es para cada clase, lo ideal ser ´ıa usar el muestreo
aleatoriopara usarlos en los sets de entrenamiento, validaci ón
y testeo.
hacerlo con clases desbalanceadas, puede no ser lo mejor,
ya que solamente podr ´ıa representarse una clase en un grupo,",,"{""semana"": 5, ""fecha"": ""2026-03-19"", ""nombre_archivo"": ""5_Semana_AI_20260319_2.pdf"", ""autor"": ""José Jiménez"", ""tema_principal"": ""I. REPASO"", ""secciones"": ""I. REPASO, C. Compensaci ´on Bias-Varianza, II. REGRESI ´ONLOG ´ISTICA"", ""chunk_numero"": 1, ""total_chunks"": 10}"
"y testeo.
hacerlo con clases desbalanceadas, puede no ser lo mejor,
ya que solamente podr ´ıa representarse una clase en un grupo,
por lo que el algoritmo dar ´ıa datos err óneos en los resultados,
entonceslo mejores tratar las clasesdesbalanceadas.
técnicas demanejo de datos imbalanceados:
•hacer un corte de muestras de la clase mayoritaria.
•muestreo extra.
•generar datos sint éticos para generar muestras de la clase
mayoritaria.
es buena pr áctica usar elk-fold cross-validation, este
divide los datos de entrenamiento en partes, los cuales se rotan,
es decir, si uno se usó para validar luego se usará para entrenar,
b. entrenamiento del modelo
dividir el data set en80% entrenamientoy20% testeo
datos que optimizar án los pesos(u’s y v’s asociadas a la
función lineal) del modelo.",,"{""semana"": 5, ""fecha"": ""2026-03-19"", ""nombre_archivo"": ""5_Semana_AI_20260319_2.pdf"", ""autor"": ""José Jiménez"", ""tema_principal"": ""I. REPASO"", ""secciones"": ""I. REPASO, C. Compensaci ´on Bias-Varianza, II. REGRESI ´ONLOG ´ISTICA"", ""chunk_numero"": 2, ""total_chunks"": 10}"
"dividir el data set en80% entrenamientoy20% testeo
datos que optimizar án los pesos(u’s y v’s asociadas a la
función lineal) del modelo.
modelos de aprendizaje supervisado con par ámetros de
entrenamiento, entrenados por medio del descenso de gra-
diente, se optimizan los par ámetros en base a los datos de
entrenamiento.
datos de testeo sirven para hacerle como un ”examen”
con datos no usados, simulando datos productivos, esto para
evaluar la capacidad de generalizarla soluci ón con respecto
a datos que no existen en el set de entrenamiento.
overfitting:sobre ajuste que tiene el modelo o en el
set de entrenamiento, es tanto el sobre ajuste que aprende
el ruido(informaci ón incorrecta, relevante o aleatoria) de las
muestras.
el ruido que contienen las muestras puede darse porla",,"{""semana"": 5, ""fecha"": ""2026-03-19"", ""nombre_archivo"": ""5_Semana_AI_20260319_2.pdf"", ""autor"": ""José Jiménez"", ""tema_principal"": ""I. REPASO"", ""secciones"": ""I. REPASO, C. Compensaci ´on Bias-Varianza, II. REGRESI ´ONLOG ´ISTICA"", ""chunk_numero"": 3, ""total_chunks"": 10}"
"el ruido(informaci ón incorrecta, relevante o aleatoria) de las
muestras.
el ruido que contienen las muestras puede darse porla
medición de datos, condiciones a la hora de realizar las
mediciones, etc, siempre se alejan un poco de la realidad.
si lo datos contienen errores de alg ún tipo, en el entre-
namiento el modelo se ajustar á al error, por lo que el modelo
termina perdiendo generalizaci ón.
después de testear, se toman m étricas para ver que tan bien
sirve con datos nuevos.para evitar overfitting,se usa el set
de validaci ón, que se ejecuta cada ”x” tiempo que se defina.
posibles escenarios:
•bajo erroren entrenamiento ybajo erroren pruebas.
•escenario ideal
•modelo evita ruido de los datos
•generaliza correctamente
lo normal es que los sets deentrenamiento y validaci ón",,"{""semana"": 5, ""fecha"": ""2026-03-19"", ""nombre_archivo"": ""5_Semana_AI_20260319_2.pdf"", ""autor"": ""José Jiménez"", ""tema_principal"": ""I. REPASO"", ""secciones"": ""I. REPASO, C. Compensaci ´on Bias-Varianza, II. REGRESI ´ONLOG ´ISTICA"", ""chunk_numero"": 4, ""total_chunks"": 10}"
"•escenario ideal
•modelo evita ruido de los datos
•generaliza correctamente
lo normal es que los sets deentrenamiento y validaci ón
decrezcan constantemente, generalmente el de validaci ón
tiene m ás error.
fig. 1. caso normal
•bajo erroren entrenamiento,alto erroren validaci ón.
•overfitting
•no generaliza
•alta varianza
•alto erroren entrenamiento yalto erroren validaci ón
•underfitting(malo en todo)
•modelo muy simple
•alto sesgo
c. compensaci ón bias-varianza
•si aumenta la varianza, el bias disminuye y viceversa.
•ocupamos un intermedio tal que siga generalizando.
[pagina 2]
fig. 2. alto error en validaci ón
fig. 3. alto error en ambos
si el modelo tiene alto bias:
•comete muchos errores en el set de entrenamiento.
•underfitting.
•el modelo asume mucho del set de entrenamiento.",,"{""semana"": 5, ""fecha"": ""2026-03-19"", ""nombre_archivo"": ""5_Semana_AI_20260319_2.pdf"", ""autor"": ""José Jiménez"", ""tema_principal"": ""I. REPASO"", ""secciones"": ""I. REPASO, C. Compensaci ´on Bias-Varianza, II. REGRESI ´ONLOG ´ISTICA"", ""chunk_numero"": 5, ""total_chunks"": 10}"
"si el modelo tiene alto bias:
•comete muchos errores en el set de entrenamiento.
•underfitting.
•el modelo asume mucho del set de entrenamiento.
•no usa todos las caracter ´ısticas del modelo.
•modelo es simple.
como evitar un alto bias:
•usar un modelo m ás complejo/no lineal.
•cambiar de arquitectura, a una que se adapte mejor.
•usar caracter ´ısticas del set de entrenamiento adecuados
para el problema.
si hay alta varianza:
•hay overfitting.
•no generaliza, es sensible a variaciones de los datos.
•sucede con datos de alta dimensionalidad(muchas vari-
ables) y pocos ejemplos.
como evitar una alta varianza:
•usar un modelo m ás simple.
•reducir dimensionalidad.
•obtener m ás ejemplos para el training set.
•aplicar t écnicas de regularizaci ón.
ii. regresi ´onlog ´istica",,"{""semana"": 5, ""fecha"": ""2026-03-19"", ""nombre_archivo"": ""5_Semana_AI_20260319_2.pdf"", ""autor"": ""José Jiménez"", ""tema_principal"": ""I. REPASO"", ""secciones"": ""I. REPASO, C. Compensaci ´on Bias-Varianza, II. REGRESI ´ONLOG ´ISTICA"", ""chunk_numero"": 6, ""total_chunks"": 10}"
"•reducir dimensionalidad.
•obtener m ás ejemplos para el training set.
•aplicar t écnicas de regularizaci ón.
ii. regresi ´onlog ´istica
•no es lo mismo que una regresi ón.
•es un algoritmo de clasificaci ón.
•salida binaria.
•predice la probabilidad de ocurrencia de un evento.
•utiliza la distribuci ón de bernoulli.
a. funci ón sigmoide
•tiene comportamiento no lineal.
•codominio de [0, 1]
•el valor de ”x” puede ser cualquier n úmero, incluido el
valor de una composici ón de funciones.
fig. 4. funci ón sigmoide
para combinarla con la regresi ón lineal:
σ(fw,b(x)) = 1
1 +e−(fw,b(x))
lo hacemos para:
•m étodo simple para mantener las relaciones entre vari-
ables y pesos.
•obtener comportamiento no lineal con una funci ón sen-
cilla como el sigmoide.",,"{""semana"": 5, ""fecha"": ""2026-03-19"", ""nombre_archivo"": ""5_Semana_AI_20260319_2.pdf"", ""autor"": ""José Jiménez"", ""tema_principal"": ""I. REPASO"", ""secciones"": ""I. REPASO, C. Compensaci ´on Bias-Varianza, II. REGRESI ´ONLOG ´ISTICA"", ""chunk_numero"": 7, ""total_chunks"": 10}"
"ables y pesos.
•obtener comportamiento no lineal con una funci ón sen-
cilla como el sigmoide.
•permite modelar problemas con mayor complejidad.
clasificador
•definir un umbral para el clasificador.
•y≥0.5 = 1
•y<0.5 = 0
•podemos cambia el umbral dependiendo del problema.
•moneda cargada.
por lo tanto la regresi ón log´ıstica:
•el resultado es no lineal.
•codominio [0, 1]
•relaci ón entre pesos y features se da por la regresi ón
lineal.
•es una funci ón de activaci ón(función con resultado no
lineal).
optimización
•necesitamos optimizar los pesos ”w” y ”b” de la re-
gresión log´ıstica.
•necesitamos:
[pagina 3]
–conseguir una funci ón de perdida que me sirva para
probabilidades.
–derivar la funci ón de perdida ”l” con respecto a ”w”
y ”b”, para utilizar el descenso de gradiente.",,"{""semana"": 5, ""fecha"": ""2026-03-19"", ""nombre_archivo"": ""5_Semana_AI_20260319_2.pdf"", ""autor"": ""José Jiménez"", ""tema_principal"": ""I. REPASO"", ""secciones"": ""I. REPASO, C. Compensaci ´on Bias-Varianza, II. REGRESI ´ONLOG ´ISTICA"", ""chunk_numero"": 8, ""total_chunks"": 10}"
"probabilidades.
–derivar la funci ón de perdida ”l” con respecto a ”w”
y ”b”, para utilizar el descenso de gradiente.
la funci ón de p érdida est á dada por el modelo, el modelo
está dado por el sigmoide:
•σ(x) = 1
1+e−x
•σ ′(x) = e−x
(1+e−x)2 =σ(x)·(1−σ(x))
verosimilitud vs mse
la verosimilitud es la probabilidad condicional que se
obtiene de observar el conjunto de entrenamiento dado los
parámetros de un modelo.
•no se usa mse
•se necesita una funci ón de costo relacionada a proba-
bilides.
máxima verosimilitud
habrán un conjunto de par ámetros espec ´ıficos, que hacen
que la distribuci ón sea la óptima para los datos que tenemos.
fig. 5. verosimilitud m áxima
•para regresi ón lineal minimzar elmse.
•problemas de clasificaci ón(regresión log ´ıstica) usan la
verosimilitud.",,"{""semana"": 5, ""fecha"": ""2026-03-19"", ""nombre_archivo"": ""5_Semana_AI_20260319_2.pdf"", ""autor"": ""José Jiménez"", ""tema_principal"": ""I. REPASO"", ""secciones"": ""I. REPASO, C. Compensaci ´on Bias-Varianza, II. REGRESI ´ONLOG ´ISTICA"", ""chunk_numero"": 9, ""total_chunks"": 10}"
"fig. 5. verosimilitud m áxima
•para regresi ón lineal minimzar elmse.
•problemas de clasificaci ón(regresión log ´ıstica) usan la
verosimilitud.
•optimizar ”w” y ”b” para maximizar verosimilitud.",,"{""semana"": 5, ""fecha"": ""2026-03-19"", ""nombre_archivo"": ""5_Semana_AI_20260319_2.pdf"", ""autor"": ""José Jiménez"", ""tema_principal"": ""I. REPASO"", ""secciones"": ""I. REPASO, C. Compensaci ´on Bias-Varianza, II. REGRESI ´ONLOG ´ISTICA"", ""chunk_numero"": 10, ""total_chunks"": 10}"
"[pagina 1]
apuntes semana 6 clase 1 inteligencia artificial
1st roberto jos é garita mata
escuela de ingenier ´ıa en computaci ón
instituto tecnológico de costa rica
cartago, costa rica
robertogarita99@estudiantec.cr
profesor: steven andrey pacheco portuguez
curso: ic6200 inteligencia artificial
fecha: martes 24 de marzo
abstract—en este presente documento se van a presentar los
apuntes de la clase del 24 de marzo, correspondiente a la semana
6 del curso de inteligencia artificial, con el profesor steven
pacheco. se va a comenzar con las preguntas del quiz 2, luego
como es habitual con un peque ño repaso de la clase anterior
(jueves 19 de marzo) sobre el tema de la regresi ón log ´ıstica
y seguidamente se continua propiamente ya con los apuntes del",,"{""semana"": 6, ""fecha"": ""2026-03-24"", ""nombre_archivo"": ""6_SEMANA_AI_20260324_1.pdf"", ""autor"": ""Roberto José Garita Mata"", ""tema_principal"": ""I. QUIZ2"", ""secciones"": ""I. QUIZ2, II. REPASO DE LA CLASE ANTERIOR(JUEVES19DE, C. Clasificador, D. ¿C ´omo se ve mi modelo de Regresi ´on Log´ıstica?, III. FUNCI ´ON DECOSTO- REGRESI ´ONLOG ´ISTICA"", ""chunk_numero"": 1, ""total_chunks"": 15}"
"(jueves 19 de marzo) sobre el tema de la regresi ón log ´ıstica
y seguidamente se continua propiamente ya con los apuntes del
d´ıa correspondiente, martes 19 de marzo, sobre la funci ón de
costo-regresión log´ıstica.
i. quiz2
1)describa ¿que es overfitting y underfitting? 20 pts
overfitting: bajo error en training con alto error
en testing, el modelo no es capaz de generalizar.
underfitting: alto error en training con alto error en
testing, el modelo no aprende nada de los datos.
2)anote la derivada de la funci ón sigmoide: 20 pts
σ(x) = 1
1 +e−x
σ′(x) = 1′ ·(1 +e −x)−(1·(1 +e −x)′)
(1 +e−x)2
σ′(x) = 0−1·(1 ′ + (e−x)′)
(1 +e−x)2
σ′(x) = −(0−(−e −x))
(1 +e−x)2
σ′(x) = e−x
(1 +e−x)2
3)¿describa las 3 t écnicas para el tratamiento de
datos at´ıpicos? 30 pts",,"{""semana"": 6, ""fecha"": ""2026-03-24"", ""nombre_archivo"": ""6_SEMANA_AI_20260324_1.pdf"", ""autor"": ""Roberto José Garita Mata"", ""tema_principal"": ""I. QUIZ2"", ""secciones"": ""I. QUIZ2, II. REPASO DE LA CLASE ANTERIOR(JUEVES19DE, C. Clasificador, D. ¿C ´omo se ve mi modelo de Regresi ´on Log´ıstica?, III. FUNCI ´ON DECOSTO- REGRESI ´ONLOG ´ISTICA"", ""chunk_numero"": 2, ""total_chunks"": 15}"
"(1 +e−x)2
σ′(x) = −(0−(−e −x))
(1 +e−x)2
σ′(x) = e−x
(1 +e−x)2
3)¿describa las 3 t écnicas para el tratamiento de
datos at´ıpicos? 30 pts
random sampling: divide el dataset de forma
aleatoria, funciona mejor cuando las clases est án
balanceadas, pero en datos desbalanceados puede dejar
clases poco representadas.
stratified sampling: se usa en datos desbalanceados,
mantiene la proporci ón de cada clase en cada
subconjunto, logrando una evaluaci ón m ás confiable.
k-fold / cross-validation: divide los datos en k
partes, entrena con k-1 y valida con la restante,
repitiendo el proceso varias veces. es útil cuando hay
pocos datos.
4)desarrolle la derivada parcial de l con respecto a
w de: 30 pts
((wxi +b)−y i)2
(wxi +b)−y i
(wxi +b)−y i
(wxi +b)−y i
ii. repaso de la clase anterior(jueves19de",,"{""semana"": 6, ""fecha"": ""2026-03-24"", ""nombre_archivo"": ""6_SEMANA_AI_20260324_1.pdf"", ""autor"": ""Roberto José Garita Mata"", ""tema_principal"": ""I. QUIZ2"", ""secciones"": ""I. QUIZ2, II. REPASO DE LA CLASE ANTERIOR(JUEVES19DE, C. Clasificador, D. ¿C ´omo se ve mi modelo de Regresi ´on Log´ıstica?, III. FUNCI ´ON DECOSTO- REGRESI ´ONLOG ´ISTICA"", ""chunk_numero"": 3, ""total_chunks"": 15}"
"w de: 30 pts
((wxi +b)−y i)2
(wxi +b)−y i
(wxi +b)−y i
(wxi +b)−y i
ii. repaso de la clase anterior(jueves19de
marzo)(regresi ´onlog ´istica)
regresión log´ıstica != regresi ón lineal
fig. 1. regresi ón lineal vs regresi ón silog´ıstica
•es una clasificaci ón binaria (0s o 1s)
•predice la probabilidad de ocurrencia de un evento binario
•lo hace mediante la distribuci ón de bernoulli:
p(x=k) =p k ·(1−p) 1−k
•dondekes el valor que puede tomar (0 o 1) ypla
probabilidad de que ocurra el evento
•debemos aplicar este modelo pero con machine learning
para que se pueda aprender solo de los datos. ¿c ómo
logramos esto? con la funci ón sigmoid
a. sigmoid (standar logistic function)
•tiene un comportamiento no lineal
•acotada entre 0 y 1
•su funci ón es:
σ(x) = 1
1 +e−x",,"{""semana"": 6, ""fecha"": ""2026-03-24"", ""nombre_archivo"": ""6_SEMANA_AI_20260324_1.pdf"", ""autor"": ""Roberto José Garita Mata"", ""tema_principal"": ""I. QUIZ2"", ""secciones"": ""I. QUIZ2, II. REPASO DE LA CLASE ANTERIOR(JUEVES19DE, C. Clasificador, D. ¿C ´omo se ve mi modelo de Regresi ´on Log´ıstica?, III. FUNCI ´ON DECOSTO- REGRESI ´ONLOG ´ISTICA"", ""chunk_numero"": 4, ""total_chunks"": 15}"
"a. sigmoid (standar logistic function)
•tiene un comportamiento no lineal
•acotada entre 0 y 1
•su funci ón es:
σ(x) = 1
1 +e−x
•xpuede ser cualquier n úmero, incluso el resultado de otra
función
[pagina 2]
fig. 2. funci ón sigmoid
b. linealidad
•σ(x) = 1
1 +e−x
resultado no lineal
•f w,b(x) =wx+b
resultado lineal
•σ(f w,b(x)) = 1
1 +e−(fw,b(x))
•¿por qu é queremos hacerlo as ´ı?
•calcular una funci ón lineal es sumamente simple (com-
putacionalmente)
•es un m étodo simple para mantener la relaci ón entre las
variables y los pesos
•obtener un comportamiento no lineal con una funci ón
sencilla como lo es la sigmoid
•permite modelar problemas con una complejidad mayor
c. clasificador
•hay que definir un umbral, que por lo general es 0.5
•siy≥0.5 = 1pertenece a la clase 1",,"{""semana"": 6, ""fecha"": ""2026-03-24"", ""nombre_archivo"": ""6_SEMANA_AI_20260324_1.pdf"", ""autor"": ""Roberto José Garita Mata"", ""tema_principal"": ""I. QUIZ2"", ""secciones"": ""I. QUIZ2, II. REPASO DE LA CLASE ANTERIOR(JUEVES19DE, C. Clasificador, D. ¿C ´omo se ve mi modelo de Regresi ´on Log´ıstica?, III. FUNCI ´ON DECOSTO- REGRESI ´ONLOG ´ISTICA"", ""chunk_numero"": 5, ""total_chunks"": 15}"
"c. clasificador
•hay que definir un umbral, que por lo general es 0.5
•siy≥0.5 = 1pertenece a la clase 1
•siyy <0.5 = 0pertenece a la clase 0
•de igual manera el umbral puede cambiar, dependiendo
de la situaci ón
d. ¿c ómo se ve mi modelo de regresi ón log´ıstica?
•su funci ón es:
σ(fw,b(x)) = 1
1 +e−(fw,b(x))
•su resultado es no lineal
•acotaci ón entre 0 y 1
•la relaci ón de los features y pesos se da por la regresi ón
lineal
•probabilidad de que un evento ocurra
fig. 3. arquitectura a nivel gr áfico de regresi ón log´ıstica
fig. 4. funci ón de activaci ón (funci ón sigmoid)
e. optimizaci ón
•para optimizar nuestro modelo se necesita optimizar los
pesoswybde la regresi ón log´ıstica
•dado por la funci ón:f w,b(x) = 1
1 +e−(fw,b(x))
f . derivada sigmoid
σ(x) = 1
1 +e−x",,"{""semana"": 6, ""fecha"": ""2026-03-24"", ""nombre_archivo"": ""6_SEMANA_AI_20260324_1.pdf"", ""autor"": ""Roberto José Garita Mata"", ""tema_principal"": ""I. QUIZ2"", ""secciones"": ""I. QUIZ2, II. REPASO DE LA CLASE ANTERIOR(JUEVES19DE, C. Clasificador, D. ¿C ´omo se ve mi modelo de Regresi ´on Log´ıstica?, III. FUNCI ´ON DECOSTO- REGRESI ´ONLOG ´ISTICA"", ""chunk_numero"": 6, ""total_chunks"": 15}"
"pesoswybde la regresi ón log´ıstica
•dado por la funci ón:f w,b(x) = 1
1 +e−(fw,b(x))
f . derivada sigmoid
σ(x) = 1
1 +e−x
σ′(x) = 1′ ·(1 +e −x)−(1·(1 +e −x)′)
(1 +e−x)2
σ′(x) = 0−1·(1 ′ + (e−x)′)
(1 +e−x)2
σ′(x) = −(0−(−e −x))
(1 +e−x)2
σ′(x) = e−x
(1 +e−x)2
podemos observar que es medio fea de utilizar entonces
vamos a usar un truco para que quede un poco mejor.
σ′(x) = e−x
(1 +e−x)2
σ′(x) = e−x + 1−1
(1 +e−x)2
σ′(x) = e−x + 1
(1 +e−x)2 − 1
(1 +e−x)2
[pagina 3]
σ′(x) = 1
(1 +e−x) − 1
(1 +e−x)2
σ′(x) = 1
(1 +e−x) ·
(1 +e−x)
factor com ún
σ′(x) =σ(x)·(1−σ(x))
g. verosimilitud vs mse
•no usamos mse
•necesitamos una funci ón de costo relacionada a proba-
bilidades
•verosimilitud es la probabilidad condicional que se ob-
tiene de observar mi conjunto de entrenamiento, osea mis",,"{""semana"": 6, ""fecha"": ""2026-03-24"", ""nombre_archivo"": ""6_SEMANA_AI_20260324_1.pdf"", ""autor"": ""Roberto José Garita Mata"", ""tema_principal"": ""I. QUIZ2"", ""secciones"": ""I. QUIZ2, II. REPASO DE LA CLASE ANTERIOR(JUEVES19DE, C. Clasificador, D. ¿C ´omo se ve mi modelo de Regresi ´on Log´ıstica?, III. FUNCI ´ON DECOSTO- REGRESI ´ONLOG ´ISTICA"", ""chunk_numero"": 7, ""total_chunks"": 15}"
"bilidades
•verosimilitud es la probabilidad condicional que se ob-
tiene de observar mi conjunto de entrenamiento, osea mis
datos dados los par ámetros de un modelo:
l(θ|x) =p(x|θ)
•probabilidad de observar todos los datos:
l(θ|x) =p(x 1, x2, . . . , xn|θ) =p(x 1|θ)·p(x 2|θ)· · ·p(xn|θ)
fig. 5. afectaci ón de la varianza de los datos
fig. 6. m áxima verosimilitud
h. mse vs maximize likelihood
•en regresi ón lineal minimizamos el mse
•en su lugar, vamos a maximizar la verosimilitud
•optimizamos los paramentoswyb, para obtener la
máxima verosimilitud
iii. funci ´on decosto- regresi ´onlog ´istica
•la decisi ón sobre un evento sea la m ás probable posible
•maximizar la verosimilitud de todo el training set
•con los par ámetroswyb, calculamos la probabilidad de
cada observaci ón",,"{""semana"": 6, ""fecha"": ""2026-03-24"", ""nombre_archivo"": ""6_SEMANA_AI_20260324_1.pdf"", ""autor"": ""Roberto José Garita Mata"", ""tema_principal"": ""I. QUIZ2"", ""secciones"": ""I. QUIZ2, II. REPASO DE LA CLASE ANTERIOR(JUEVES19DE, C. Clasificador, D. ¿C ´omo se ve mi modelo de Regresi ´on Log´ıstica?, III. FUNCI ´ON DECOSTO- REGRESI ´ONLOG ´ISTICA"", ""chunk_numero"": 8, ""total_chunks"": 15}"
"•maximizar la verosimilitud de todo el training set
•con los par ámetroswyb, calculamos la probabilidad de
cada observaci ón
fw,b(xi)yi (1−f w,b(xi))(1−yi) , i= 1. . . n
1) casoy i = 1
•f w,b(xi)yi
(1−f w,b(xi))1−yi
•=f w,b(xi)1
((((((((1−f w,b(xi))0
•=f w,b(xi)1
2) casoy i = 1 - ejemplo de la calabaza no es naranja
•wx+b= 1.458
•f w,b(xi) =σ(wx i +b) =σ(1.458) = 0.81
•=f w,b(xi)1
((((((((1−f w,b(xi))0
•=f w,b(xi)1 =σ(1.458)
•= 0.81
la probabilidad dex i no sea naranja es 0.81
3) casoy i = 0
• fw,b(xi)yi (1−f w,b(xi))1−yi
•= fw,b(xi)0 (1−f w,b(xi))1
•= (1−f w,b(xi))1
4) casoy i = 0 - ejemplo de la calabaza no es naranja
•wx+b=−1.32
•f w,b(xi) =σ(wx i +b) =σ(−1.32) = 0.21
[pagina 4]
•= fw,b(xi)0 (1−f w,b(xi))1−0
•= (1−f w,b(xi))1 = (1−σ(−1.32))
•= (1−0.21) = 0.79",,"{""semana"": 6, ""fecha"": ""2026-03-24"", ""nombre_archivo"": ""6_SEMANA_AI_20260324_1.pdf"", ""autor"": ""Roberto José Garita Mata"", ""tema_principal"": ""I. QUIZ2"", ""secciones"": ""I. QUIZ2, II. REPASO DE LA CLASE ANTERIOR(JUEVES19DE, C. Clasificador, D. ¿C ´omo se ve mi modelo de Regresi ´on Log´ıstica?, III. FUNCI ´ON DECOSTO- REGRESI ´ONLOG ´ISTICA"", ""chunk_numero"": 9, ""total_chunks"": 15}"
"•wx+b=−1.32
•f w,b(xi) =σ(wx i +b) =σ(−1.32) = 0.21
[pagina 4]
•= fw,b(xi)0 (1−f w,b(xi))1−0
•= (1−f w,b(xi))1 = (1−σ(−1.32))
•= (1−0.21) = 0.79
la probabilidad dex i sea naranja es 0.79
fig. 7. ejemplo de la calabaza no es naranja, cuandoy i = 0 yy i = 1
a. derivada - funci ón de costo
fw,b(xi)yi (1−f w,b(xi))(1−yi) , i= 1. . . n
•para calcular la verosimilitud se necesita encontrar la
probabilidad de observar cada sample
•la derivada de una multiplicaci ón es compleja
•tenemos que buscar una equivalencia que no tengamos
que multiplicar
•para poder hacer esto, tenemos que aplicar logaritmo
1) logaritmo:
•ln(a n) =n·ln(a)
•ln(a·b) =ln(a) +ln(b)
•ln(a n ·b n) =n·ln(a) +n·ln(b)
•estrictamente creciente
2) aplicamos logaritmo a la verosimilitud:
fw,b(xi)yi ·(1−f w,b(xi))(1−yi)
ln(l) =",,"{""semana"": 6, ""fecha"": ""2026-03-24"", ""nombre_archivo"": ""6_SEMANA_AI_20260324_1.pdf"", ""autor"": ""Roberto José Garita Mata"", ""tema_principal"": ""I. QUIZ2"", ""secciones"": ""I. QUIZ2, II. REPASO DE LA CLASE ANTERIOR(JUEVES19DE, C. Clasificador, D. ¿C ´omo se ve mi modelo de Regresi ´on Log´ıstica?, III. FUNCI ´ON DECOSTO- REGRESI ´ONLOG ´ISTICA"", ""chunk_numero"": 10, ""total_chunks"": 15}"
"•ln(a n ·b n) =n·ln(a) +n·ln(b)
•estrictamente creciente
2) aplicamos logaritmo a la verosimilitud:
fw,b(xi)yi ·(1−f w,b(xi))(1−yi)
ln(l) =
ln (fw,b(xi)yi )+ln
(1−f w,b(xi))(1−yi)
ln(l) =
yi·ln (fw,b(xi))+(1−yi)·ln (1−fw,b(xi))
•es m ás f ácil de computar (nan)
•es una funci ón mas sencilla de derivar
•se llama log-likelihood
•me quita errores al momento de estar computando
las multiplicaciones de probabilidades
3) para minimizar maximizando:
•en regresi ón lineal encontramos un algoritmo para
minimizar el mse
•imaginemos que tenemos todo el c ódigo y solo
queremos cambiar la funci ón
•se puede invertir la funci ón multiplic ándola por -1
yi·ln (fw,b(xi))+(1−yi)·ln (1−fw,b(xi))
fig. 8. antes de darle vuelta
l=− 1
yi·ln(fw,b(xi))+(1−yi)·ln(1−fw,b(xi))
fig. 9. despu és de darle vuelta",,"{""semana"": 6, ""fecha"": ""2026-03-24"", ""nombre_archivo"": ""6_SEMANA_AI_20260324_1.pdf"", ""autor"": ""Roberto José Garita Mata"", ""tema_principal"": ""I. QUIZ2"", ""secciones"": ""I. QUIZ2, II. REPASO DE LA CLASE ANTERIOR(JUEVES19DE, C. Clasificador, D. ¿C ´omo se ve mi modelo de Regresi ´on Log´ıstica?, III. FUNCI ´ON DECOSTO- REGRESI ´ONLOG ´ISTICA"", ""chunk_numero"": 11, ""total_chunks"": 15}"
"yi·ln (fw,b(xi))+(1−yi)·ln (1−fw,b(xi))
fig. 8. antes de darle vuelta
l=− 1
yi·ln(fw,b(xi))+(1−yi)·ln(1−fw,b(xi))
fig. 9. despu és de darle vuelta
•despu és de invertir la funci ón, ya se puede mini-
mizar y aplicar el algoritmo de descenso de gradi-
•lo ideal es acercarse al donde loss es 0, porque si
se tiene un loss negativo, se estar ´ıa haciendo algo
mal en los c álculos
[pagina 5]
4) actualizamos los par ámetroswyb:
se necesita actualizar los par ámetroswybporque
son los que nos permiten cambiar los resultados de las
probabilidades que vamos a obtener
•para actualizar el par ámetrow: ∂l
•para actualizar el par ámetrob: ∂l
5) calculando las derivadas por medio de la composici ón
de funciones:
•funci ón de costo derivada:
li =−(y i ·ln(f w,b(xi))+(1−y i)·ln(1−f w,b(xi)))",,"{""semana"": 6, ""fecha"": ""2026-03-24"", ""nombre_archivo"": ""6_SEMANA_AI_20260324_1.pdf"", ""autor"": ""Roberto José Garita Mata"", ""tema_principal"": ""I. QUIZ2"", ""secciones"": ""I. QUIZ2, II. REPASO DE LA CLASE ANTERIOR(JUEVES19DE, C. Clasificador, D. ¿C ´omo se ve mi modelo de Regresi ´on Log´ıstica?, III. FUNCI ´ON DECOSTO- REGRESI ´ONLOG ´ISTICA"", ""chunk_numero"": 12, ""total_chunks"": 15}"
"5) calculando las derivadas por medio de la composici ón
de funciones:
•funci ón de costo derivada:
li =−(y i ·ln(f w,b(xi))+(1−y i)·ln(1−f w,b(xi)))
•modelo compuesto por 2 funciones:
fw,b(x) =a(z(x))
•funci ón sigmoid:
a(x) = 1
1 +e−x
•regresi ón lineal:
z(x) =wx+b
•l i =−(y i ·ln(a(z(x))) + (1−yi)·ln(1−a(z(x))))
∂w = ∂l
∂a · ∂a
∂z · ∂z
∂b = ∂l
∂a · ∂a
∂z · ∂z
primero se calcula la derivada parcial de l con
respecto a la funci ón sigmoid.
•l=−[y i ·ln(a(z(x))) + (1−yi)·ln(1−a(z(x)))]
∂a =−
yi · 1
a(x) ·a(x) ′
(1−y i)· 1
1−a(x) ·(1−a(x)) ′
∂a =−
 yi
a(x) ·1
 (1−y i)
1−a(x) · −1
∂a =−
 yi
 (1−y i)
1−a(x)
∂a =− yi
a(x) + (1−y i)
1−a(x)
luego calculamos la derivada parcial de la funci ón
sigmoid con respecto az.
•a(x) =σ(x) = 1
1 +e−x
•a(z(x)) = 1
1 +e−z(x)
∂z =σ(z(x))·(1−σ(z(x)))",,"{""semana"": 6, ""fecha"": ""2026-03-24"", ""nombre_archivo"": ""6_SEMANA_AI_20260324_1.pdf"", ""autor"": ""Roberto José Garita Mata"", ""tema_principal"": ""I. QUIZ2"", ""secciones"": ""I. QUIZ2, II. REPASO DE LA CLASE ANTERIOR(JUEVES19DE, C. Clasificador, D. ¿C ´omo se ve mi modelo de Regresi ´on Log´ıstica?, III. FUNCI ´ON DECOSTO- REGRESI ´ONLOG ´ISTICA"", ""chunk_numero"": 13, ""total_chunks"": 15}"
"luego calculamos la derivada parcial de la funci ón
sigmoid con respecto az.
•a(x) =σ(x) = 1
1 +e−x
•a(z(x)) = 1
1 +e−z(x)
∂z =σ(z(x))·(1−σ(z(x)))
por último calculamos la derivada parcial de cada
uno de los par ámetros con respecto a la regresi ón
lineal.
•z(x) =wx+b
∂w =x
∂b = 1
luego de haber calculado todo por separado se
hacen las multiplicaciones correspondientes.
primero la derivada parcial de l con respecto az.
∂z = ∂l
∂a · ∂a
∂z =− yi
a(z(x)) + 1−y i
(1−a(z(x))) ·
a(z(x))·(1−a(z(x)))
∂z = −yi +a(z(x))·y i +a(z(x))−a(z(x))·y i
a(z(x))−a(z(x)) 2 ·
a(z(x))−a(z(x)) 2
∂z = −yi + a(z(x))·y i +a(z(x))− a(z(x))·y i
a(z(x))−a(z(x)) 2 ·
a(z(x))−a(z(x)) 2
∂z = −yi +a(z(x))
(((((((((a(z(x))−a(z(x)) 2 · ((((((((((
a(z(x))−a(z(x)) 2
∂z =a(z(x))−y i",,"{""semana"": 6, ""fecha"": ""2026-03-24"", ""nombre_archivo"": ""6_SEMANA_AI_20260324_1.pdf"", ""autor"": ""Roberto José Garita Mata"", ""tema_principal"": ""I. QUIZ2"", ""secciones"": ""I. QUIZ2, II. REPASO DE LA CLASE ANTERIOR(JUEVES19DE, C. Clasificador, D. ¿C ´omo se ve mi modelo de Regresi ´on Log´ıstica?, III. FUNCI ´ON DECOSTO- REGRESI ´ONLOG ´ISTICA"", ""chunk_numero"": 14, ""total_chunks"": 15}"
"a(z(x))−a(z(x)) 2 ·
a(z(x))−a(z(x)) 2
∂z = −yi +a(z(x))
(((((((((a(z(x))−a(z(x)) 2 · ((((((((((
a(z(x))−a(z(x)) 2
∂z =a(z(x))−y i
segundo la derivada parcial de l con respecto aw
∂w = ∂l
∂z · ∂z
∂w = (a(z(x))−y i)·x
∂b = ∂l
∂z · ∂z
∂b = (a(z(x))−y i)·1
•recordar quea(z(x))= mi modelo!!
actualizamos par ámetros
•f w,b(x) =a(z(x))
•a(x) = 1
1 +e−x
•z(x) =wx+b",,"{""semana"": 6, ""fecha"": ""2026-03-24"", ""nombre_archivo"": ""6_SEMANA_AI_20260324_1.pdf"", ""autor"": ""Roberto José Garita Mata"", ""tema_principal"": ""I. QUIZ2"", ""secciones"": ""I. QUIZ2, II. REPASO DE LA CLASE ANTERIOR(JUEVES19DE, C. Clasificador, D. ¿C ´omo se ve mi modelo de Regresi ´on Log´ıstica?, III. FUNCI ´ON DECOSTO- REGRESI ´ONLOG ´ISTICA"", ""chunk_numero"": 15, ""total_chunks"": 15}"
"[pagina 1]
apuntes de clase - regresión logística
ic6200 — inteligencia artificial
david blancoláscarez 2020053806
escuela de ingeniería en computación
tecnológico de costa rica
24 de marzo de 2026
i. respuestasquiz2
i-a. overfitting y underfitting
overfittingocurre cuando un modelo aprende demasiado
bien los datos de entrenamiento, incluyendo ruido y particu-
laridades específicas del dataset. como consecuencia, el error
en entrenamiento es muy bajo, pero el modelo generaliza mal
y comete muchos errores en validación o prueba.
underfittingocurre cuando el modelo es demasiado simple
o está mal entrenado, por lo que ni siquiera logra capturar los
patronesbásicos de los datos. en este caso tanto el error de
entrenamiento como el de validación son altos, indicando que",,"{""semana"": 6, ""fecha"": ""2026-03-24"", ""nombre_archivo"": ""6_SEMANA_AI_20260324_2.pdf"", ""autor"": ""David Blanco Láscarez"", ""tema_principal"": ""I. RESPUESTASQUIZ2"", ""secciones"": ""I. RESPUESTASQUIZ2, II. REPASO: REGRESIÓNLINEAL VSLOGÍSTICA, III. FUNCIÓNSIGMOIDE, IV. DISTRIBUCIÓN DEBERNOULLI YVEROSIMILITUD, V. LOG-VEROSIMILITUD"", ""chunk_numero"": 1, ""total_chunks"": 10}"
"patronesbásicos de los datos. en este caso tanto el error de
entrenamiento como el de validación son altos, indicando que
el modelo no tiene capacidad suficiente o que no se entrenó
adecuadamente (pocasépocas, mala tasa de aprendizaje, etc.).
i-b. derivada de la función sigmoide
la función sigmoide estándar se define como:
σ(x) = 1
1 +e−x (1)
su derivada es:
σ′(x) =σ(x) (1−σ(x))(2)
esta forma es muy conveniente porque permite expresar la
derivada solo en función del valor ya calculado deσ(x), lo
que simplifica las implementaciones de backpropagation.
i-c. técnicas para tratamiento de datos atípicos
existen variastécnicas para trataroutliers(datos atípicos).
tres ejemplos comunes son:
1.residuos estandarizados: se normaliza el residuo res-
pecto a la desviación estándar global:|z|>2es un",,"{""semana"": 6, ""fecha"": ""2026-03-24"", ""nombre_archivo"": ""6_SEMANA_AI_20260324_2.pdf"", ""autor"": ""David Blanco Láscarez"", ""tema_principal"": ""I. RESPUESTASQUIZ2"", ""secciones"": ""I. RESPUESTASQUIZ2, II. REPASO: REGRESIÓNLINEAL VSLOGÍSTICA, III. FUNCIÓNSIGMOIDE, IV. DISTRIBUCIÓN DEBERNOULLI YVEROSIMILITUD, V. LOG-VEROSIMILITUD"", ""chunk_numero"": 2, ""total_chunks"": 10}"
"tres ejemplos comunes son:
1.residuos estandarizados: se normaliza el residuo res-
pecto a la desviación estándar global:|z|>2es un
posible outlier y|z|>3es un muy probable outlier
(eliminar o analizar).
2.winsorización: en lugar de eliminar, recortar los va-
lores extremos a unlímitemáximo ymínimo razo-
nable (por ejemplo, reemplazar valores por encima de
q3 + 1,5iqrpor ese umbral).
3.regla del iqr: outliers son valores fuera del rango
q1−1,5·iqr, q3 + 1,5·iqr
la elección de latécnica depende del contexto del problema,
del tamaño del dataset y de si los outliers representan errores
de medición o casosválidos pero poco frecuentes.
i-d. derivada parcial delrespecto aw
sea la función de costo de regresión lineal:
(wxi +b)−y i
la derivada parcial delcon respecto awse obtiene",,"{""semana"": 6, ""fecha"": ""2026-03-24"", ""nombre_archivo"": ""6_SEMANA_AI_20260324_2.pdf"", ""autor"": ""David Blanco Láscarez"", ""tema_principal"": ""I. RESPUESTASQUIZ2"", ""secciones"": ""I. RESPUESTASQUIZ2, II. REPASO: REGRESIÓNLINEAL VSLOGÍSTICA, III. FUNCIÓNSIGMOIDE, IV. DISTRIBUCIÓN DEBERNOULLI YVEROSIMILITUD, V. LOG-VEROSIMILITUD"", ""chunk_numero"": 3, ""total_chunks"": 10}"
"i-d. derivada parcial delrespecto aw
sea la función de costo de regresión lineal:
(wxi +b)−y i
la derivada parcial delcon respecto awse obtiene
aplicando regla de la cadena:
∂w = 1
(wxi +b)−y i
·x i (4)
(wxi +b−y i)x i (5)
esta expresión es la que se utiliza en descenso de gradiente
para actualizar el pesowen regresión lineal.
ii. repaso: regresiónlineal vslogística
la regresión lineal produce una salida continua no acota-
da, lo cual la hace adecuada para problemas de predicción
numérica. su función de predicción es:
fw,b(x) =wt x+b(6)
sin embargo, para problemas declasificación binariase
necesita una salida acotada entre 0 y 1 que pueda interpretarse
como una probabilidad. la regresión logística resuelve esto
combinando una función lineal con una función sigmoide no
lineal:",,"{""semana"": 6, ""fecha"": ""2026-03-24"", ""nombre_archivo"": ""6_SEMANA_AI_20260324_2.pdf"", ""autor"": ""David Blanco Láscarez"", ""tema_principal"": ""I. RESPUESTASQUIZ2"", ""secciones"": ""I. RESPUESTASQUIZ2, II. REPASO: REGRESIÓNLINEAL VSLOGÍSTICA, III. FUNCIÓNSIGMOIDE, IV. DISTRIBUCIÓN DEBERNOULLI YVEROSIMILITUD, V. LOG-VEROSIMILITUD"", ""chunk_numero"": 4, ""total_chunks"": 10}"
"como una probabilidad. la regresión logística resuelve esto
combinando una función lineal con una función sigmoide no
lineal:
fw,b(x) =σ(w t x+b) = 1
1 +e−(wt x+b) (7)
la principal ventaja de esta combinación es que los datos
internamente siguen siendo productos punto (computacional-
mente simples), y la sigmoide se encarga de transformar el
resultado al rango[0,1].
iii. funciónsigmoide
la función sigmoide estándar (standard logistic function)
se define como:
σ(x) = 1
1 +e−x (8)
sus propiedadesmás relevantes son:
[pagina 2]
salida acotada en el intervalo(0,1)
estrictamente creciente
no lineal, lo que permite resolver problemas no lineales
tanto en ml como en dl
su derivada tiene una forma muy conveniente:
σ′(x) =σ(x) (1−σ(x))(9)
se utiliza unumbral de decisión(típicamente 0.5) para",,"{""semana"": 6, ""fecha"": ""2026-03-24"", ""nombre_archivo"": ""6_SEMANA_AI_20260324_2.pdf"", ""autor"": ""David Blanco Láscarez"", ""tema_principal"": ""I. RESPUESTASQUIZ2"", ""secciones"": ""I. RESPUESTASQUIZ2, II. REPASO: REGRESIÓNLINEAL VSLOGÍSTICA, III. FUNCIÓNSIGMOIDE, IV. DISTRIBUCIÓN DEBERNOULLI YVEROSIMILITUD, V. LOG-VEROSIMILITUD"", ""chunk_numero"": 5, ""total_chunks"": 10}"
"tanto en ml como en dl
su derivada tiene una forma muy conveniente:
σ′(x) =σ(x) (1−σ(x))(9)
se utiliza unumbral de decisión(típicamente 0.5) para
convertir la probabilidad de salida en una clase binaria: si
fw,b(x)≥0,5se predice clase 1, de lo contrario clase 0.
iv. distribución debernoulli yverosimilitud
la regresión logística se fundamenta en la distribución
de bernoulli. para una variable binariak∈ {0,1}con
probabilidadp:
p(k) =p k(1−p) 1−k (10)
en nuestro modelo,p=f w,b(x). para cada muestrax i con
etiquetay i:
p(x i) =fw,b(xi)yi ·(1−f w,b(xi))1−yi (11)
esto unifica los dos casos posibles en una sola expresión:
casoy i = 1:la expresión se reduce af w,b(xi)
casoy i = 0:la expresión se reduce a1−f w,b(xi)
laverosimilitud(likelihood) del conjunto de entrenamiento",,"{""semana"": 6, ""fecha"": ""2026-03-24"", ""nombre_archivo"": ""6_SEMANA_AI_20260324_2.pdf"", ""autor"": ""David Blanco Láscarez"", ""tema_principal"": ""I. RESPUESTASQUIZ2"", ""secciones"": ""I. RESPUESTASQUIZ2, II. REPASO: REGRESIÓNLINEAL VSLOGÍSTICA, III. FUNCIÓNSIGMOIDE, IV. DISTRIBUCIÓN DEBERNOULLI YVEROSIMILITUD, V. LOG-VEROSIMILITUD"", ""chunk_numero"": 6, ""total_chunks"": 10}"
"casoy i = 0:la expresión se reduce a1−f w,b(xi)
laverosimilitud(likelihood) del conjunto de entrenamiento
completo es el producto de todas las probabilidades individua-
l(w, b) =
fw,b(xi)yi (1−f w,b(xi))1−yi (12)
el objetivo de la optimización esmaximizaresta verosimi-
litud, es decir, encontrar los parámetroswybque hacenmás
probable observar los datos de entrenamiento.
nota: no se utiliza mse en regresión logística porque no
está diseñado para probabilidades y produce superficies de
error no convexas.
v. log-verosimilitud
calcular la derivada de una multiplicación dentérminos
es computacionalmente complejo y propenso a errores nu-
méricos (underflow por multiplicar muchos valores pequeños
→nan). la solución es aplicar logaritmo natural, que es",,"{""semana"": 6, ""fecha"": ""2026-03-24"", ""nombre_archivo"": ""6_SEMANA_AI_20260324_2.pdf"", ""autor"": ""David Blanco Láscarez"", ""tema_principal"": ""I. RESPUESTASQUIZ2"", ""secciones"": ""I. RESPUESTASQUIZ2, II. REPASO: REGRESIÓNLINEAL VSLOGÍSTICA, III. FUNCIÓNSIGMOIDE, IV. DISTRIBUCIÓN DEBERNOULLI YVEROSIMILITUD, V. LOG-VEROSIMILITUD"", ""chunk_numero"": 7, ""total_chunks"": 10}"
"méricos (underflow por multiplicar muchos valores pequeños
→nan). la solución es aplicar logaritmo natural, que es
una función estrictamente creciente, por lo quemaximizar
la verosimilitud es equivalente a maximizar el logaritmo
de la verosimilitud:
lnl= ln
fw,b(xi)yi (1−f w,b(xi))1−yi
[yi lnf w,b(xi) + (1−yi) ln(1−fw,b(xi))](13)
las propiedades del logaritmo que hacen esto posible son:
ln(an) =nlna
ln(ab) = lna+ lnb
ln(anbn) =nlna+nlnb
vi. función decosto: binarycross-entropy
para usar descenso de gradiente necesitamosminimizar,
no maximizar. se cambia el signo de la log-verosimilitud y se
promedia sobren:
l(w, b) =−1
[yi lnf w,b(xi) + (1−yi) ln(1−fw,b(xi))]
esta función se conoce comobinary cross-entropy(bce)
y calcula el promedio del error entre las predicciones y las",,"{""semana"": 6, ""fecha"": ""2026-03-24"", ""nombre_archivo"": ""6_SEMANA_AI_20260324_2.pdf"", ""autor"": ""David Blanco Láscarez"", ""tema_principal"": ""I. RESPUESTASQUIZ2"", ""secciones"": ""I. RESPUESTASQUIZ2, II. REPASO: REGRESIÓNLINEAL VSLOGÍSTICA, III. FUNCIÓNSIGMOIDE, IV. DISTRIBUCIÓN DEBERNOULLI YVEROSIMILITUD, V. LOG-VEROSIMILITUD"", ""chunk_numero"": 8, ""total_chunks"": 10}"
"esta función se conoce comobinary cross-entropy(bce)
y calcula el promedio del error entre las predicciones y las
etiquetas reales sobre todas las muestras.
vii. derivadas ydescenso degradiente
para actualizar los parámetros se necesitan las derivadas
parciales delrespecto awyb. definiendo la composición
de funciones:
z(x) =w t x+b(15)
a(z) =σ(z) = 1
1 +e−z (16)
se aplica la regla de la cadena:
∂w = ∂l
∂a · ∂a
∂z · ∂z
∂w (17)
calculando cadatérmino por separado:
∂a =− yi
a(zx) + 1−y i
1−a(z x) (18)
∂z =a(z x)(1−a(z x))(ver ec. 9) (19)
∂w =x, ∂z
∂b = 1(20)
combinando, el gradiente final simplificado resulta:
∂w = (a(zx)−y i)·x(21)
∂b =a(z x)−y i (22)
dondea(z x) =fw,b(x)es la predicción actual del modelo.
la regla de actualización de pesos es:
w←w−α· ∂l
∂w (23)
b←b−α· ∂l
∂b (24)
[pagina 3]",,"{""semana"": 6, ""fecha"": ""2026-03-24"", ""nombre_archivo"": ""6_SEMANA_AI_20260324_2.pdf"", ""autor"": ""David Blanco Láscarez"", ""tema_principal"": ""I. RESPUESTASQUIZ2"", ""secciones"": ""I. RESPUESTASQUIZ2, II. REPASO: REGRESIÓNLINEAL VSLOGÍSTICA, III. FUNCIÓNSIGMOIDE, IV. DISTRIBUCIÓN DEBERNOULLI YVEROSIMILITUD, V. LOG-VEROSIMILITUD"", ""chunk_numero"": 9, ""total_chunks"": 10}"
"dondea(z x) =fw,b(x)es la predicción actual del modelo.
la regla de actualización de pesos es:
w←w−α· ∂l
∂w (23)
b←b−α· ∂l
∂b (24)
[pagina 3]
viii. resumen delmodelo
el modelo de regresión logística final queda definido por la
composición:
fw,b(x) =σ(z(x)) = 1
1 +e−(wx+b) (25)
entrada:vector de característicasx
parámetros:pesoswy sesgob
función de costo:binary cross-entropy (bce)
optimización:descenso de gradiente con gradientes de
las ecs. (21) y (22)
salida:probabilidadˆy∈(0,1), clasificada con umbral",,"{""semana"": 6, ""fecha"": ""2026-03-24"", ""nombre_archivo"": ""6_SEMANA_AI_20260324_2.pdf"", ""autor"": ""David Blanco Láscarez"", ""tema_principal"": ""I. RESPUESTASQUIZ2"", ""secciones"": ""I. RESPUESTASQUIZ2, II. REPASO: REGRESIÓNLINEAL VSLOGÍSTICA, III. FUNCIÓNSIGMOIDE, IV. DISTRIBUCIÓN DEBERNOULLI YVEROSIMILITUD, V. LOG-VEROSIMILITUD"", ""chunk_numero"": 10, ""total_chunks"": 10}"
"[pagina 1]
semana 6 clase 2 inteligencia artificial
*resumen de la clase impartida el d ´ıa jueves 26 de marzo
emmanuel jos é matamoros jim énez
escuela de ingenier ´ıa en computaci ón
instituto tecnológico de costa rica
cartago, costa rica
emmajose1703@estudiantec.cr
profesor: steven andrey pacheco portuguez
curso: ic6200 inteligencia artificial
abstract—este documento presenta un an álisis de las princi-
pales m étricas utilizadas en la evaluaci ón de modelos de clasifi-
cación, especialmente en el contexto de la regresi ón log´ıstica. se
abordan conceptos fundamentales como la matriz de confusi ón,
accuracy, precisi ón, recall y f1-score, destacando sus ventajas,
limitaciones y aplicaciones seg ún el tipo de problema.
i. repaso de la clase del martes24",,"{""semana"": 6, ""fecha"": ""2026-03-26"", ""nombre_archivo"": ""6_SEMANA_AI_20260326_1.pdf"", ""autor"": ""Emmanuel José Matamoros Jiménez"", ""tema_principal"": ""I. REPASO DE LA CLASE DEL MARTES24"", ""secciones"": ""I. REPASO DE LA CLASE DEL MARTES24, C. Modelo como composici ´on de funciones, D. Derivaci ´on de la funci ´on de costo, II. M ´ETRICAS, C. Accuracy"", ""chunk_numero"": 1, ""total_chunks"": 19}"
"limitaciones y aplicaciones seg ún el tipo de problema.
i. repaso de la clase del martes24
en esta sesi ón se analiz ó la formulaci ón de la funci ón de
costo para la regresi ón log ´ıstica, con el objetivo de modelar
probabilidades y tomar decisiones basadas en la m áxima
verosimilitud.
a. m áxima verosimilitud
el objetivo principal es maximizar la probabilidad de ob-
servar el conjunto de datos de entrenamiento dado el modelo.
para ello, se busca maximizar la probabilidad de observar todo
el conjunto de entrenamiento.
asumiendo que las observaciones son independientes, la
función de verosimilitud se define como:
fw,b(xi)yi (1−f w,b(xi))1−yi
dondef w,b(xi)representa la probabilidad predicha por el
modelo.
dependiendo del valor dey i, la expresi ón se simplifica:
•siy i = 1:f w,b(xi)",,"{""semana"": 6, ""fecha"": ""2026-03-26"", ""nombre_archivo"": ""6_SEMANA_AI_20260326_1.pdf"", ""autor"": ""Emmanuel José Matamoros Jiménez"", ""tema_principal"": ""I. REPASO DE LA CLASE DEL MARTES24"", ""secciones"": ""I. REPASO DE LA CLASE DEL MARTES24, C. Modelo como composici ´on de funciones, D. Derivaci ´on de la funci ´on de costo, II. M ´ETRICAS, C. Accuracy"", ""chunk_numero"": 2, ""total_chunks"": 19}"
"dondef w,b(xi)representa la probabilidad predicha por el
modelo.
dependiendo del valor dey i, la expresi ón se simplifica:
•siy i = 1:f w,b(xi)
•siy i = 0:1−f w,b(xi)
esto permite interpretar directamente la probabilidad de que
una observaci ón pertenezca a una clase.
fig. 1. m áxima verosimilitud
b. transformaci ón logar´ıtmica
trabajar con productos de probabilidades es complejo, es-
pecialmente al derivar. por ello, se aplica el logaritmo natural,
aprovechando sus propiedades:
•ln(a n) =nln(a)
•ln(a·b) = ln(a) + ln(b)
aplicando logaritmo a la verosimilitud:
logl=
[yi ln(fw,b(xi)) + (1−yi) ln(1−fw,b(xi))]
esta expresi ón se conoce comolog-likelihood, y es m ás
estable num éricamente y m ás sencilla de derivar.
para poder minimizar, se define la función de costo (entrop´ıa",,"{""semana"": 6, ""fecha"": ""2026-03-26"", ""nombre_archivo"": ""6_SEMANA_AI_20260326_1.pdf"", ""autor"": ""Emmanuel José Matamoros Jiménez"", ""tema_principal"": ""I. REPASO DE LA CLASE DEL MARTES24"", ""secciones"": ""I. REPASO DE LA CLASE DEL MARTES24, C. Modelo como composici ´on de funciones, D. Derivaci ´on de la funci ´on de costo, II. M ´ETRICAS, C. Accuracy"", ""chunk_numero"": 3, ""total_chunks"": 19}"
"estable num éricamente y m ás sencilla de derivar.
para poder minimizar, se define la función de costo (entrop´ıa
cruzada ocross-entropy) como la negativa:
j=− 1
[yi ln(fw,b(xi)) + (1−yi) ln(1−fw,b(xi))]
c. modelo como composici ón de funciones
el modelo log´ıstico puede expresarse como la composici ón
de dos funciones:
fw,b(x) =a(z(x))
donde:
[pagina 2]
z(x) =wx+b
a(z) = 1
1 +e−z
la funci óna(z)corresponde a la funci ón sigmoide, la cual
convierte una salida lineal en una probabilidad.
d. derivaci ón de la funci ón de costo
para optimizar el modelo, se calculan las derivadas parciales
de la funci ón de p érdida. para una observaci ón individual:
li =−(y i ln(a(z(xi))) + (1−yi) ln(1−a(z(x i))))
aplicando la regla de la cadena:
∂w = ∂li
∂a · ∂a
∂z · ∂z
∂b = ∂li
∂a · ∂a
∂z · ∂z",,"{""semana"": 6, ""fecha"": ""2026-03-26"", ""nombre_archivo"": ""6_SEMANA_AI_20260326_1.pdf"", ""autor"": ""Emmanuel José Matamoros Jiménez"", ""tema_principal"": ""I. REPASO DE LA CLASE DEL MARTES24"", ""secciones"": ""I. REPASO DE LA CLASE DEL MARTES24, C. Modelo como composici ´on de funciones, D. Derivaci ´on de la funci ´on de costo, II. M ´ETRICAS, C. Accuracy"", ""chunk_numero"": 4, ""total_chunks"": 19}"
"li =−(y i ln(a(z(xi))) + (1−yi) ln(1−a(z(x i))))
aplicando la regla de la cadena:
∂w = ∂li
∂a · ∂a
∂z · ∂z
∂b = ∂li
∂a · ∂a
∂z · ∂z
se derivan cada una de las partes:
•derivada de la sigmoide:
∂z =a(z)(1−a(z))
•derivadas de la funci ón lineal:
∂w =x, ∂z
∂b = 1
al simplificar todas las expresiones, se obtiene un resultado
clave:
∂z =a(z(x i))−y i
por lo tanto:
∂w = (a(z(xi))−y i)·x i
∂b = (a(z(xi))−y i)
esto muestra que el error del modelo corresponde a la
diferencia entre la predicci ón probabil ´ıstica y el valor real,
lo cual gu ´ıa la actualizaci ón de los par ámetros durante el
entrenamiento.
e. actualizaci ón de par ámetros
los par ámetroswybse actualizan mediante descenso por
gradiente:
w:=w−α 1
(a(z(xi))−y i)xi
b:=b−α 1
(a(z(xi))−y i)
dondeαes la tasa de aprendizaje.",,"{""semana"": 6, ""fecha"": ""2026-03-26"", ""nombre_archivo"": ""6_SEMANA_AI_20260326_1.pdf"", ""autor"": ""Emmanuel José Matamoros Jiménez"", ""tema_principal"": ""I. REPASO DE LA CLASE DEL MARTES24"", ""secciones"": ""I. REPASO DE LA CLASE DEL MARTES24, C. Modelo como composici ´on de funciones, D. Derivaci ´on de la funci ´on de costo, II. M ´ETRICAS, C. Accuracy"", ""chunk_numero"": 5, ""total_chunks"": 19}"
"los par ámetroswybse actualizan mediante descenso por
gradiente:
w:=w−α 1
(a(z(xi))−y i)xi
b:=b−α 1
(a(z(xi))−y i)
dondeαes la tasa de aprendizaje.
este proceso se repite iterativamente hasta minimizar la
función de costo, permitiendo que el modelo mejore sus
predicciones.
ii. m ´etricas
una vez entrenado un modelo, surge la necesidad de
evaluarlo adecuadamente. es posible que distintos algoritmos
presenten valores similares en la función de costo, pero esto no
garantiza que su desempe ño sea equivalente en la práctica. por
ello, se requieren m étricas que permitan comparar modelos de
manera objetiva y fundamentar la toma de decisiones.
a. ¿qu é es una m étrica?
las métricas son medidas cuantitativas utilizadas para eval-
uar el rendimiento de un modelo predictivo. estas permiten",,"{""semana"": 6, ""fecha"": ""2026-03-26"", ""nombre_archivo"": ""6_SEMANA_AI_20260326_1.pdf"", ""autor"": ""Emmanuel José Matamoros Jiménez"", ""tema_principal"": ""I. REPASO DE LA CLASE DEL MARTES24"", ""secciones"": ""I. REPASO DE LA CLASE DEL MARTES24, C. Modelo como composici ´on de funciones, D. Derivaci ´on de la funci ´on de costo, II. M ´ETRICAS, C. Accuracy"", ""chunk_numero"": 6, ""total_chunks"": 19}"
"a. ¿qu é es una m étrica?
las métricas son medidas cuantitativas utilizadas para eval-
uar el rendimiento de un modelo predictivo. estas permiten
analizar qu é tan bien se comporta un modelo frente a datos
reales y constituyen la forma m ás objetiva de comparaci ón
entre diferentes enfoques.
además, las m étricas funcionan como un mecanismo de
validación, permitiendo identificar situaciones en las que el
modelo no se comporta conforme a lo esperado, aun cuando
la funci ón de costo sugiera un buen desempe ño.
b. matriz de confusi ón
en problemas de clasificaci ón binaria, donde existen dos
clases posibles (positiva: 1, negativa: 0), se utiliza la matriz
de confusi ón como herramienta fundamental de an álisis.
fig. 2. matriz de confusi ón",,"{""semana"": 6, ""fecha"": ""2026-03-26"", ""nombre_archivo"": ""6_SEMANA_AI_20260326_1.pdf"", ""autor"": ""Emmanuel José Matamoros Jiménez"", ""tema_principal"": ""I. REPASO DE LA CLASE DEL MARTES24"", ""secciones"": ""I. REPASO DE LA CLASE DEL MARTES24, C. Modelo como composici ´on de funciones, D. Derivaci ´on de la funci ´on de costo, II. M ´ETRICAS, C. Accuracy"", ""chunk_numero"": 7, ""total_chunks"": 19}"
"de confusi ón como herramienta fundamental de an álisis.
fig. 2. matriz de confusi ón
esta matriz permite comparar las predicciones del modelo
con los valores reales, clasificando los resultados en cuatro
categor´ıas:
•verdadero positivo (tp):el modelo predice la clase
positiva y efectivamente es positiva.
•verdadero negativo (tn):el modelo predice la clase
negativa y efectivamente es negativa.
•falso positivo (fp):el modelo predice la clase positiva
cuando en realidad es negativa (error tipo i).
•falso negativo (fn):el modelo predice la clase negativa
cuando en realidad es positiva (error tipo ii).
esta clasificaci ón permite analizar de manera m ás detallada
el comportamiento del modelo, especialmente en contextos
donde los distintos tipos de error tienen diferentes implica-
ciones.",,"{""semana"": 6, ""fecha"": ""2026-03-26"", ""nombre_archivo"": ""6_SEMANA_AI_20260326_1.pdf"", ""autor"": ""Emmanuel José Matamoros Jiménez"", ""tema_principal"": ""I. REPASO DE LA CLASE DEL MARTES24"", ""secciones"": ""I. REPASO DE LA CLASE DEL MARTES24, C. Modelo como composici ´on de funciones, D. Derivaci ´on de la funci ´on de costo, II. M ´ETRICAS, C. Accuracy"", ""chunk_numero"": 8, ""total_chunks"": 19}"
"el comportamiento del modelo, especialmente en contextos
donde los distintos tipos de error tienen diferentes implica-
ciones.
[pagina 3]
c. accuracy
laaccuracy(exactitud) es una de las m étricas más básicas
y ampliamente utilizadas. mide la proporci ón de predicciones
correctas realizadas por el modelo respecto al total de obser-
vaciones.
se define como:
accuracy= t p+t n
t p+t n+f p+f n
esta m étrica considera tanto los aciertos como los errores
del modelo. en un escenario ideal, donde no existen errores
(f p= 0yf n= 0), la accuracy ser ´ıa igual a 1.
fig. 3. representaci ón de accuracy
la accuracy es especialmente útil cuando las clases est án
balanceadas y los distintos tipos de error tienen la misma
importancia. sin embargo, presenta limitaciones importantes:",,"{""semana"": 6, ""fecha"": ""2026-03-26"", ""nombre_archivo"": ""6_SEMANA_AI_20260326_1.pdf"", ""autor"": ""Emmanuel José Matamoros Jiménez"", ""tema_principal"": ""I. REPASO DE LA CLASE DEL MARTES24"", ""secciones"": ""I. REPASO DE LA CLASE DEL MARTES24, C. Modelo como composici ´on de funciones, D. Derivaci ´on de la funci ´on de costo, II. M ´ETRICAS, C. Accuracy"", ""chunk_numero"": 9, ""total_chunks"": 19}"
"balanceadas y los distintos tipos de error tienen la misma
importancia. sin embargo, presenta limitaciones importantes:
•no distingue entre tipos de error (fp y fn).
•puede ser enga ñosa en datasets desbalanceados.
•no refleja adecuadamente el desempe ño en clases minori-
tarias.
d. precision y recall
para complementar el an álisis, se introducen m étricas que
permiten evaluar el modelo desde distintas perspectivas:
•precisi ón (precision):indica qu é proporci ón de las
predicciones positivas fueron correctas.
p recision= t p
t p+f p
fig. 4. representaci ón de precision
•recall (sensibilidad):indica qu é proporci ón de los
positivos reales fueron correctamente identificados.
recall= t p
t p+f n
fig. 5. representaci ón de recall
estas m étricas son fundamentales en problemas donde los",,"{""semana"": 6, ""fecha"": ""2026-03-26"", ""nombre_archivo"": ""6_SEMANA_AI_20260326_1.pdf"", ""autor"": ""Emmanuel José Matamoros Jiménez"", ""tema_principal"": ""I. REPASO DE LA CLASE DEL MARTES24"", ""secciones"": ""I. REPASO DE LA CLASE DEL MARTES24, C. Modelo como composici ´on de funciones, D. Derivaci ´on de la funci ´on de costo, II. M ´ETRICAS, C. Accuracy"", ""chunk_numero"": 10, ""total_chunks"": 19}"
"recall= t p
t p+f n
fig. 5. representaci ón de recall
estas m étricas son fundamentales en problemas donde los
errores tienen diferentes costos, como en detecci ón de enfer-
medades o fraudes.
e. f1-score
elf1-scorees una m étrica que combina precisi ón y recall
en un solo valor, utilizando la media arm ónica:
f1 = 2· p recision·recall
p recision+recall
esta m étrica es útil cuando se busca un equilibrio entre
precisión y recall, especialmente en datasets desbalanceados.
f . caso de estudio
se analiza un problema de clasificaci ón binaria en el con-
texto m édico, donde se desea detectar la presencia de c áncer
en pacientes.
•total de pacientes: 1000
•pacientes con c áncer (clase positiva): 30
•pacientes sin c áncer (clase negativa): 970
[pagina 4]",,"{""semana"": 6, ""fecha"": ""2026-03-26"", ""nombre_archivo"": ""6_SEMANA_AI_20260326_1.pdf"", ""autor"": ""Emmanuel José Matamoros Jiménez"", ""tema_principal"": ""I. REPASO DE LA CLASE DEL MARTES24"", ""secciones"": ""I. REPASO DE LA CLASE DEL MARTES24, C. Modelo como composici ´on de funciones, D. Derivaci ´on de la funci ´on de costo, II. M ´ETRICAS, C. Accuracy"", ""chunk_numero"": 11, ""total_chunks"": 19}"
"en pacientes.
•total de pacientes: 1000
•pacientes con c áncer (clase positiva): 30
•pacientes sin c áncer (clase negativa): 970
[pagina 4]
supongamos que el modelo produce los siguientes resulta-
•verdaderos positivos (tp): 25
•falsos negativos (fn): 5
•verdaderos negativos (tn): 950
•falsos positivos (fp): 20
matriz de confusi ón:
predicción positiva predicción negativa
real positivo t p= 25 f n= 5
real negativo f p= 20 t n= 950
cálculo de m étricas:accuracy:
accuracy= t p+t n
t p+t n+f p+f n = 25 + 950
1000 = 0.975
precisión (precision):
p recision= t p
t p+f p= 25
25 + 20= 0.55
recall (sensibilidad):
recall= t p
t p+f n= 25
25 + 5≈0.833
f1-score:
f1 = 2· p recision·recall
p recision+recall = 2· 0.55·0.833
0.55 + 0.833≈0.66
análisis:aunque la accuracy del modelo es alta (97.5%),",,"{""semana"": 6, ""fecha"": ""2026-03-26"", ""nombre_archivo"": ""6_SEMANA_AI_20260326_1.pdf"", ""autor"": ""Emmanuel José Matamoros Jiménez"", ""tema_principal"": ""I. REPASO DE LA CLASE DEL MARTES24"", ""secciones"": ""I. REPASO DE LA CLASE DEL MARTES24, C. Modelo como composici ´on de funciones, D. Derivaci ´on de la funci ´on de costo, II. M ´ETRICAS, C. Accuracy"", ""chunk_numero"": 12, ""total_chunks"": 19}"
"f1-score:
f1 = 2· p recision·recall
p recision+recall = 2· 0.55·0.833
0.55 + 0.833≈0.66
análisis:aunque la accuracy del modelo es alta (97.5%),
esta m étrica resulta enga ñosa debido al desbalance de clases.
la mayor ´ıa de los pacientes no tienen c áncer, por lo que el
modelo puede acertar muchas veces simplemente prediciendo
la clase negativa.
sin embargo, al analizar m étricas m ás espec´ıficas:
•la precisi ón (55%) indica que solo la mitad de los
pacientes diagnosticados como positivos realmente tienen
cáncer.
•el recall (83%) muestra que el modelo logra detectar
una parte importante de los casos reales, pero a ún pierde
pacientes (fn).
•el f1-score (66%) refleja un desempe ño moderado al
equilibrar precisi ón y recall.
en un contexto m édico, el recall suele ser m ás importante",,"{""semana"": 6, ""fecha"": ""2026-03-26"", ""nombre_archivo"": ""6_SEMANA_AI_20260326_1.pdf"", ""autor"": ""Emmanuel José Matamoros Jiménez"", ""tema_principal"": ""I. REPASO DE LA CLASE DEL MARTES24"", ""secciones"": ""I. REPASO DE LA CLASE DEL MARTES24, C. Modelo como composici ´on de funciones, D. Derivaci ´on de la funci ´on de costo, II. M ´ETRICAS, C. Accuracy"", ""chunk_numero"": 13, ""total_chunks"": 19}"
"•el f1-score (66%) refleja un desempe ño moderado al
equilibrar precisi ón y recall.
en un contexto m édico, el recall suele ser m ás importante
que la precisi ón, ya que es preferible detectar m ás casos
positivos aunque se cometan algunos falsos positivos.
g. roc y auc
la curva roc (receiver operating characteristic) es una
herramienta que permite evaluar el desempe ño de un modelo
de clasificaci ón para distintos umbrales de decisi ón.
esta curva representa la relaci ón entre:
•tasa de verdaderos positivos (tpr o recall)
t p r= t p
t p+f n
•tasa de falsos positivos (fpr)
f p r= f p
f p+t n
fig. 6. representaci ón gr áfica de la curva roc
la curva roc se construye variando el umbral de clasi-
ficación del modelo (sobre sus probabilidades de salida) y
graficando el tpr frente al fpr.",,"{""semana"": 6, ""fecha"": ""2026-03-26"", ""nombre_archivo"": ""6_SEMANA_AI_20260326_1.pdf"", ""autor"": ""Emmanuel José Matamoros Jiménez"", ""tema_principal"": ""I. REPASO DE LA CLASE DEL MARTES24"", ""secciones"": ""I. REPASO DE LA CLASE DEL MARTES24, C. Modelo como composici ´on de funciones, D. Derivaci ´on de la funci ´on de costo, II. M ´ETRICAS, C. Accuracy"", ""chunk_numero"": 14, ""total_chunks"": 19}"
"la curva roc se construye variando el umbral de clasi-
ficación del modelo (sobre sus probabilidades de salida) y
graficando el tpr frente al fpr.
por otro lado, el auc (area under the curve) mide el área
bajo la curva roc y resume el desempe ño del modelo en un
único valor:
•au c= 1: modelo perfecto
•au c= 0.5: modelo equivalente al azar
•0.5< au c <1: modelo con capacidad predictiva
el auc es especialmente útil para comparar modelos, ya
que no depende de un único umbral de decisi ón y permite
evaluar la capacidad general de discriminaci ón entre clases.
fig. 7. comparaci ón roc y auc
[pagina 5]
en conclusi ón, la curva roc y el auc proporcionan una
visión m ás completa del rendimiento del modelo, especial-
mente en escenarios con clases desbalanceadas.",,"{""semana"": 6, ""fecha"": ""2026-03-26"", ""nombre_archivo"": ""6_SEMANA_AI_20260326_1.pdf"", ""autor"": ""Emmanuel José Matamoros Jiménez"", ""tema_principal"": ""I. REPASO DE LA CLASE DEL MARTES24"", ""secciones"": ""I. REPASO DE LA CLASE DEL MARTES24, C. Modelo como composici ´on de funciones, D. Derivaci ´on de la funci ´on de costo, II. M ´ETRICAS, C. Accuracy"", ""chunk_numero"": 15, ""total_chunks"": 19}"
"visión m ás completa del rendimiento del modelo, especial-
mente en escenarios con clases desbalanceadas.
iii. tarea02: implementaci ´on deregresi ´on
log´istica- pytorch
antes de finalizar la clase el profesor dej ó una tarea que
se debe entregar el d ´ıa 9 de abril. la tarea consiste en
la implementaci ón y an álisis de un modelo de regresi ón
log´ıstica aplicado a un problema de clasificaci ón binaria, cuyo
objetivo es determinar si la calidad de un vino es clasificada
comobuenaomala. para ello, se utiliza pytorch como
herramienta principal para la construcci ón, entrenamiento y
optimización del modelo.
el desarrollo de la tarea inicia con la obtenci ón del conjunto
de datos y la realizaci ón de un an álisis exploratorio (eda),
incluyendo visualizaciones como histogramas, boxplots, di-",,"{""semana"": 6, ""fecha"": ""2026-03-26"", ""nombre_archivo"": ""6_SEMANA_AI_20260326_1.pdf"", ""autor"": ""Emmanuel José Matamoros Jiménez"", ""tema_principal"": ""I. REPASO DE LA CLASE DEL MARTES24"", ""secciones"": ""I. REPASO DE LA CLASE DEL MARTES24, C. Modelo como composici ´on de funciones, D. Derivaci ´on de la funci ´on de costo, II. M ´ETRICAS, C. Accuracy"", ""chunk_numero"": 16, ""total_chunks"": 19}"
"de datos y la realizaci ón de un an álisis exploratorio (eda),
incluyendo visualizaciones como histogramas, boxplots, di-
agramas de dispersi ón y matrices de correlaci ón. a partir
de este an álisis, se deben seleccionar un m áximo de seis
caracter´ısticas relevantes, justificando matem áticamente dicha
selección. adem ás, se requiere dividir el dataset en conjuntos
de entrenamiento, validaci ón y prueba, utilizando una t écnica
adecuada comostratified sampling.
posteriormente, se implementa el modelo de regresi ón
log´ıstica en pytorch, realizando m últiples entrenamientos
(al menos diez) con diferentes configuraciones de hiper-
parámetros, tales como tasa de aprendizaje, n úmero de épocas
y tama ño de batch. durante este proceso, se debe analizar",,"{""semana"": 6, ""fecha"": ""2026-03-26"", ""nombre_archivo"": ""6_SEMANA_AI_20260326_1.pdf"", ""autor"": ""Emmanuel José Matamoros Jiménez"", ""tema_principal"": ""I. REPASO DE LA CLASE DEL MARTES24"", ""secciones"": ""I. REPASO DE LA CLASE DEL MARTES24, C. Modelo como composici ´on de funciones, D. Derivaci ´on de la funci ´on de costo, II. M ´ETRICAS, C. Accuracy"", ""chunk_numero"": 17, ""total_chunks"": 19}"
"parámetros, tales como tasa de aprendizaje, n úmero de épocas
y tama ño de batch. durante este proceso, se debe analizar
el comportamiento de la funci ón de p érdida para identificar
posibles casos deoverfitting.
la evaluaci ón del modelo se realiza mediante diversas
métricas, incluyendo accuracy, precisi ón, recall, f1-score y
auc, comparando los resultados obtenidos en cada uno de
los entrenamientos. a partir de este an álisis, se selecciona
el modelo con mejor desempe ño, el cual debe ser validado
utilizando el conjunto de prueba.
finalmente, se deben presentar los resultados del mod-
elo seleccionado mediante una matriz de confusi ón y un
análisis detallado de las métricas obtenidas. la entrega incluye
un informe formal en formato ieee desarrollado en l atex,",,"{""semana"": 6, ""fecha"": ""2026-03-26"", ""nombre_archivo"": ""6_SEMANA_AI_20260326_1.pdf"", ""autor"": ""Emmanuel José Matamoros Jiménez"", ""tema_principal"": ""I. REPASO DE LA CLASE DEL MARTES24"", ""secciones"": ""I. REPASO DE LA CLASE DEL MARTES24, C. Modelo como composici ´on de funciones, D. Derivaci ´on de la funci ´on de costo, II. M ´ETRICAS, C. Accuracy"", ""chunk_numero"": 18, ""total_chunks"": 19}"
"análisis detallado de las métricas obtenidas. la entrega incluye
un informe formal en formato ieee desarrollado en l atex,
acompañado de un notebook con la implementaci ón completa
del modelo.",,"{""semana"": 6, ""fecha"": ""2026-03-26"", ""nombre_archivo"": ""6_SEMANA_AI_20260326_1.pdf"", ""autor"": ""Emmanuel José Matamoros Jiménez"", ""tema_principal"": ""I. REPASO DE LA CLASE DEL MARTES24"", ""secciones"": ""I. REPASO DE LA CLASE DEL MARTES24, C. Modelo como composici ´on de funciones, D. Derivaci ´on de la funci ´on de costo, II. M ´ETRICAS, C. Accuracy"", ""chunk_numero"": 19, ""total_chunks"": 19}"
"[pagina 1]
resumen de: semana 6 clase 2 inteligencia
artificial
victor aymerich
instituto tecnológico de costa rica
cartago, costa rica
abstract—este documento describe los principios fundamen-
tales de la regresi ón log´ıstica y las principales medidas utilizadas
para evaluar modelos de clasificaci ón. se analizan conceptos
como la funci ón de verosimilitud, la entrop ´ıa cruzada y el
descenso de gradiente, adem ás de m étricas clave como accuracy,
precision, recall, f1-score y auc. tambi én se presenta un
ejemplo aplicado para evidenciar las limitaciones de ciertas
métricas en escenarios con datos desbalanceados.
index terms—regresión log´ıstica, clasificación, métricas, ac-
curacy, precision, recall, f1-score, auc
i. introducci ´on",,"{""semana"": 6, ""fecha"": ""2026-03-26"", ""nombre_archivo"": ""6_SEMANA_AI_20260326_2.pdf"", ""autor"": ""Victor Aymerich"", ""tema_principal"": ""I. INTRODUCCI ´ON"", ""secciones"": ""I. INTRODUCCI ´ON, II. FUNDAMENTOSTE ´ORICOS, C. Modelo como Composici ´on de Funciones, D. Derivaci ´on de la Funci ´on de Costo, III. M ´ETRICAS DEEVALUACI ´ON"", ""chunk_numero"": 1, ""total_chunks"": 12}"
"index terms—regresión log´ıstica, clasificación, métricas, ac-
curacy, precision, recall, f1-score, auc
i. introducci ´on
los modelos de clasificaci ón son ampliamente utilizados
en problemas donde se requiere asignar una categor ´ıa a una
observación. dentro de estos, la regresi ón log´ıstica es uno de
los enfoques m ás importantes debido a su interpretabilidad y
eficiencia.
este trabajo repasa c ómo este modelo transforma una com-
binación lineal de variables en probabilidades y c ómo se
optimiza mediante t écnicas matemáticas. además, se estudian
diferentes m étricas que permiten evaluar su desempe ño de
manera adecuada.
ii. fundamentoste ´oricos
a. m áxima verosimilitud
el objetivo del modelo es encontrar los par ámetros que
maximizan la probabilidad de observar los datos disponibles.",,"{""semana"": 6, ""fecha"": ""2026-03-26"", ""nombre_archivo"": ""6_SEMANA_AI_20260326_2.pdf"", ""autor"": ""Victor Aymerich"", ""tema_principal"": ""I. INTRODUCCI ´ON"", ""secciones"": ""I. INTRODUCCI ´ON, II. FUNDAMENTOSTE ´ORICOS, C. Modelo como Composici ´on de Funciones, D. Derivaci ´on de la Funci ´on de Costo, III. M ´ETRICAS DEEVALUACI ´ON"", ""chunk_numero"": 2, ""total_chunks"": 12}"
"a. m áxima verosimilitud
el objetivo del modelo es encontrar los par ámetros que
maximizan la probabilidad de observar los datos disponibles.
asumiendo que las observaciones son independientes, la
función de verosimilitud se define como:
fw,b(xi)yi (1−f w,b(xi))1−yi
dondef w,b(xi)representa la probabilidad predicha por
el modelo. dependiendo del valor dey i, la expresi ón se
simplifica: siy i = 1, contribuyefw,b(xi); siy i = 0, contribuye
1−f w,b(xi).
fig. 1: m áxima verosimilitud
b. transformaci ón logar´ıtmica
trabajar con productos de probabilidades es num éricamente
inestable y dif´ıcil de derivar. por ello, se aplica logaritmo nat-
ural, aprovechando queln(a·b) = ln(a) + ln(b), convirtiendo
productos en sumas:
logl=
[yi ln(fw,b(xi)) + (1−yi) ln(1−fw,b(xi))]",,"{""semana"": 6, ""fecha"": ""2026-03-26"", ""nombre_archivo"": ""6_SEMANA_AI_20260326_2.pdf"", ""autor"": ""Victor Aymerich"", ""tema_principal"": ""I. INTRODUCCI ´ON"", ""secciones"": ""I. INTRODUCCI ´ON, II. FUNDAMENTOSTE ´ORICOS, C. Modelo como Composici ´on de Funciones, D. Derivaci ´on de la Funci ´on de Costo, III. M ´ETRICAS DEEVALUACI ´ON"", ""chunk_numero"": 3, ""total_chunks"": 12}"
"ural, aprovechando queln(a·b) = ln(a) + ln(b), convirtiendo
productos en sumas:
logl=
[yi ln(fw,b(xi)) + (1−yi) ln(1−fw,b(xi))]
esta expresi ón se conoce comolog-likelihood. para poder
minimizar, se define la funci ón de costo (entrop ´ıa cruzada o
cross-entropy) como su negativa:
j=− 1
[yi ln(fw,b(xi)) + (1−yi) ln(1−fw,b(xi))]
c. modelo como composici ón de funciones
el modelo log´ıstico puede expresarse como la composici ón
de dos funciones:f w,b(x) =a(z(x)), donde:
z(x) =wx+b a(z) = 1
1 +e−z (4)
la funci óna(z)corresponde a lafunci ón sigmoide, que
transforma una salida lineal en una probabilidad entre 0 y 1.
d. derivaci ón de la funci ón de costo
para optimizar el modelo se calculan las derivadas parciales
de la p érdida mediante la regla de la cadena:
∂w = ∂li
∂a · ∂a
∂z · ∂z
∂w (5)",,"{""semana"": 6, ""fecha"": ""2026-03-26"", ""nombre_archivo"": ""6_SEMANA_AI_20260326_2.pdf"", ""autor"": ""Victor Aymerich"", ""tema_principal"": ""I. INTRODUCCI ´ON"", ""secciones"": ""I. INTRODUCCI ´ON, II. FUNDAMENTOSTE ´ORICOS, C. Modelo como Composici ´on de Funciones, D. Derivaci ´on de la Funci ´on de Costo, III. M ´ETRICAS DEEVALUACI ´ON"", ""chunk_numero"": 4, ""total_chunks"": 12}"
"para optimizar el modelo se calculan las derivadas parciales
de la p érdida mediante la regla de la cadena:
∂w = ∂li
∂a · ∂a
∂z · ∂z
∂w (5)
[pagina 2]
usando que la derivada de la sigmoide es ∂a
∂z =a(z)(1−
a(z)), y que ∂z
∂w =x, ∂z
∂b = 1, se simplifica a un resultado
clave:
∂w = (a(z(xi))−y i)·x i
∂b =a(z(x i))−y i (6)
esto muestra que el gradiente es simplemente el error entre
la predicci ón probabil´ıstica y el valor real.
e. actualizaci ón de par ámetros
los parámetroswybse actualizan iterativamente mediante
descenso por gradiente:
w:=w−α 1
(a(z(xi))−y i)x i (7)
b:=b−α 1
(a(z(xi))−y i)(8)
dondeαes la tasa de aprendizaje. este proceso se repite
hasta minimizar la funci ón de costo.
iii. m ´etricas deevaluaci ´on
una vez entrenado un modelo, es necesario evaluarlo con",,"{""semana"": 6, ""fecha"": ""2026-03-26"", ""nombre_archivo"": ""6_SEMANA_AI_20260326_2.pdf"", ""autor"": ""Victor Aymerich"", ""tema_principal"": ""I. INTRODUCCI ´ON"", ""secciones"": ""I. INTRODUCCI ´ON, II. FUNDAMENTOSTE ´ORICOS, C. Modelo como Composici ´on de Funciones, D. Derivaci ´on de la Funci ´on de Costo, III. M ´ETRICAS DEEVALUACI ´ON"", ""chunk_numero"": 5, ""total_chunks"": 12}"
"hasta minimizar la funci ón de costo.
iii. m ´etricas deevaluaci ´on
una vez entrenado un modelo, es necesario evaluarlo con
métricas cuantitativas. distintos algoritmos pueden presentar
valores similares en la funci ón de costo sin tener el mismo
desempeño pr áctico, por lo que las m étricas permiten una
comparación objetiva.
a. matriz de confusi ón
en clasificaci ón binaria, la matriz de confusi ón compara las
predicciones del modelo con los valores reales, clasificando
los resultados en cuatro categor ´ıas:
•verdadero positivo (tp):predicci ón positiva correcta.
•verdadero negativo (tn):predicci ón negativa correcta.
•falso positivo (fp):predicci ón positiva incorrecta (error
tipo i).
•falso negativo (fn):predicci ón negativa incorrecta
(error tipo ii).
fig. 2: matriz de confusi ón",,"{""semana"": 6, ""fecha"": ""2026-03-26"", ""nombre_archivo"": ""6_SEMANA_AI_20260326_2.pdf"", ""autor"": ""Victor Aymerich"", ""tema_principal"": ""I. INTRODUCCI ´ON"", ""secciones"": ""I. INTRODUCCI ´ON, II. FUNDAMENTOSTE ´ORICOS, C. Modelo como Composici ´on de Funciones, D. Derivaci ´on de la Funci ´on de Costo, III. M ´ETRICAS DEEVALUACI ´ON"", ""chunk_numero"": 6, ""total_chunks"": 12}"
"tipo i).
•falso negativo (fn):predicci ón negativa incorrecta
(error tipo ii).
fig. 2: matriz de confusi ón
b. accuracy
la exactitud mide el porcentaje total de predicciones cor-
rectas:
accuracy= t p+t n
t p+t n+f p+f n (9)
aunque es intuitiva, puede ser enga ñosa cuando las clases
no están equilibradas, ya que no distingue entre tipos de error
ni refleja el desempe ño en clases minoritarias.
c. precision y recall
estas m étricas ofrecen una visi ón m ás detallada del com-
portamiento del modelo:
p recision= t p
t p+f p recall= t p
t p+f n (10)
laprecisionindica qu é proporci ón de las predicciones
positivas fueron correctas, mientras que elrecallindica qu é
proporción de los positivos reales fueron detectados.
fig. 3: diagrama de precision y recall
[pagina 3]
d. f1-score",,"{""semana"": 6, ""fecha"": ""2026-03-26"", ""nombre_archivo"": ""6_SEMANA_AI_20260326_2.pdf"", ""autor"": ""Victor Aymerich"", ""tema_principal"": ""I. INTRODUCCI ´ON"", ""secciones"": ""I. INTRODUCCI ´ON, II. FUNDAMENTOSTE ´ORICOS, C. Modelo como Composici ´on de Funciones, D. Derivaci ´on de la Funci ´on de Costo, III. M ´ETRICAS DEEVALUACI ´ON"", ""chunk_numero"": 7, ""total_chunks"": 12}"
"proporción de los positivos reales fueron detectados.
fig. 3: diagrama de precision y recall
[pagina 3]
d. f1-score
combina precision y recall en un solo valor mediante la
media arm ónica:
f1 = 2· p recision·recall
p recision+recall (11)
es especialmente útil en datasets desbalanceados donde se
busca equilibrio entre ambas m étricas.
e. curva roc y auc
la curva roc (receiver operating characteristic) eval úa
el desempe ño del modelo para distintos umbrales de decisi ón,
graficando la tasa de verdaderos positivos (tpr) frente a la
tasa de falsos positivos (fpr):
t p r= t p
t p+f n f p r= f p
f p+t n (12)
elauc(area under the curve) resume el rendimiento
en un único valor: auc = 1 indica un clasificador perfecto,
auc = 0.5 equivale al azar, y0.5<auc<1indica",,"{""semana"": 6, ""fecha"": ""2026-03-26"", ""nombre_archivo"": ""6_SEMANA_AI_20260326_2.pdf"", ""autor"": ""Victor Aymerich"", ""tema_principal"": ""I. INTRODUCCI ´ON"", ""secciones"": ""I. INTRODUCCI ´ON, II. FUNDAMENTOSTE ´ORICOS, C. Modelo como Composici ´on de Funciones, D. Derivaci ´on de la Funci ´on de Costo, III. M ´ETRICAS DEEVALUACI ´ON"", ""chunk_numero"": 8, ""total_chunks"": 12}"
"en un único valor: auc = 1 indica un clasificador perfecto,
auc = 0.5 equivale al azar, y0.5<auc<1indica
capacidad predictiva real. es especialmente útil para comparar
modelos sin depender de un umbral fijo.
fig. 4: curva roc y auc
iv. caso deestudio
se analiza un problema m édico de clasificaci ón binaria
para detectar c áncer en pacientes, con datos desbalanceados:
1000 pacientes en total, 30 con c áncer (clase positiva) y 970
sin c áncer (clase negativa). el modelo produce los siguientes
resultados: tp = 25, fn = 5, tn = 950, fp = 20.
table i: matriz de confusi ón del caso de estudio
pred. positiva pred. negativa
real positivotp = 25 fn = 5
real negativofp = 20 tn = 950
cálculo de m étricas:
accuracy= 25 + 950
1000 = 0.975(13)
p recision= 25
25 + 20≈0.55recall= 25
25 + 5≈0.833",,"{""semana"": 6, ""fecha"": ""2026-03-26"", ""nombre_archivo"": ""6_SEMANA_AI_20260326_2.pdf"", ""autor"": ""Victor Aymerich"", ""tema_principal"": ""I. INTRODUCCI ´ON"", ""secciones"": ""I. INTRODUCCI ´ON, II. FUNDAMENTOSTE ´ORICOS, C. Modelo como Composici ´on de Funciones, D. Derivaci ´on de la Funci ´on de Costo, III. M ´ETRICAS DEEVALUACI ´ON"", ""chunk_numero"": 9, ""total_chunks"": 12}"
"real negativofp = 20 tn = 950
cálculo de m étricas:
accuracy= 25 + 950
1000 = 0.975(13)
p recision= 25
25 + 20≈0.55recall= 25
25 + 5≈0.833
f1 = 2· 0.55·0.833
0.55 + 0.833≈0.66(15)
aunque la accuracy es alta (97.5%), resulta enga ñosa: el
modelo puede acertar simplemente prediciendo siempre la
clase negativa. la precision del 55% revela que solo la mitad
de los diagn ósticos positivos son correctos, y el recall del
83.3% indica que a ún se pierden 5 pacientes con c áncer.
en contextos m édicos, el recall suele priorizarse sobre la
precision.
v. discusi ´on
los resultados muestran que no es suficiente evaluar un
modelo con una sola m étrica. en escenarios reales, es nece-
sario considerar varias medidas dependiendo del contexto del
problema.",,"{""semana"": 6, ""fecha"": ""2026-03-26"", ""nombre_archivo"": ""6_SEMANA_AI_20260326_2.pdf"", ""autor"": ""Victor Aymerich"", ""tema_principal"": ""I. INTRODUCCI ´ON"", ""secciones"": ""I. INTRODUCCI ´ON, II. FUNDAMENTOSTE ´ORICOS, C. Modelo como Composici ´on de Funciones, D. Derivaci ´on de la Funci ´on de Costo, III. M ´ETRICAS DEEVALUACI ´ON"", ""chunk_numero"": 10, ""total_chunks"": 12}"
"modelo con una sola m étrica. en escenarios reales, es nece-
sario considerar varias medidas dependiendo del contexto del
problema.
por ejemplo, en aplicaciones m édicas, es preferible maxi-
mizar el recall para evitar omitir casos importantes, aun a costa
de incrementar los falsos positivos.
vi. conclusiones
•la regresi ón log´ıstica permite modelar probabilidades de
forma efectiva mediante la composici ón de una funci ón
lineal y la sigmoide.
•la entrop ´ıa cruzada es clave para entrenar el modelo y
se deriva directamente de la m áxima verosimilitud.
•accuracy por s ´ı sola no siempre refleja el desempe ño
real, especialmente en datasets desbalanceados.
•precision, recall y f1-score ofrecen un an álisis m ás
completo al considerar los distintos tipos de error.",,"{""semana"": 6, ""fecha"": ""2026-03-26"", ""nombre_archivo"": ""6_SEMANA_AI_20260326_2.pdf"", ""autor"": ""Victor Aymerich"", ""tema_principal"": ""I. INTRODUCCI ´ON"", ""secciones"": ""I. INTRODUCCI ´ON, II. FUNDAMENTOSTE ´ORICOS, C. Modelo como Composici ´on de Funciones, D. Derivaci ´on de la Funci ´on de Costo, III. M ´ETRICAS DEEVALUACI ´ON"", ""chunk_numero"": 11, ""total_chunks"": 12}"
"•precision, recall y f1-score ofrecen un an álisis m ás
completo al considerar los distintos tipos de error.
•el auc es una m étrica robusta para comparar modelos
independientemente del umbral de decisi ón.",,"{""semana"": 6, ""fecha"": ""2026-03-26"", ""nombre_archivo"": ""6_SEMANA_AI_20260326_2.pdf"", ""autor"": ""Victor Aymerich"", ""tema_principal"": ""I. INTRODUCCI ´ON"", ""secciones"": ""I. INTRODUCCI ´ON, II. FUNDAMENTOSTE ´ORICOS, C. Modelo como Composici ´on de Funciones, D. Derivaci ´on de la Funci ´on de Costo, III. M ´ETRICAS DEEVALUACI ´ON"", ""chunk_numero"": 12, ""total_chunks"": 12}"
"[pagina 1]
apuntes clase 1 semana 7
jose maria vindas ortiz
escuela de ingenier ´ıa en computadores
instituto tecnológico de costa rica
profesor: steven pacheco portuguez
curso: ic6200 inteligencia artificial
fecha: 7 de abril de 2026
abstract—en esta lecci ón se inici ó con el tema de redes neu-
ronales, pero enfoc ándose primeramente en el preprocesamiento
de datos, el cual es necesario para que este tipo de modelos
funcione correctamente. se explicaron los problemas de los datos
y c ómo solucionarlos con diferentes t écnicas.
i. introducci ´on
antes de iniciar con el tema de redes neuronales, es nece-
sario aprender sobre el preprocesamiento de datos, ya que este
tipo de modelos es sensible a los datos, espec ´ıficamente a la
diferencia entre escalas.",,"{""semana"": 7, ""fecha"": ""2026-04-07"", ""nombre_archivo"": ""7_SEMANA_AI_20260407_1.pdf"", ""autor"": ""Jose Maria Vindas Ortiz"", ""tema_principal"": ""I. INTRODUCCI ´ON"", ""secciones"": ""I. INTRODUCCI ´ON, II. PROBLEMAS, C. Inconsistencia, III. SOLUCI ´ON, IV. DATACLEANING"", ""chunk_numero"": 1, ""total_chunks"": 21}"
"tipo de modelos es sensible a los datos, espec ´ıficamente a la
diferencia entre escalas.
por ejemplo, si se analizan los ingresos y la cantidad de
carros que una persona tiene, mientras que los ingresos pueden
estar en rangos de miles o incluso millones, la cantidad de
carros, con mucha suerte, apenas alcanza el rango de decenas.
esto puede generar overfitting, ya que el modelo se ajusta
más al valor m ás grande. debido al uso de derivadas para
ajustar el modelo, estas tienden a favorecer valores mayores
por sus cambios m ás notorios.
ii. problemas
muchas veces no se tendr án valores perfectos para su uso.
principalmente, se presentan los siguientes problemas:
•incompletitud
•inexactitud o ruido
•inconsistencia
a. incompletitud
consiste en valores faltantes en atributos importantes.",,"{""semana"": 7, ""fecha"": ""2026-04-07"", ""nombre_archivo"": ""7_SEMANA_AI_20260407_1.pdf"", ""autor"": ""Jose Maria Vindas Ortiz"", ""tema_principal"": ""I. INTRODUCCI ´ON"", ""secciones"": ""I. INTRODUCCI ´ON, II. PROBLEMAS, C. Inconsistencia, III. SOLUCI ´ON, IV. DATACLEANING"", ""chunk_numero"": 2, ""total_chunks"": 21}"
"•incompletitud
•inexactitud o ruido
•inconsistencia
a. incompletitud
consiste en valores faltantes en atributos importantes.
sucede debido a diferentes razones:
•atributos de inter és no siempre est án disponibles.
•no se incluyen porque no se consideraron importantes en
el momento de la selecci ón.
•datos relevantes no se registran por malentendidos o
fallos del equipo.
•los valores faltantes en atributos pueden necesitar ser
inferidos.
b. inexactitud o ruido
consiste en errores y valores at ´ıpicos en las transacciones.
sucede debido a diferentes razones:
•instrumentos de recolecci ón de datos defectuosos.
•errores humanos o computacionales en la entrada de
datos.
•usuarios que ingresan valores falsos para ocultar los
reales, por ejemplo, poner ”1 de enero” como fecha de",,"{""semana"": 7, ""fecha"": ""2026-04-07"", ""nombre_archivo"": ""7_SEMANA_AI_20260407_1.pdf"", ""autor"": ""Jose Maria Vindas Ortiz"", ""tema_principal"": ""I. INTRODUCCI ´ON"", ""secciones"": ""I. INTRODUCCI ´ON, II. PROBLEMAS, C. Inconsistencia, III. SOLUCI ´ON, IV. DATACLEANING"", ""chunk_numero"": 3, ""total_chunks"": 21}"
"datos.
•usuarios que ingresan valores falsos para ocultar los
reales, por ejemplo, poner ”1 de enero” como fecha de
cumpleaños para ocultar la real, tambi én conocidos como
”datos faltantes disfrazados”.
c. inconsistencia
consiste en discrepancias en los c ódigos de departamentos
o categor´ıas.
sucede debido a diferentes razones:
•diferencias en convenciones de nombres o c ódigos usa-
dos para clasificar elementos.
•conflictos entre bases de datos o sistemas que manejan
el mismo tipo de informaci ón.
•errores al integrar datos de m últiples fuentes het-
erogéneas.
•actualizaciones parciales o incorrectas que dejan reg-
istros contradictorios.
iii. soluci ´on
para resolver este tipo de problemas, existen tareas princi-
pales en el procesamiento de datos:
•data cleaning
•data integration",,"{""semana"": 7, ""fecha"": ""2026-04-07"", ""nombre_archivo"": ""7_SEMANA_AI_20260407_1.pdf"", ""autor"": ""Jose Maria Vindas Ortiz"", ""tema_principal"": ""I. INTRODUCCI ´ON"", ""secciones"": ""I. INTRODUCCI ´ON, II. PROBLEMAS, C. Inconsistencia, III. SOLUCI ´ON, IV. DATACLEANING"", ""chunk_numero"": 4, ""total_chunks"": 21}"
"iii. soluci ´on
para resolver este tipo de problemas, existen tareas princi-
pales en el procesamiento de datos:
•data cleaning
•data integration
•data reduction
•data transformation
•data discretization
iv. datacleaning
consiste en la eliminaci ón de ruido, correcci ón de incon-
sistencias y tratamiento de valores faltantes.
a. datos faltantes (missing values)
en caso de valores faltantes, se tienen varias opciones para
solucionarlo:
•ignorar tuplas con valores faltantes (es riesgoso si la
pérdida de datos es significativa, ya que puede generar
underfitting).
•completar manualmente los valores faltantes (es costoso
y poco pr áctico en grandes datasets).
•usar un valor global constante, como un tipo de ”default”
(por ejemplo, ”desconocido” o ”−∞”).",,"{""semana"": 7, ""fecha"": ""2026-04-07"", ""nombre_archivo"": ""7_SEMANA_AI_20260407_1.pdf"", ""autor"": ""Jose Maria Vindas Ortiz"", ""tema_principal"": ""I. INTRODUCCI ´ON"", ""secciones"": ""I. INTRODUCCI ´ON, II. PROBLEMAS, C. Inconsistencia, III. SOLUCI ´ON, IV. DATACLEANING"", ""chunk_numero"": 5, ""total_chunks"": 21}"
"y poco pr áctico en grandes datasets).
•usar un valor global constante, como un tipo de ”default”
(por ejemplo, ”desconocido” o ”−∞”).
•rellenar con la media (normal), mediana o moda.
– nota:para este caso, es importante realizarlo por
clases. por ejemplo, en un banco pueden existir
dos clases de clientes: clientes de bajo riesgo con
ingresos altos y clientes de alto riesgo con ingresos
bajos. si se rellenan valores faltantes de manera
general, puede ocurrir que se reemplacen con valores
que no corresponden a su clase.
[pagina 2]
•inferir valores mediante otros modelos estad ´ısticos o de
machine learning (ml), por ejemplo: regresi ón, k-nn o
árboles de decisi ón.
b. datos ruidosos (noisy data)
en caso de datos ruidosos, se tienen varias opciones para
solucionarlo:
•binning",,"{""semana"": 7, ""fecha"": ""2026-04-07"", ""nombre_archivo"": ""7_SEMANA_AI_20260407_1.pdf"", ""autor"": ""Jose Maria Vindas Ortiz"", ""tema_principal"": ""I. INTRODUCCI ´ON"", ""secciones"": ""I. INTRODUCCI ´ON, II. PROBLEMAS, C. Inconsistencia, III. SOLUCI ´ON, IV. DATACLEANING"", ""chunk_numero"": 6, ""total_chunks"": 21}"
"árboles de decisi ón.
b. datos ruidosos (noisy data)
en caso de datos ruidosos, se tienen varias opciones para
solucionarlo:
•binning
–consiste en agrupar valores en intervalos (bins).
–se reemplazan por la media, mediana o el valor m ás
cercano del intervalo.
–ejemplo: salarios: [2950, 3000, 3020, 8000].
–cualquier valor entre 2900 y 3100 se cambiar á por su
media, en este caso 2990. el valor 8000 se identifica
como un outlier.
fig. 1. ejemplo: tecnica de binning
•regresi ón
–consiste en ajustar una funci ón matem ática a los
datos para suavizar el ruido.
–puede ser lineal o no lineal.
–ejemplo: ventas mensuales con fuertes fluctua-
ciones.
–se utiliza una regresi ón lineal para capturar la ten-
dencia general; cualquier valor que se desvie demasi-
ado se considera ruido.",,"{""semana"": 7, ""fecha"": ""2026-04-07"", ""nombre_archivo"": ""7_SEMANA_AI_20260407_1.pdf"", ""autor"": ""Jose Maria Vindas Ortiz"", ""tema_principal"": ""I. INTRODUCCI ´ON"", ""secciones"": ""I. INTRODUCCI ´ON, II. PROBLEMAS, C. Inconsistencia, III. SOLUCI ´ON, IV. DATACLEANING"", ""chunk_numero"": 7, ""total_chunks"": 21}"
"ciones.
–se utiliza una regresi ón lineal para capturar la ten-
dencia general; cualquier valor que se desvie demasi-
ado se considera ruido.
fig. 2. ejemplo: tecnica de regresion
•series temporales
–aplicar t écnicas de filtrado para suavizar fluctua-
ciones.
–por ejemplo, la media m óvil, que calcula el promedio
durante un n úmero espec ´ıfico de periodos. es uti-
lizada para identificar la tendencia y reducir el ruido
o picos.
–ejemplo: datos diarios de temperatura con mucho
ruido.
–se calcula la media m óvil en d´ıas usando la siguiente
fórmula:
m a(t) =1
–dondex t es el valor en el d ´ıat.
–se obtiene una curva suavizada que refleja la tenden-
cia real.
v. dataintegration
consiste en combinar datos de m últiples fuentes het-",,"{""semana"": 7, ""fecha"": ""2026-04-07"", ""nombre_archivo"": ""7_SEMANA_AI_20260407_1.pdf"", ""autor"": ""Jose Maria Vindas Ortiz"", ""tema_principal"": ""I. INTRODUCCI ´ON"", ""secciones"": ""I. INTRODUCCI ´ON, II. PROBLEMAS, C. Inconsistencia, III. SOLUCI ´ON, IV. DATACLEANING"", ""chunk_numero"": 8, ""total_chunks"": 21}"
"–se obtiene una curva suavizada que refleja la tenden-
cia real.
v. dataintegration
consiste en combinar datos de m últiples fuentes het-
erogéneas en un repositorio coherente. por ejemplo, se pueden
tener bases de datos con datos faltantes que se complementan
entre s´ı, por lo que pueden integrarse.
sin embargo, existe el problema de que, muchas veces,
la misma informaci ón puede estar registrada varias veces o
con valores distintos. esto genera inconvenientes, ya que los
datos duplicados o contradictorios reducen la calidad de la
integración.
para solucionar esto, es necesario aplicar reglas de dedu-
plicación y estandarizaci ón de formatos. adem ás, se pueden
utilizar técnicas de correlaci ón para datos num éricos con el fin",,"{""semana"": 7, ""fecha"": ""2026-04-07"", ""nombre_archivo"": ""7_SEMANA_AI_20260407_1.pdf"", ""autor"": ""Jose Maria Vindas Ortiz"", ""tema_principal"": ""I. INTRODUCCI ´ON"", ""secciones"": ""I. INTRODUCCI ´ON, II. PROBLEMAS, C. Inconsistencia, III. SOLUCI ´ON, IV. DATACLEANING"", ""chunk_numero"": 9, ""total_chunks"": 21}"
"plicación y estandarizaci ón de formatos. adem ás, se pueden
utilizar técnicas de correlaci ón para datos num éricos con el fin
de analizar la relaci ón entre variables, como las siguientes:
•x 2 (chi-cuadrado)
•coeficiente de correlaci ón de pearson
•correlaci ón de rangos de spearman
a. prueba de asociaci ónx 2 para datos nominales
es una prueba estad ´ıstica utilizada para medir la asociaci ón
entre variables categ óricas.
se parte de una hip ótesis de independencia:
ho :p(a i ∧b j) =p(a i)p(b j)
dondeh 0 establece que las variables son independientes (no
existe asociaci ón). se busca aceptar o rechazar esta hip ótesis
mediante el siguiente criterio:
las variables se consideran independientes si se cumple la
siguiente desigualdad:
calculado ≤x 2
a,d f",,"{""semana"": 7, ""fecha"": ""2026-04-07"", ""nombre_archivo"": ""7_SEMANA_AI_20260407_1.pdf"", ""autor"": ""Jose Maria Vindas Ortiz"", ""tema_principal"": ""I. INTRODUCCI ´ON"", ""secciones"": ""I. INTRODUCCI ´ON, II. PROBLEMAS, C. Inconsistencia, III. SOLUCI ´ON, IV. DATACLEANING"", ""chunk_numero"": 10, ""total_chunks"": 21}"
"mediante el siguiente criterio:
las variables se consideran independientes si se cumple la
siguiente desigualdad:
calculado ≤x 2
a,d f
para calcularx 2 se utiliza la siguiente f órmula:
x 2 =
(oij −e ij)2
donde:
•o ij: es la frecuencia observada en la celda (i,j).
•e ij: es la frecuencia esperada en la celda (i,j).
•r,c: numero de filas y columnas en la tabla de contigencia.
para calcular la frecuencia esperada de una celda se usa la
siguiente formula:
ei,j = (total filai)(total columnaj)
total general
[pagina 3]
el valor te órico dex 2 se obtiene de la tabla de la dis-
tribución chi-cuadrado, utilizando:
•nivel de significanciaα= 0.05(que es la probabilidad
de rechazar err óneamenteh 0).
•grados de libertad:d f= (f ilas−1)(columnas−1)
(que es la complejidad de los datos)",,"{""semana"": 7, ""fecha"": ""2026-04-07"", ""nombre_archivo"": ""7_SEMANA_AI_20260407_1.pdf"", ""autor"": ""Jose Maria Vindas Ortiz"", ""tema_principal"": ""I. INTRODUCCI ´ON"", ""secciones"": ""I. INTRODUCCI ´ON, II. PROBLEMAS, C. Inconsistencia, III. SOLUCI ´ON, IV. DATACLEANING"", ""chunk_numero"": 11, ""total_chunks"": 21}"
"de rechazar err óneamenteh 0).
•grados de libertad:d f= (f ilas−1)(columnas−1)
(que es la complejidad de los datos)
fig. 3. tabla de distribucion chi cuadrada
una vez obtenidos ambos valores, se comparan:
calculado ≤x 2
a,d f
esta prueba se puede utilizar para:
1. comparar feature y label
•si no se cumple la desigualdad, hay asociaci ón (se
rechazah 0):
–el feature aporta informaci ón útil para predecir el
label.
–puede seleccionarse como variable relevante.
•si se cumple la desigualdad, no hay asociaci ón (no se
rechazah 0):
–el feature no aporta informaci ón predictiva.
–puede descartarse para simplificar el modelo.
2. comparar feature y feature
•si no se cumple la desigualdad, hay asociaci ón (se
rechazah 0):
–los features est án correlacionados (redundancia).",,"{""semana"": 7, ""fecha"": ""2026-04-07"", ""nombre_archivo"": ""7_SEMANA_AI_20260407_1.pdf"", ""autor"": ""Jose Maria Vindas Ortiz"", ""tema_principal"": ""I. INTRODUCCI ´ON"", ""secciones"": ""I. INTRODUCCI ´ON, II. PROBLEMAS, C. Inconsistencia, III. SOLUCI ´ON, IV. DATACLEANING"", ""chunk_numero"": 12, ""total_chunks"": 21}"
"2. comparar feature y feature
•si no se cumple la desigualdad, hay asociaci ón (se
rechazah 0):
–los features est án correlacionados (redundancia).
–puede ser necesario eliminar o transformar uno de
ellos.
•si se cumple la desigualdad, no hay asociaci ón (no se
rechazah 0):
–los features aportan informaci ón independiente.
–es beneficioso, ya que el modelo recibe se ñales
complementarias.
ejemplo de clase:
se desea analizar si existe asociaci ón entre el tipo de libro
(ficción / no ficci ón) y el g énero (hombres / mujeres).
male female total
fiction 250 200 450
no-fiction 50 1000 1050
total 300 1200 1500
se calcula la frecuencia esperada de cada celda:
ei,j = (total filai)(total columnaj)
total general
male female total
fiction 250 (90) 200 (360) 450
no-fiction 50 (210) 1000 (840) 1050",,"{""semana"": 7, ""fecha"": ""2026-04-07"", ""nombre_archivo"": ""7_SEMANA_AI_20260407_1.pdf"", ""autor"": ""Jose Maria Vindas Ortiz"", ""tema_principal"": ""I. INTRODUCCI ´ON"", ""secciones"": ""I. INTRODUCCI ´ON, II. PROBLEMAS, C. Inconsistencia, III. SOLUCI ´ON, IV. DATACLEANING"", ""chunk_numero"": 13, ""total_chunks"": 21}"
"ei,j = (total filai)(total columnaj)
total general
male female total
fiction 250 (90) 200 (360) 450
no-fiction 50 (210) 1000 (840) 1050
total 300 1200 1500
se calculax 2:
x 2 =
(oij −e ij)2
total = 507,937
se obtienex 2
a,d f, usandoa= 0,05y grados de libertad
= (r−1)(c−1) = (2−1)(2−1) = 1de la tabla de distribucion
chi cuadrada, obteniendox 2
0,95,1 ≈3,841
comparamos:
calculado ≤x 2
a,d f
507,937≤3,841
no se cumple la desigualdad, se rechazah 0 (independencia)
conclusion: existe asociacion entre genero y tipo de libro.
b. pearson correlation coefficient
mide la fuerza y direcci ón de la relaci ón lineal entre dos
variables.
sus valores est án en el rango [-1, 1]. si las variables est án
altamente relacionadas, el valor se aproxima a los extremos",,"{""semana"": 7, ""fecha"": ""2026-04-07"", ""nombre_archivo"": ""7_SEMANA_AI_20260407_1.pdf"", ""autor"": ""Jose Maria Vindas Ortiz"", ""tema_principal"": ""I. INTRODUCCI ´ON"", ""secciones"": ""I. INTRODUCCI ´ON, II. PROBLEMAS, C. Inconsistencia, III. SOLUCI ´ON, IV. DATACLEANING"", ""chunk_numero"": 14, ""total_chunks"": 21}"
"variables.
sus valores est án en el rango [-1, 1]. si las variables est án
altamente relacionadas, el valor se aproxima a los extremos
(-1 o 1); mientras que, si no presentan relaci ón, el valor se
acerca a 0.
esta técnica es sensible a outliers, requiere una distribuci ón
aproximadamente normal de valores continuos y solo es ade-
cuada para relaciones lineales.
fig. 4. pearson correlation coefficient
c. spearman rank correlation
mide la fuerza y direcci ón de la asociaci ón mon ótona entre
dos variables, bas ándose en los rangos de los datos.
permite detectar relaciones mon ótonas que no necesaria-
mente son lineales.
es menos sensible a outliers, no requiere que los datos sean
continuos y funciona tanto para relaciones lineales como no",,"{""semana"": 7, ""fecha"": ""2026-04-07"", ""nombre_archivo"": ""7_SEMANA_AI_20260407_1.pdf"", ""autor"": ""Jose Maria Vindas Ortiz"", ""tema_principal"": ""I. INTRODUCCI ´ON"", ""secciones"": ""I. INTRODUCCI ´ON, II. PROBLEMAS, C. Inconsistencia, III. SOLUCI ´ON, IV. DATACLEANING"", ""chunk_numero"": 15, ""total_chunks"": 21}"
"mente son lineales.
es menos sensible a outliers, no requiere que los datos sean
continuos y funciona tanto para relaciones lineales como no
lineales. por esta raz ón, en muchos casos se prefiere sobre el
coeficiente de pearson.
[pagina 4]
fig. 5. spearman rank correlation
vi. datareduction
consiste en reducir el volumen de datos mientras se
conserva la informaci ón esencial para el an álisis, mediante
selección de atributos, reducci ón de dimensionalidad o dis-
cretización.
esto se realiza debido a:
•mayor eficiencia computacional.
•reducci ón de costos de almacenamiento.
•simplificaci ón de los modelos y mejora en su inter-
pretabilidad.
una t écnica importante es dimensionality reduction, que
consiste en reducir el n úmero de atributos manteniendo la",,"{""semana"": 7, ""fecha"": ""2026-04-07"", ""nombre_archivo"": ""7_SEMANA_AI_20260407_1.pdf"", ""autor"": ""Jose Maria Vindas Ortiz"", ""tema_principal"": ""I. INTRODUCCI ´ON"", ""secciones"": ""I. INTRODUCCI ´ON, II. PROBLEMAS, C. Inconsistencia, III. SOLUCI ´ON, IV. DATACLEANING"", ""chunk_numero"": 16, ""total_chunks"": 21}"
"pretabilidad.
una t écnica importante es dimensionality reduction, que
consiste en reducir el n úmero de atributos manteniendo la
mayor cantidad de informaci ón posible. algunos ejemplos son
pca y autoencoders.
•pca (principal component analysis): t écnica de re-
ducción que transforma m últiples variables correla-
cionadas en un menor n úmero de variables no cor-
relacionadas (componentes principales), conservando la
mayor parte de la variabilidad.
fig. 6. tecnica pca, copia de dibujo profesor
•autoencoders: tecnica de reduccion que transforma datos
a un vector con solo informacion contextual, usado por
ejemplo, en chatgpt.
fig. 7. tecnica autoencoders
vii. datatransformation
consiste en convertir los datos a un formato m ás adecuado
para el an álisis. algunos ejemplos son:",,"{""semana"": 7, ""fecha"": ""2026-04-07"", ""nombre_archivo"": ""7_SEMANA_AI_20260407_1.pdf"", ""autor"": ""Jose Maria Vindas Ortiz"", ""tema_principal"": ""I. INTRODUCCI ´ON"", ""secciones"": ""I. INTRODUCCI ´ON, II. PROBLEMAS, C. Inconsistencia, III. SOLUCI ´ON, IV. DATACLEANING"", ""chunk_numero"": 17, ""total_chunks"": 21}"
"vii. datatransformation
consiste en convertir los datos a un formato m ás adecuado
para el an álisis. algunos ejemplos son:
•normalizaci ón y estandarizaci ón.
•agregaci ón de atributos.
•generaci ón de nuevas variables.
•transformaciones matem áticas (logar ´ıtmica, ra ´ız
cuadrada, entre otras).
viii. datadiscretization
consiste en reducir el n úmero de valores posibles de un
atributo continuo, dividi éndolo en intervalos o categor ´ıas.
algunos ejemplos son:
•binning (uniforme o basado en frecuencia).
•jerarqu ´ıas de conceptos (edad→joven, adulto, mayor).
ix. problem ´atica: datos sin normalizar
como se explic ó al principio, los atributos pueden estar
en escalas muy diferentes; por ejemplo, salarios en miles
o millones y cantidad de carros en unidades o, con suerte,
decenas.",,"{""semana"": 7, ""fecha"": ""2026-04-07"", ""nombre_archivo"": ""7_SEMANA_AI_20260407_1.pdf"", ""autor"": ""Jose Maria Vindas Ortiz"", ""tema_principal"": ""I. INTRODUCCI ´ON"", ""secciones"": ""I. INTRODUCCI ´ON, II. PROBLEMAS, C. Inconsistencia, III. SOLUCI ´ON, IV. DATACLEANING"", ""chunk_numero"": 18, ""total_chunks"": 21}"
"en escalas muy diferentes; por ejemplo, salarios en miles
o millones y cantidad de carros en unidades o, con suerte,
decenas.
esto provoca que:
•los algoritmos basados en distancia (knn, k-means) se
vean dominados por la variable con mayor escala.
•en m étodos de descenso de gradiente, los pasos de
actualización sean desbalanceados y la convergencia se
ralentice.
por lo tanto, es necesario escalar los atributos para ponerlos
en igualdad de condiciones.
para ello, existen principalmente los siguientes m étodos de
data transformation:
a. normalizacion
•min-max normalization: se reescala a un rango de [0,1]
o [-1,1], donde el nuevo valor se obtiene de la siguiente
formula, dondex ′ es el nuevo valor yxel antiguo valor.
x′ = x−x min
xmax −x min",,"{""semana"": 7, ""fecha"": ""2026-04-07"", ""nombre_archivo"": ""7_SEMANA_AI_20260407_1.pdf"", ""autor"": ""Jose Maria Vindas Ortiz"", ""tema_principal"": ""I. INTRODUCCI ´ON"", ""secciones"": ""I. INTRODUCCI ´ON, II. PROBLEMAS, C. Inconsistencia, III. SOLUCI ´ON, IV. DATACLEANING"", ""chunk_numero"": 19, ""total_chunks"": 21}"
"o [-1,1], donde el nuevo valor se obtiene de la siguiente
formula, dondex ′ es el nuevo valor yxel antiguo valor.
x′ = x−x min
xmax −x min
•z-score (estandarizacion): transforma a media 0 y
desviacion estandar 1, con la siguiente formula.
z= x−µ
fig. 8. comparacion de datos, tecnicas de normalizacion
•como se observa en la figura 8, se mantiene la distribucion,
solo afecta la escala.
además, existe el siguiente m étodo importante dentro de data
discretization:
[pagina 5]
b. binning
consiste en dividir un atributo continuo en intervalos (bins)
y asignar cada valor a uno de ellos.
esto permite reducir el n úmero de valores distintos y
simplificar la representaci ón de los datos.
los m étodos principales son:
•equal-width binning: cada intervalo tiene el mismo
tamaño.",,"{""semana"": 7, ""fecha"": ""2026-04-07"", ""nombre_archivo"": ""7_SEMANA_AI_20260407_1.pdf"", ""autor"": ""Jose Maria Vindas Ortiz"", ""tema_principal"": ""I. INTRODUCCI ´ON"", ""secciones"": ""I. INTRODUCCI ´ON, II. PROBLEMAS, C. Inconsistencia, III. SOLUCI ´ON, IV. DATACLEANING"", ""chunk_numero"": 20, ""total_chunks"": 21}"
"simplificar la representaci ón de los datos.
los m étodos principales son:
•equal-width binning: cada intervalo tiene el mismo
tamaño.
•equal-frequency binning: cada intervalo contiene aprox-
imadamente la misma cantidad de registros.",,"{""semana"": 7, ""fecha"": ""2026-04-07"", ""nombre_archivo"": ""7_SEMANA_AI_20260407_1.pdf"", ""autor"": ""Jose Maria Vindas Ortiz"", ""tema_principal"": ""I. INTRODUCCI ´ON"", ""secciones"": ""I. INTRODUCCI ´ON, II. PROBLEMAS, C. Inconsistencia, III. SOLUCI ´ON, IV. DATACLEANING"", ""chunk_numero"": 21, ""total_chunks"": 21}"
"[pagina 1]
apuntes semana 7
apuntes 07/abr/2026
1st fernando s ánchez hidalgo - 2022218688
tecnológico de costa rica
[ic-6200] inteligencia artificial
abstract—this document provides a comprehensive overview
of data preprocessing techniques and foundational machine learn-
ing concepts discussed during the seventh week of the ic-6200
artificial intelligence course. it details methods for addressing
data quality issues such as incompleteness, inaccuracy, and incon-
sistency through cleaning processes like tuple ignoring, manual
entry, and various imputation strategies including mean, median,
and mode replacement. the text explores data integration and
correlation analysis using the chi-square (χ 2) hypothesis test for
nominal data, as well as pearson and spearman rank correlation",,"{""semana"": 7, ""fecha"": ""2026-04-07"", ""nombre_archivo"": ""7_SEMANA_AI_20260407_2.pdf"", ""autor"": ""Fernando Sánchez Hidalgo"", ""tema_principal"": ""I. ANUNCIOS GENERALES"", ""secciones"": ""I. ANUNCIOS GENERALES, II. QUIZ3, III. PREPROCESAMIENTO DE DATOS, IV. PASOS PARA EL PREPROCESAMIENTO DE DATOS, C. Data reduction"", ""chunk_numero"": 1, ""total_chunks"": 11}"
"correlation analysis using the chi-square (χ 2) hypothesis test for
nominal data, as well as pearson and spearman rank correlation
coefficients for measuring feature relationships. furthermore, it
covers essential data transformation techniques like min-max
normalization and z-score standardization, alongside discretiza-
tion methods and k-fold cross-validation. finally, the document
reviews performance metrics—specifically accuracy, precision,
recall, and f1-score—and provides a mathematical derivation
of log-likelihood for model optimization.
i. anuncios generales
•las clases de la semana 9 ser án asincr ónicas (21 y 23 de
abril)
•se agregaron dos lecturas nuevas, sus contenidos pueden
aparecer en futuros quizzes
–artificial neural networks
–neural networks and deep learning
ii. quiz3",,"{""semana"": 7, ""fecha"": ""2026-04-07"", ""nombre_archivo"": ""7_SEMANA_AI_20260407_2.pdf"", ""autor"": ""Fernando Sánchez Hidalgo"", ""tema_principal"": ""I. ANUNCIOS GENERALES"", ""secciones"": ""I. ANUNCIOS GENERALES, II. QUIZ3, III. PREPROCESAMIENTO DE DATOS, IV. PASOS PARA EL PREPROCESAMIENTO DE DATOS, C. Data reduction"", ""chunk_numero"": 2, ""total_chunks"": 11}"
"aparecer en futuros quizzes
–artificial neural networks
–neural networks and deep learning
ii. quiz3
a. enunciado del quiz
1) describa 2 t écnicas de cada una para evitar un alto sesgo
y una alta varianza (20pts)
2) describa k-fold cross validation (20pts)
3) describa las f órmulas para calcular accuracy, recall,
precision y f1-score (30pts) (puntos extra)
4) dada la funci ón de likelihood, desarrolle la log-
likelihood en 3 pasos (30pts)
fw,b(xi)yi (1−f w,b(xi))(1−yi), i= 1...n
b. respuestas del quiz
1)•sesgo
–utilizar un modelo m ás complejo
–agregar dimensionalidad al dataset
•varianza
–simplificar el modelo
–eliminar outliers
2) se separa el dataset total en k secciones de igual tama ño,
donde se utilizak−1secciones para entrenamiento y",,"{""semana"": 7, ""fecha"": ""2026-04-07"", ""nombre_archivo"": ""7_SEMANA_AI_20260407_2.pdf"", ""autor"": ""Fernando Sánchez Hidalgo"", ""tema_principal"": ""I. ANUNCIOS GENERALES"", ""secciones"": ""I. ANUNCIOS GENERALES, II. QUIZ3, III. PREPROCESAMIENTO DE DATOS, IV. PASOS PARA EL PREPROCESAMIENTO DE DATOS, C. Data reduction"", ""chunk_numero"": 3, ""total_chunks"": 11}"
"–eliminar outliers
2) se separa el dataset total en k secciones de igual tama ño,
donde se utilizak−1secciones para entrenamiento y
la última secci ón para validaci ón, repitiendo el proceso
hasta que todas las secciones se han utilizado para
validación una vez.
accuracy= t p+t n
t p+t n+f p+f n
p recision= t p
t p+f p
recall= t p
t p+f n
f1−score= 2·precision·recall
precision+recall
donde:
tp = positivos reales
tn = negativos reales
fp = positivos falsos
fn = negativos falsos
ln (l) =
ln (f(xi)yi ·(1−f(x i))(1−yi))
ln (l) =
ln (f(xi))yi + ln (1−f(xi))(1−yi)
ln (l) =
yi ·ln (f(xi)) + (1−yi)·ln (1−f(x i))
iii. preprocesamiento de datos
al utilizar datos reales se pueden encontrar una infinita
cantidad de problemas, los cuales dificultan el entrenamiento",,"{""semana"": 7, ""fecha"": ""2026-04-07"", ""nombre_archivo"": ""7_SEMANA_AI_20260407_2.pdf"", ""autor"": ""Fernando Sánchez Hidalgo"", ""tema_principal"": ""I. ANUNCIOS GENERALES"", ""secciones"": ""I. ANUNCIOS GENERALES, II. QUIZ3, III. PREPROCESAMIENTO DE DATOS, IV. PASOS PARA EL PREPROCESAMIENTO DE DATOS, C. Data reduction"", ""chunk_numero"": 4, ""total_chunks"": 11}"
"al utilizar datos reales se pueden encontrar una infinita
cantidad de problemas, los cuales dificultan el entrenamiento
adecuado de un modelo, algunos problemas que podemos
encontrar son:
•incompletitud: datos faltantes
•inexactitud: errors o outliers
•inconsistencia: discrepancia en categor ´ıas
estos problemas pueden ser causa de:
•instrumentos defectuosos
•errores humanos o de computadora
•valores falsos en datos obligatorios (datos faltantes dis-
frazados)
•respecto a valores incompletos
–no siempre est án disponibles
–no se consideran importantes en selecci ón
[pagina 2]
–datos relevantes no se registran (malentendidos o
fallos)
–valores clave faltantes puede necesitar ser inferidos
•respecto a inconsistencias de datos
–convenciones diferentes",,"{""semana"": 7, ""fecha"": ""2026-04-07"", ""nombre_archivo"": ""7_SEMANA_AI_20260407_2.pdf"", ""autor"": ""Fernando Sánchez Hidalgo"", ""tema_principal"": ""I. ANUNCIOS GENERALES"", ""secciones"": ""I. ANUNCIOS GENERALES, II. QUIZ3, III. PREPROCESAMIENTO DE DATOS, IV. PASOS PARA EL PREPROCESAMIENTO DE DATOS, C. Data reduction"", ""chunk_numero"": 5, ""total_chunks"": 11}"
"fallos)
–valores clave faltantes puede necesitar ser inferidos
•respecto a inconsistencias de datos
–convenciones diferentes
–problemas de integraci ón entre diferentes fuentes de
datos
iv. pasos para el preprocesamiento de datos
a. data cleaning
la limpieza de datos trata de ajustar la informaci ón para
maximizar la eficiencia del modelo a entrenar. algunas de las
técnicas a aplicar son:
•ignorar tuplas (se pierde informaci ón)
•completar celdas manualmente
•asignar un valor constante global (desconocido,−∞)
•rellenar con la media, mediana o moda (todo el dataset
o por clases)
•entrenar otro modelo para aproximar valores
•ajustar datos para suavizar el ruido
•filtrado de datos (ejemplo de media movil para series
temporales)
binning: agrupar datos por intervalos para suavizar el ruido,",,"{""semana"": 7, ""fecha"": ""2026-04-07"", ""nombre_archivo"": ""7_SEMANA_AI_20260407_2.pdf"", ""autor"": ""Fernando Sánchez Hidalgo"", ""tema_principal"": ""I. ANUNCIOS GENERALES"", ""secciones"": ""I. ANUNCIOS GENERALES, II. QUIZ3, III. PREPROCESAMIENTO DE DATOS, IV. PASOS PARA EL PREPROCESAMIENTO DE DATOS, C. Data reduction"", ""chunk_numero"": 6, ""total_chunks"": 11}"
"•filtrado de datos (ejemplo de media movil para series
temporales)
binning: agrupar datos por intervalos para suavizar el ruido,
usualmente se realiza un reemplaso de los valores por:
•media del bin
•mediana del bin
•borde m ás cercano
b. data integration
al unir varias fuentes de datos (bds), es probable que varios
datos se encuentren duplicados. existen múltiples tecnicas para
definir datos duplicados o altamente correlacionados.
pruebas de hipotesisχ 2: calcula si 2 datos son indepen-
dientes, utilizados en datos nominales.
se aceptah 0 cuando:χ 2
calculado ≤χ 2
α,d f
(oij −e ij)2
donde:
oij: frecuencia observada en (i,j)
eij: frecuencia esperada en (i,j)
df:f ilas−1·columnas−1r: n úmero de filas
c: n úmero de columnas
interpretación:
•feature vs label",,"{""semana"": 7, ""fecha"": ""2026-04-07"", ""nombre_archivo"": ""7_SEMANA_AI_20260407_2.pdf"", ""autor"": ""Fernando Sánchez Hidalgo"", ""tema_principal"": ""I. ANUNCIOS GENERALES"", ""secciones"": ""I. ANUNCIOS GENERALES, II. QUIZ3, III. PREPROCESAMIENTO DE DATOS, IV. PASOS PARA EL PREPROCESAMIENTO DE DATOS, C. Data reduction"", ""chunk_numero"": 7, ""total_chunks"": 11}"
"eij: frecuencia esperada en (i,j)
df:f ilas−1·columnas−1r: n úmero de filas
c: n úmero de columnas
interpretación:
•feature vs label
–aceptarh 0 (son independientes): el feature aporta
información útil.
–rechazarh 0 (no hay asociaci ón): el feature no
aporta informaci ón útil.
•feature vs feature
–aceptarh 0 (son independientes): los features
tienen muy poca correlaci ón.
–rechazarh 0 (son dependientes): los features tienen
alta correlaci ón (redundantes).
ejemplo:
male female total
fiction 250 200 450
non-fiction 50 1000 1050
total 300 1200 1500
eij = (t otal f ila i)·(t otal f ila j)
t otal general (2)
cálculo de valores esperados:
male female total
fiction 250 (90) 200 (360) 450
non-fiction 50 (210) 1000 (840) 1050
total 300 1200 1500
•m ale f iction=(250−90)2
90 = 284.444",,"{""semana"": 7, ""fecha"": ""2026-04-07"", ""nombre_archivo"": ""7_SEMANA_AI_20260407_2.pdf"", ""autor"": ""Fernando Sánchez Hidalgo"", ""tema_principal"": ""I. ANUNCIOS GENERALES"", ""secciones"": ""I. ANUNCIOS GENERALES, II. QUIZ3, III. PREPROCESAMIENTO DE DATOS, IV. PASOS PARA EL PREPROCESAMIENTO DE DATOS, C. Data reduction"", ""chunk_numero"": 8, ""total_chunks"": 11}"
"male female total
fiction 250 (90) 200 (360) 450
non-fiction 50 (210) 1000 (840) 1050
total 300 1200 1500
•m ale f iction=(250−90)2
90 = 284.444
•m ale nonf iction=(50−210)2
210 = 121.905
•f emale f iction=(200−360)2
360 = 71.111
•f emale nonf iction=(1000−840)2
840 = 30.476
calculado = 284.444 + 121.905 + 71.111 + 30.476 = 507.936
d f= 2−1·2−1 = 1
α=0.05,d f=1= 3.841
507.936>3.841
rechazamosh 0: existe una asociaci ón entre genero y tipo de
libro
correlación de pearson: define fuerza y direcci ón de una
relación final.
•requiere que los datos sigan una distribuci ón normal
•sensible a outliers
fig. 1. ejemplos de correlaci ón de pearson
fuente: geeksforgeeks
spearman rank correlation: mide correlaci ón similar a
la correlaci ón de pearson, pero no requiere los datos normal-",,"{""semana"": 7, ""fecha"": ""2026-04-07"", ""nombre_archivo"": ""7_SEMANA_AI_20260407_2.pdf"", ""autor"": ""Fernando Sánchez Hidalgo"", ""tema_principal"": ""I. ANUNCIOS GENERALES"", ""secciones"": ""I. ANUNCIOS GENERALES, II. QUIZ3, III. PREPROCESAMIENTO DE DATOS, IV. PASOS PARA EL PREPROCESAMIENTO DE DATOS, C. Data reduction"", ""chunk_numero"": 9, ""total_chunks"": 11}"
"fuente: geeksforgeeks
spearman rank correlation: mide correlaci ón similar a
la correlaci ón de pearson, pero no requiere los datos normal-
izados. fuente: laerd statistics
fig. 2. ejemplos de correlaci ón de spearman
[pagina 3]
c. data reduction
reducción de la cantidad de tuplas o features que contiene
para simplificar y/o mejorar eficiencia del modelo.
•dimensionality reduction: reducir el n úmero de features
sin perder informaci ón esencial. (pca o autoencoders)
d. data transformation
existen casos donde los features se encuentran en diferentes
escalas (unidades, centenas, millones de centenas, etc.), cau-
sando que cada algunos feature afecten m ás al modelo que
otros. una soluci ón a esto es normalizar los datos para que
contengan la misma informaci ón, pero a una sola escala.",,"{""semana"": 7, ""fecha"": ""2026-04-07"", ""nombre_archivo"": ""7_SEMANA_AI_20260407_2.pdf"", ""autor"": ""Fernando Sánchez Hidalgo"", ""tema_principal"": ""I. ANUNCIOS GENERALES"", ""secciones"": ""I. ANUNCIOS GENERALES, II. QUIZ3, III. PREPROCESAMIENTO DE DATOS, IV. PASOS PARA EL PREPROCESAMIENTO DE DATOS, C. Data reduction"", ""chunk_numero"": 10, ""total_chunks"": 11}"
"otros. una soluci ón a esto es normalizar los datos para que
contengan la misma informaci ón, pero a una sola escala.
•min-max normalization: reescala los datos a un rango
[0,1] o [-1,1]
x′ = x−x min
xmax −x min
•z-score (standarization): escala los datos alrededor de
una media (µ) = 0 y desviaci ón est ándar (σ) = 1
z= x−µ
e. data discretization
la discretizaci ón se basa en transformar datos continuos
(espacio de n úmeros reales) a datos discretos (espacio de
números naturales)
•redondear
•truncar decimales
•binning
–equal-width binning: todos los bins son de igual
rango, dividiendo el dataset ennsecciones.
–equal-frequency binning: cada bin contiene aproxi-
madamente la misma cantidad de datos.",,"{""semana"": 7, ""fecha"": ""2026-04-07"", ""nombre_archivo"": ""7_SEMANA_AI_20260407_2.pdf"", ""autor"": ""Fernando Sánchez Hidalgo"", ""tema_principal"": ""I. ANUNCIOS GENERALES"", ""secciones"": ""I. ANUNCIOS GENERALES, II. QUIZ3, III. PREPROCESAMIENTO DE DATOS, IV. PASOS PARA EL PREPROCESAMIENTO DE DATOS, C. Data reduction"", ""chunk_numero"": 11, ""total_chunks"": 11}"
"[pagina 1]
apuntes semana 7 clase 1
curso de inteligencia artificial
nahomi bola ños valverde
escuela de ingenier ´ıa en computaci ón
instituto tecnológico de costa rica
cartago, costa rica
abstract—en el presente documento se presentan los apuntes
correspondientes a la clase del 7 de abril, perteneciente a la
semana 7 del curso de inteligencia artificial, impartido por el
profesor steven pacheco. durante esta sesi ón se realiz ó el quiz
3 y se revisaron sus respuestas. posteriormente, se continu ó con
la materia nueva, dando inicio al estudio del preprocesamiento
de datos, abordando su importancia, los problemas comunes en
los conjuntos de datos reales y las principales t écnicas utilizadas
para su tratamiento antes de aplicar algoritmos de aprendizaje
automático.
i. respuestas delquiz",,"{""semana"": 7, ""fecha"": ""2026-04-07"", ""nombre_archivo"": ""7_SEMANA_AI_20260407_3.pdf"", ""autor"": ""Nahomi Bolaños Valverde"", ""tema_principal"": ""I. RESPUESTAS DELQUIZ"", ""secciones"": ""I. RESPUESTAS DELQUIZ, C. M ´etricas de Evaluaci ´on, D. Desarrollo de la log-verosimilitud, II. MATERIANUEVA: PREPROCESAMIENTO DEDATOS, C. ¿C ´omo se resuelve?"", ""chunk_numero"": 1, ""total_chunks"": 11}"
"para su tratamiento antes de aplicar algoritmos de aprendizaje
automático.
i. respuestas delquiz
a. t écnicas para evitar alto sesgo y alta varianza
en el desarrollo de modelos de aprendizaje autom ático es
fundamental manejar adecuadamente el sesgo y la varianza, ya
que ambos afectan la capacidad de generalizaci ón del modelo.
1) alta varianza:la alta varianza ocurre cuando un modelo
se ajusta demasiado a los datos de entrenamiento, capturando
incluso el ruido presente en ellos.
•reducir la complejidad del modelo.
•reducir la dimensionalidad del conjunto de datos.
2) alto sesgo:el alto sesgo se presenta cuando el mod-
elo es demasiado simple y no logra capturar las relaciones
subyacentes del problema.
•aumentar la complejidad del modelo si este es muy
simple.",,"{""semana"": 7, ""fecha"": ""2026-04-07"", ""nombre_archivo"": ""7_SEMANA_AI_20260407_3.pdf"", ""autor"": ""Nahomi Bolaños Valverde"", ""tema_principal"": ""I. RESPUESTAS DELQUIZ"", ""secciones"": ""I. RESPUESTAS DELQUIZ, C. M ´etricas de Evaluaci ´on, D. Desarrollo de la log-verosimilitud, II. MATERIANUEVA: PREPROCESAMIENTO DEDATOS, C. ¿C ´omo se resuelve?"", ""chunk_numero"": 2, ""total_chunks"": 11}"
"elo es demasiado simple y no logra capturar las relaciones
subyacentes del problema.
•aumentar la complejidad del modelo si este es muy
simple.
•revisar que losfeaturesseleccionados tengan capacidad
de predicci ón.
b. k-fold cross validation (kcv)
el método de validaci ón cruzada k-fold divide el conjunto
de datos enkpartes. en cada iteraci ón, se utilizank−1partes
para el entrenamiento y la parte restante para la validaci ón.
este proceso se repite rotando la partici ón utilizada para
validación, permitiendo obtener una estimaci ón m ás robusta
del desempe ño del modelo.
c. m étricas de evaluaci ón
las m étricas de evaluaci ón permiten medir el desempe ño
de los modelos de clasificaci ón de forma cuantitativa.
1) accuracy:
accuracy= t p+t n
t p+t n+f p+f n
2) recall:
recall= t p
t p+f n",,"{""semana"": 7, ""fecha"": ""2026-04-07"", ""nombre_archivo"": ""7_SEMANA_AI_20260407_3.pdf"", ""autor"": ""Nahomi Bolaños Valverde"", ""tema_principal"": ""I. RESPUESTAS DELQUIZ"", ""secciones"": ""I. RESPUESTAS DELQUIZ, C. M ´etricas de Evaluaci ´on, D. Desarrollo de la log-verosimilitud, II. MATERIANUEVA: PREPROCESAMIENTO DEDATOS, C. ¿C ´omo se resuelve?"", ""chunk_numero"": 3, ""total_chunks"": 11}"
"de los modelos de clasificaci ón de forma cuantitativa.
1) accuracy:
accuracy= t p+t n
t p+t n+f p+f n
2) recall:
recall= t p
t p+f n
3) precision:
precision= t p
t p+f p
4) f1-score:
f1-score= 2·precision·recall
precision+recall
d. desarrollo de la log-verosimilitud
en modelos como la regresi ón log ´ıstica, la funci ón de
verosimilitud se define como:
fw,b(xi)yi (1−f w,b(xi))1−yi
aplicando el logaritmo natural se obtiene:
ln(l) =
fw,b(xi)yi (1−f w,b(xi))1−yi
ln(l) =
[yi ln(fw,b(xi)) + (1−yi) ln(1−fw,b(xi))]
este desarrollo facilita la optimizaci ón de la funci ón de
costo.
e. notas importantes
se indic ó que durante la semana que inicia el lunes 20
no se tendr án clases presenciales y que la modalidad ser á
probablemente asincr ónica.
ii. materianueva: preprocesamiento dedatos",,"{""semana"": 7, ""fecha"": ""2026-04-07"", ""nombre_archivo"": ""7_SEMANA_AI_20260407_3.pdf"", ""autor"": ""Nahomi Bolaños Valverde"", ""tema_principal"": ""I. RESPUESTAS DELQUIZ"", ""secciones"": ""I. RESPUESTAS DELQUIZ, C. M ´etricas de Evaluaci ´on, D. Desarrollo de la log-verosimilitud, II. MATERIANUEVA: PREPROCESAMIENTO DEDATOS, C. ¿C ´omo se resuelve?"", ""chunk_numero"": 4, ""total_chunks"": 11}"
"no se tendr án clases presenciales y que la modalidad ser á
probablemente asincr ónica.
ii. materianueva: preprocesamiento dedatos
a. algoritmo de redes neuronales
las redes neuronales son sensibles a datos que pertenecen
a diferentes escalas. por ejemplo, en un problema de clasi-
ficación que incluye salarios y precios de carros, donde
los valores pueden estar en unidades, miles o millones, el
algoritmo tiende a enfocarse principalmente en la escala m ás
alta. para evitar este problema, se normalizan o estandarizan
los datos antes del entrenamiento.
b. t écnicas de preprocesamiento de datos
la mayor´ıa de los conjuntos de datos reales requieren alg ún
tipo de preprocesamiento antes de aplicar t écnicas de miner ´ıa
de datos o aprendizaje autom ático.
[pagina 2]
1) problemas encontrados:",,"{""semana"": 7, ""fecha"": ""2026-04-07"", ""nombre_archivo"": ""7_SEMANA_AI_20260407_3.pdf"", ""autor"": ""Nahomi Bolaños Valverde"", ""tema_principal"": ""I. RESPUESTAS DELQUIZ"", ""secciones"": ""I. RESPUESTAS DELQUIZ, C. M ´etricas de Evaluaci ´on, D. Desarrollo de la log-verosimilitud, II. MATERIANUEVA: PREPROCESAMIENTO DEDATOS, C. ¿C ´omo se resuelve?"", ""chunk_numero"": 5, ""total_chunks"": 11}"
"tipo de preprocesamiento antes de aplicar t écnicas de miner ´ıa
de datos o aprendizaje autom ático.
[pagina 2]
1) problemas encontrados:
•incompletitud:datos incompletos, valores faltantes y
featuresvac ´ıos.
•inexactitud o ruido:errores y valores at ´ıpicos en las
transacciones.
•inconsistencia:discrepancias en c ódigos de departamen-
tos o categor ´ıas.
2) ¿por qu é los datos pueden ser inexactos?:
•instrumentos de recolecci ón de datos defectuosos.
•errores humanos o computacionales.
•ingreso de valores falsos para campos obligatorios, cono-
cidos como datos faltantes disfrazados.
3) ¿por qu é los datos pueden ser incompletos?:
•atributos de inter és no considerados importantes en la
etapa de dise ño.
•fallos de equipo o malentendidos durante el registro.",,"{""semana"": 7, ""fecha"": ""2026-04-07"", ""nombre_archivo"": ""7_SEMANA_AI_20260407_3.pdf"", ""autor"": ""Nahomi Bolaños Valverde"", ""tema_principal"": ""I. RESPUESTAS DELQUIZ"", ""secciones"": ""I. RESPUESTAS DELQUIZ, C. M ´etricas de Evaluaci ´on, D. Desarrollo de la log-verosimilitud, II. MATERIANUEVA: PREPROCESAMIENTO DEDATOS, C. ¿C ´omo se resuelve?"", ""chunk_numero"": 6, ""total_chunks"": 11}"
"•atributos de inter és no considerados importantes en la
etapa de dise ño.
•fallos de equipo o malentendidos durante el registro.
•valores faltantes en atributos clave que deben ser inferi-
4) ¿por qu é los datos pueden ser inconsistentes?:
•conflictos entre bases de datos.
•diferencias en convenciones de nombres.
•migraciones de sistemas con actualizaciones parciales.
c. ¿c ómo se resuelve?
•cleaning:eliminaci ón de ruido y tratamiento de valores
faltantes.
•integration:combinaci ón de m últiplesfeaturesen un
repositorio.
•reduction:reducci ón del volumen de datos.
•transformation:normalizaci ón y estandarizaci ón.
•discretization:conversi ón de atributos continuos a
categóricos.
fig. 1. principales t écnicas de preprocesamiento de datos
iii. datacleaning",,"{""semana"": 7, ""fecha"": ""2026-04-07"", ""nombre_archivo"": ""7_SEMANA_AI_20260407_3.pdf"", ""autor"": ""Nahomi Bolaños Valverde"", ""tema_principal"": ""I. RESPUESTAS DELQUIZ"", ""secciones"": ""I. RESPUESTAS DELQUIZ, C. M ´etricas de Evaluaci ´on, D. Desarrollo de la log-verosimilitud, II. MATERIANUEVA: PREPROCESAMIENTO DEDATOS, C. ¿C ´omo se resuelve?"", ""chunk_numero"": 7, ""total_chunks"": 11}"
"•discretization:conversi ón de atributos continuos a
categóricos.
fig. 1. principales t écnicas de preprocesamiento de datos
iii. datacleaning
el objetivo del proceso de limpieza de datos es mejorar la
calidad de la informaci ón sin perder datos relevantes.
a. tratamiento de valores faltantes
•ignorar tuplas con valores faltantes.
•completar los datos manualmente.
•usar valores constantes.
•imputar media, mediana o moda (preferiblemente por
clase).
•inferir valores mediante modelos estad ´ısticos o de ma-
chine learning.
b. datos ruidosos
1) binning:los valores se reemplazan por la media, me-
diana o el borde m ás cercano del bin.
2) regresi ón:consiste en ajustar una funci ón matem ática,
ya sea lineal o no lineal, para suavizar el ruido presente en
los datos.
3) series temporales:",,"{""semana"": 7, ""fecha"": ""2026-04-07"", ""nombre_archivo"": ""7_SEMANA_AI_20260407_3.pdf"", ""autor"": ""Nahomi Bolaños Valverde"", ""tema_principal"": ""I. RESPUESTAS DELQUIZ"", ""secciones"": ""I. RESPUESTAS DELQUIZ, C. M ´etricas de Evaluaci ´on, D. Desarrollo de la log-verosimilitud, II. MATERIANUEVA: PREPROCESAMIENTO DEDATOS, C. ¿C ´omo se resuelve?"", ""chunk_numero"": 8, ""total_chunks"": 11}"
"ya sea lineal o no lineal, para suavizar el ruido presente en
los datos.
3) series temporales:
m a7(t) = 1
este método permite obtener una curva suavizada que refleja
la tendencia real.
iv. dataintegration
la integraci ón de datos aborda casos donde la misma
información se encuentra duplicada o representada por varios
features.
a. prueba de asociaci ónχ 2
h0 :p(a i ∩b j) =p(a i)p(b j)
(oij −e ij)2
b. asociaci ón entre variables
1) feature vs label:
•si se rechazah 0, el feature es relevante.
•si no se rechazah 0, el feature puede descartarse.
2) feature vs feature:
•asociaci ón indica redundancia.
•no asociaci ón indica informaci ón complementaria.
c. datos num éricos continuos
1) coeficiente de correlaci ón de pearson:mide la fuerza",,"{""semana"": 7, ""fecha"": ""2026-04-07"", ""nombre_archivo"": ""7_SEMANA_AI_20260407_3.pdf"", ""autor"": ""Nahomi Bolaños Valverde"", ""tema_principal"": ""I. RESPUESTAS DELQUIZ"", ""secciones"": ""I. RESPUESTAS DELQUIZ, C. M ´etricas de Evaluaci ´on, D. Desarrollo de la log-verosimilitud, II. MATERIANUEVA: PREPROCESAMIENTO DEDATOS, C. ¿C ´omo se resuelve?"", ""chunk_numero"": 9, ""total_chunks"": 11}"
"•no asociaci ón indica informaci ón complementaria.
c. datos num éricos continuos
1) coeficiente de correlaci ón de pearson:mide la fuerza
y direcci ón de una relaci ón lineal, con valores en[−1,1], es
sensible aoutliersy asume normalidad.
2) coeficiente de spearman:se basa en rangos, detecta
relaciones mon ótonas y es menos sensible a valores at ´ıpicos.
v. datareduction
el objetivo de la reducción de datos es disminuir el volumen
del conjunto manteniendo la mayor cantidad de informaci ón
posible. entre las t écnicas m ás utilizadas se encuentra la
reducción de dimensionalidad mediante pca y autoencoders.
[pagina 3]
vi. datatransformation
a. normalization
1) min-max normalization:
x′ = x−x min
xmax −x min
2) z-score:
z= x−µ
vii. datadiscretization",,"{""semana"": 7, ""fecha"": ""2026-04-07"", ""nombre_archivo"": ""7_SEMANA_AI_20260407_3.pdf"", ""autor"": ""Nahomi Bolaños Valverde"", ""tema_principal"": ""I. RESPUESTAS DELQUIZ"", ""secciones"": ""I. RESPUESTAS DELQUIZ, C. M ´etricas de Evaluaci ´on, D. Desarrollo de la log-verosimilitud, II. MATERIANUEVA: PREPROCESAMIENTO DEDATOS, C. ¿C ´omo se resuelve?"", ""chunk_numero"": 10, ""total_chunks"": 11}"
"[pagina 3]
vi. datatransformation
a. normalization
1) min-max normalization:
x′ = x−x min
xmax −x min
2) z-score:
z= x−µ
vii. datadiscretization
la discretización consiste en dividir un atributo continuo en
intervalos o bins, permitiendo una mayor interpretabilidad y
compatibilidad con ciertos algoritmos.
viii. conclusiones
el preprocesamiento de datos es una etapa fundamental
en el desarrollo de modelos de inteligencia artificial. un
tratamiento adecuado de los datos permite mejorar el de-
sempeño, la estabilidad y la capacidad de generalizaci ón de
los modelos, convirti éndose en un paso imprescindible dentro
del flujo de machine learning.",,"{""semana"": 7, ""fecha"": ""2026-04-07"", ""nombre_archivo"": ""7_SEMANA_AI_20260407_3.pdf"", ""autor"": ""Nahomi Bolaños Valverde"", ""tema_principal"": ""I. RESPUESTAS DELQUIZ"", ""secciones"": ""I. RESPUESTAS DELQUIZ, C. M ´etricas de Evaluaci ´on, D. Desarrollo de la log-verosimilitud, II. MATERIANUEVA: PREPROCESAMIENTO DEDATOS, C. ¿C ´omo se resuelve?"", ""chunk_numero"": 11, ""total_chunks"": 11}"
"[pagina 1]
apuntes semana 7 clase 2
fabricio mena mej ´ıa
instituto tecnológico de costa rica
ic-6200 inteligencia artifical
fabriciomena11@estudiantec.cr
abstract—en este presente documento se van a presentar los
apuntes de la clase del 9 de abril, correspondiente a la semana
7 del curso de inteligencia artificial, con el profesor steven
pacheco. se va a comenzar con la noticia importante de la semana
relacionada al tema de la inteligencia artificial, luego como es
habitual con un peque ño repaso de la clase anterior (martes
7 de abril) sobre el tema de la preprocesamiento de datos y
seguidamente se continua propiamente ya con los apuntes del
d´ıa correspondiente, jueves 9 de abril, sobre la introducci ón a
redes neuronales (mnist, arquitectura, codificaci ón one-hot).",,"{""semana"": 7, ""fecha"": ""2026-04-09"", ""nombre_archivo"": ""7_SEMANA_AI_20260409_1.pdf"", ""autor"": ""Fabricio Mena Mejía"", ""tema_principal"": ""I. NOTICIASEMANAL: MYTHOSANTHROPIC"", ""secciones"": ""I. NOTICIASEMANAL: MYTHOSANTHROPIC, II. REPASO, C. Series temporales, D. Correlaciones y reducci ´on de dimensionalidad, III. MATERIA NUEVA: REDESNEURONALES"", ""chunk_numero"": 1, ""total_chunks"": 12}"
"d´ıa correspondiente, jueves 9 de abril, sobre la introducci ón a
redes neuronales (mnist, arquitectura, codificaci ón one-hot).
i. noticiasemanal: mythosanthropic
anthropic present ó un avance denominadomythosy un
proyecto asociado llamadoglasswing, reportado por la
compañ´ıa como capaz de identificar vulnerabilidades en soft-
ware a gran escala. entre los hitos citados figura la detecci ón
de una falla que llevaba ”27 a ños” sin corregirse. los autores
del anuncio destacan pruebas internas y colaboraciones con
varias empresas para gestionar la divulgaci ón responsable.
por su capacidad y riesgo potencial, anthropic ha mantenido
el modelo restringido y ha discutido medidas de despliegue
controlado. adem ás, se comenta el modelo comercial y el",,"{""semana"": 7, ""fecha"": ""2026-04-09"", ""nombre_archivo"": ""7_SEMANA_AI_20260409_1.pdf"", ""autor"": ""Fabricio Mena Mejía"", ""tema_principal"": ""I. NOTICIASEMANAL: MYTHOSANTHROPIC"", ""secciones"": ""I. NOTICIASEMANAL: MYTHOSANTHROPIC, II. REPASO, C. Series temporales, D. Correlaciones y reducci ´on de dimensionalidad, III. MATERIA NUEVA: REDESNEURONALES"", ""chunk_numero"": 2, ""total_chunks"": 12}"
"el modelo restringido y ha discutido medidas de despliegue
controlado. adem ás, se comenta el modelo comercial y el
posible esquema de acceso basado en pago por uso.
fuente: anthropic (2026) [1].
al final se hizo la reflexi ón de que el salto que se dio desde
febrero en gemini 3.1 hasta el d ´ıa de hoy es inmenso, no
hab´ıamos avanzado tanto en tan poco tiempo.
ii. repaso
este repaso sintetiza los conceptos m ás relevantes vistos en
la clase anterior relacionados con preprocesamiento y an álisis
estad´ıstico.
a. t écnicas de preprocesamiento de datos
la mayor´ıa de los conjuntos de datos reales requieren alg ún
tipo de preprocesamiento antes de aplicar t écnicas de miner ´ıa
de datos o aprendizaje autom ático.
problemas comunes encontrados:",,"{""semana"": 7, ""fecha"": ""2026-04-09"", ""nombre_archivo"": ""7_SEMANA_AI_20260409_1.pdf"", ""autor"": ""Fabricio Mena Mejía"", ""tema_principal"": ""I. NOTICIASEMANAL: MYTHOSANTHROPIC"", ""secciones"": ""I. NOTICIASEMANAL: MYTHOSANTHROPIC, II. REPASO, C. Series temporales, D. Correlaciones y reducci ´on de dimensionalidad, III. MATERIA NUEVA: REDESNEURONALES"", ""chunk_numero"": 3, ""total_chunks"": 12}"
"tipo de preprocesamiento antes de aplicar t écnicas de miner ´ıa
de datos o aprendizaje autom ático.
problemas comunes encontrados:
•incompletitud: datos incompletos, valores faltantes y
features vac´ıos.
•inexactitud o ruido: errores y valores at ´ıpicos en las
transacciones.
•inconsistencia: discrepancias en c ódigos de departamen-
tos o categor ´ıas.
¿cómo se resuelve?
•cleaning: eliminaci ón de ruido y tratamiento de valores
faltantes (imputaci ón, eliminaci ón, etc.).
•integration: combinaci ón de m últiples fuentes y features
en un repositorio unificado.
•reduction: reducci ón del volumen de datos (muestreo,
agregación, selecci ón de caracter ´ısticas).
•transformation: normalizaci ón y estandarizaci ón de
atributos para homogeneizar escalas.",,"{""semana"": 7, ""fecha"": ""2026-04-09"", ""nombre_archivo"": ""7_SEMANA_AI_20260409_1.pdf"", ""autor"": ""Fabricio Mena Mejía"", ""tema_principal"": ""I. NOTICIASEMANAL: MYTHOSANTHROPIC"", ""secciones"": ""I. NOTICIASEMANAL: MYTHOSANTHROPIC, II. REPASO, C. Series temporales, D. Correlaciones y reducci ´on de dimensionalidad, III. MATERIA NUEVA: REDESNEURONALES"", ""chunk_numero"": 4, ""total_chunks"": 12}"
"agregación, selecci ón de caracter ´ısticas).
•transformation: normalizaci ón y estandarizaci ón de
atributos para homogeneizar escalas.
•discretization: conversi ón de atributos continuos a
categóricos cuando convenga.
b. prueba de asociaci ón (chi-cuadrado)
para variables nominales se emplea la prueba de indepen-
dencia chi-cuadrado:
(oi,j −e i,j)2
dondeo i son frecuencias observadas ye i las esperadas. los
grados de libertad son(r−1)(c−1)para una tablar×c.
c. series temporales
en problemas con dependencia temporal es crucial evaluar
estacionariedad.
ma7(t) = 1
d. correlaciones y reducci ón de dimensionalidad
antes de usar pearson verifique normalidad; en su defecto
prefiera spearman. para multicolinealidad descarte variables",,"{""semana"": 7, ""fecha"": ""2026-04-09"", ""nombre_archivo"": ""7_SEMANA_AI_20260409_1.pdf"", ""autor"": ""Fabricio Mena Mejía"", ""tema_principal"": ""I. NOTICIASEMANAL: MYTHOSANTHROPIC"", ""secciones"": ""I. NOTICIASEMANAL: MYTHOSANTHROPIC, II. REPASO, C. Series temporales, D. Correlaciones y reducci ´on de dimensionalidad, III. MATERIA NUEVA: REDESNEURONALES"", ""chunk_numero"": 5, ""total_chunks"": 12}"
"antes de usar pearson verifique normalidad; en su defecto
prefiera spearman. para multicolinealidad descarte variables
altamente correlacionadas y considere pca o selecci ón de car-
acter´ısticas cuando la dimensionalidad complica el problema.
iii. materia nueva: redesneuronales
hasta el momento hemos tratado de establecer un mecan-
ismo de combinación lineal entre los features y pesos. después
lo hicimos m ás robusto, as ´ı que ese mismo algoritmo sirve
también para resolver temas m ás complejos, clasificaci ón
log´ıstica y obtenemos a la funci ón sigmoide a la cual se
le aplicaba una relaci ón lineal. el siguiente nivel son redes
neuronales.
iv. clasificaci ´on demnist
mnist es un dataset cl ásico de 60,000 im ágenes de entre-
namiento y 10,000 de prueba, cada una de 28×28 p ´ıxeles en",,"{""semana"": 7, ""fecha"": ""2026-04-09"", ""nombre_archivo"": ""7_SEMANA_AI_20260409_1.pdf"", ""autor"": ""Fabricio Mena Mejía"", ""tema_principal"": ""I. NOTICIASEMANAL: MYTHOSANTHROPIC"", ""secciones"": ""I. NOTICIASEMANAL: MYTHOSANTHROPIC, II. REPASO, C. Series temporales, D. Correlaciones y reducci ´on de dimensionalidad, III. MATERIA NUEVA: REDESNEURONALES"", ""chunk_numero"": 6, ""total_chunks"": 12}"
"iv. clasificaci ´on demnist
mnist es un dataset cl ásico de 60,000 im ágenes de entre-
namiento y 10,000 de prueba, cada una de 28×28 p ´ıxeles en
escala de grises.
el flujo t ´ıpico de trabajo incluye:
[pagina 2]
fig. 1. imagen del dataset de mnist.
a. regresi ón log´ıstica
con la regresi ón log ´ıstica vimos que solo se nos permite
identificar si algo es o no, por ejemplo, si la figura 1 es un 5
o no, pero ¿c ómo podemos identificar cual es el n úmero de
la imagen?.
fig. 2. imagen del dataset de mnist convertida a matriz con valores.
podr´ıamos asumir que cada uno de los pixeles es infor-
mación importante, y les asignamos un valor, y con base en
esos valores tomaremos la decision de si es un 5 o no; para
este caso obtendremos un valor total de 784 features.",,"{""semana"": 7, ""fecha"": ""2026-04-09"", ""nombre_archivo"": ""7_SEMANA_AI_20260409_1.pdf"", ""autor"": ""Fabricio Mena Mejía"", ""tema_principal"": ""I. NOTICIASEMANAL: MYTHOSANTHROPIC"", ""secciones"": ""I. NOTICIASEMANAL: MYTHOSANTHROPIC, II. REPASO, C. Series temporales, D. Correlaciones y reducci ´on de dimensionalidad, III. MATERIA NUEVA: REDESNEURONALES"", ""chunk_numero"": 7, ""total_chunks"": 12}"
"esos valores tomaremos la decision de si es un 5 o no; para
este caso obtendremos un valor total de 784 features.
b. transformaci ón de la imagen (flatten)
la operaci ón deflattentransforma la matriz28×28en un
vector de 784 componentes que se usa como entrada de una
capa densa fig3.
ahora para cada uno de esos valores del vector x podemos
asignar un peso w e ir trabajando con esof w,b(x) =wx+b.
al final tendremos 784 perillas que ajustar para que nuestro
modelo pueda decidir si es un 5 o no. pero lo que se solicita
no es hacer una clasificaci ón binaria, si no una multinomial.
c. regresi ón log´ıstica multinomial
el ejemplo brindado para poder resolver este caso, es
supones que tenemos a 10 personas, y cada una de estas est á
fig. 3. transformaci ón de matriz a vector.",,"{""semana"": 7, ""fecha"": ""2026-04-09"", ""nombre_archivo"": ""7_SEMANA_AI_20260409_1.pdf"", ""autor"": ""Fabricio Mena Mejía"", ""tema_principal"": ""I. NOTICIASEMANAL: MYTHOSANTHROPIC"", ""secciones"": ""I. NOTICIASEMANAL: MYTHOSANTHROPIC, II. REPASO, C. Series temporales, D. Correlaciones y reducci ´on de dimensionalidad, III. MATERIA NUEVA: REDESNEURONALES"", ""chunk_numero"": 8, ""total_chunks"": 12}"
"supones que tenemos a 10 personas, y cada una de estas est á
fig. 3. transformaci ón de matriz a vector.
capacitada para poder identificar 1 solo n úmero del 1 al 10, lo
que va a pasar al momento de identificar el n úmero mostrado
es que solo 1 de las personas va a devolver un 1 que ser ´ıa
la salida cuando se identific ó que si es su n úmero esperado y
los dem ás van a devolver 0, indicando que no es el n úmero
que ellos pueden detectar. para lograr esto podemos entrenar
varios modelos especializados en identificar 1 solo n úmero.
d. one-hot vector
la etiquetayse codifica como un vector one-hot de longitud
kcon un 1 en la posici ón de la clase verdadera; en la posici ón
que encienda es la clase identificada fig4.
fig. 4. one-hot vector.",,"{""semana"": 7, ""fecha"": ""2026-04-09"", ""nombre_archivo"": ""7_SEMANA_AI_20260409_1.pdf"", ""autor"": ""Fabricio Mena Mejía"", ""tema_principal"": ""I. NOTICIASEMANAL: MYTHOSANTHROPIC"", ""secciones"": ""I. NOTICIASEMANAL: MYTHOSANTHROPIC, II. REPASO, C. Series temporales, D. Correlaciones y reducci ´on de dimensionalidad, III. MATERIA NUEVA: REDESNEURONALES"", ""chunk_numero"": 9, ""total_chunks"": 12}"
"kcon un 1 en la posici ón de la clase verdadera; en la posici ón
que encienda es la clase identificada fig4.
fig. 4. one-hot vector.
esto permite que se extrapole a otros problemas de clasifi-
cación, por ejemplo a animales o colores.
e. dense layer / fully connected
ahora, que pasa si se tiene m ás de 1 pixel?
se hace exactamente lo mismo, a cada uno de estos pixeles
que ser´ıan los features de entrada se les asigna cada uno de
los features del dense layer fig5.
fig. 5. dense layer.
[pagina 3]
f . conversión entre vector y matriz
en lugar de calcular cada regresi ón lineal de forma vec-
torial cambiamos los vectores por matrices para hacer 1
sola operaci ón y no n, donde n es el tama ño de la capa
siguiente. usando de nuevo conceptos de álgebra linealy=
xvector ·w vector +bfig6",,"{""semana"": 7, ""fecha"": ""2026-04-09"", ""nombre_archivo"": ""7_SEMANA_AI_20260409_1.pdf"", ""autor"": ""Fabricio Mena Mejía"", ""tema_principal"": ""I. NOTICIASEMANAL: MYTHOSANTHROPIC"", ""secciones"": ""I. NOTICIASEMANAL: MYTHOSANTHROPIC, II. REPASO, C. Series temporales, D. Correlaciones y reducci ´on de dimensionalidad, III. MATERIA NUEVA: REDESNEURONALES"", ""chunk_numero"": 10, ""total_chunks"": 12}"
"sola operaci ón y no n, donde n es el tama ño de la capa
siguiente. usando de nuevo conceptos de álgebra linealy=
xvector ·w vector +bfig6
fig. 6. vector por entrada.
g. matriz de pesos w
la matriz de pesos se representa de la siguiente forma:
fig. 7. matriz de pesos.
donde:
•j=el tama ño de la siguiente capa
•n=el tama ño de features
para el caso de una imagen de mnist la matriz de pesos tiene
una capa de entrada de 784 y una capa de salida de 10, esta
se ver´ıa de la siguiente forma:
w0,0 w0,1 w0,2 . . . w0,784
w1,0 w1,1 w1,2 . . . w1,784
w10,0 w10,1 w10,2 . . . w10,784
as´ı tenemos un vector de tama ño 10 para representar el
bias, y haciendo el c álculo se tienen 7840 pesos que ajustar
con el descenso del gradiente y cada uno debe de ser ajustado",,"{""semana"": 7, ""fecha"": ""2026-04-09"", ""nombre_archivo"": ""7_SEMANA_AI_20260409_1.pdf"", ""autor"": ""Fabricio Mena Mejía"", ""tema_principal"": ""I. NOTICIASEMANAL: MYTHOSANTHROPIC"", ""secciones"": ""I. NOTICIASEMANAL: MYTHOSANTHROPIC, II. REPASO, C. Series temporales, D. Correlaciones y reducci ´on de dimensionalidad, III. MATERIA NUEVA: REDESNEURONALES"", ""chunk_numero"": 11, ""total_chunks"": 12}"
"bias, y haciendo el c álculo se tienen 7840 pesos que ajustar
con el descenso del gradiente y cada uno debe de ser ajustado
para que el modelo funcione correctamente.
al final el modelo tiene la siguiente forma:
fig. 8. red neuronal de 1 capa para mnist.
references
[1] anthropic, ”mythos preview”, 2026. [online]. available:
https://red.anthropic.com/2026/mythos-preview/",,"{""semana"": 7, ""fecha"": ""2026-04-09"", ""nombre_archivo"": ""7_SEMANA_AI_20260409_1.pdf"", ""autor"": ""Fabricio Mena Mejía"", ""tema_principal"": ""I. NOTICIASEMANAL: MYTHOSANTHROPIC"", ""secciones"": ""I. NOTICIASEMANAL: MYTHOSANTHROPIC, II. REPASO, C. Series temporales, D. Correlaciones y reducci ´on de dimensionalidad, III. MATERIA NUEVA: REDESNEURONALES"", ""chunk_numero"": 12, ""total_chunks"": 12}"
"[pagina 1]
apuntes – semana 7: redes neuronales
inteligencia artificial
mariela solanogómez – 2022437963
fecha09/04/2026
profesorsteven pacheco portuguez
universidadinstituto tecnológico de costa rica
semestrei semestre
abstract— la clase inició con un repaso de la sesión anterior
sobre preprocesamiento de datos, cubriendo los cinco pasos
principales:data cleaning,data integration,data reduction,
data transformationydata discretization. contenido evaluado en
el quiz del martes 14 de abril. posteriormente, se introdujo el
tema de redes neuronales, abordando conceptos fundamentales
como la clasificación mnist, regresión logística binaria y
multinomial, representaciónone-hot, y la matriz de pesosw.
i. noticias de la semana
anthropic anunció el lanzamiento declaude mythos",,"{""semana"": 7, ""fecha"": ""2026-04-09"", ""nombre_archivo"": ""7_SEMANA_AI_20260409_2.pdf"", ""autor"": ""Mariela Solano Gómez"", ""tema_principal"": ""I. NOTICIAS DE LA SEMANA"", ""secciones"": ""I. NOTICIAS DE LA SEMANA, II. CLASE ANTERIOR: PREPROCESAMIENTO DE DATOS, III. REDESNEURONALES"", ""chunk_numero"": 1, ""total_chunks"": 13}"
"multinomial, representaciónone-hot, y la matriz de pesosw.
i. noticias de la semana
anthropic anunció el lanzamiento declaude mythos
preview, un nuevo modelo de lenguaje de propósito general.
junto con este lanzamiento, se presentó elproject glass-
wing, una iniciativa orientada a fortalecer la seguridad de
sistemas de uso comercial masivo mediante la detección de
vulnerabilidades.
para ello, anthropic estableció alianzas con diversas
organizaciones, entre ellas linux foundation, microsoft y
apple, a quienes se les ofrece acceso prioritario al modelo. la
estrategia de divulgar los hallazgos primero a grandes compa-
ñías resulta acertada, ya que permite corregir vulnerabilidades
antes de que puedan afectar a usuarios finales.
más información: https://www.anthropic.com/
glasswing",,"{""semana"": 7, ""fecha"": ""2026-04-09"", ""nombre_archivo"": ""7_SEMANA_AI_20260409_2.pdf"", ""autor"": ""Mariela Solano Gómez"", ""tema_principal"": ""I. NOTICIAS DE LA SEMANA"", ""secciones"": ""I. NOTICIAS DE LA SEMANA, II. CLASE ANTERIOR: PREPROCESAMIENTO DE DATOS, III. REDESNEURONALES"", ""chunk_numero"": 2, ""total_chunks"": 13}"
"antes de que puedan afectar a usuarios finales.
más información: https://www.anthropic.com/
glasswing
adicionalmente, anthropic anunció una reducción en la
tasa de uso de claude, lo que implica que los usuarios
contarán con un menorlímite de solicitudes disponibles.
ii. clase anterior: preprocesamiento de datos
tenemos distintos escenarios que afectan la calidad de
los datos, entre ellos incompletitud, inexactitud o ruido
e inconsistencia. es por esto que necesitamos realizar un
preprocesamiento de los datos para usarlos en nuestros
modelos. las principales tareas de preprocesamiento son:
ii-a. data cleaning
eliminación de ruido, corrección de inconsistencias, trata-
miento de valores faltantes.
v alores faltantes
ignorar las tuplas con valores faltantes (peor de los
escenarios).",,"{""semana"": 7, ""fecha"": ""2026-04-09"", ""nombre_archivo"": ""7_SEMANA_AI_20260409_2.pdf"", ""autor"": ""Mariela Solano Gómez"", ""tema_principal"": ""I. NOTICIAS DE LA SEMANA"", ""secciones"": ""I. NOTICIAS DE LA SEMANA, II. CLASE ANTERIOR: PREPROCESAMIENTO DE DATOS, III. REDESNEURONALES"", ""chunk_numero"": 3, ""total_chunks"": 13}"
"miento de valores faltantes.
v alores faltantes
ignorar las tuplas con valores faltantes (peor de los
escenarios).
completar manualmente.
usar un valor global constante.
rellenar con estadísticos (media, mediana, moda).
inferir valores mediante modelos estadísticos o de ml
(regresión, k-nn, árboles de decisión).
noisy data (regresión)
ajustar una función matemática a los datos para suavizar
el ruido.
puede ser lineal o no lineal.
noisy data (series temporales)
aplicartécnicas de filtrado para suavizar fluctuaciones.
mediamóvil: promedio de losúltimos ndías para suavizar
los datos.
ii-b. data integration
combinación de datos demúltiples fuentes heterogéneas
en un repositorio coherente.
redundancia
duplicación de información: no necesariamente valores",,"{""semana"": 7, ""fecha"": ""2026-04-09"", ""nombre_archivo"": ""7_SEMANA_AI_20260409_2.pdf"", ""autor"": ""Mariela Solano Gómez"", ""tema_principal"": ""I. NOTICIAS DE LA SEMANA"", ""secciones"": ""I. NOTICIAS DE LA SEMANA, II. CLASE ANTERIOR: PREPROCESAMIENTO DE DATOS, III. REDESNEURONALES"", ""chunk_numero"": 4, ""total_chunks"": 13}"
"combinación de datos demúltiples fuentes heterogéneas
en un repositorio coherente.
redundancia
duplicación de información: no necesariamente valores
idénticos, sino atributos que reflejan la misma información.
ejemplo: peso y altura están correlacionados; a mayor
altura, generalmente mayor peso.
se tienen dostécnicas para detectar redundancia:
pruebaχ 2 (datos nominales)
mide la asociación entre variables categóricas comparando
frecuencias observadaso i,j vs. esperadase i,j:
(oi,j −e i,j)2
grados de libertad:(r−1)(c−1)para una tablar×c.
nivel de significancia α a escogencia; generalmente α=
si χ2
calc ≤χ 2
α, d f: variables independientes; en caso
contrario, asociadas.
correlación (datos numéricos)
pearson:fuerza y dirección de la relación lineal; sensible",,"{""semana"": 7, ""fecha"": ""2026-04-09"", ""nombre_archivo"": ""7_SEMANA_AI_20260409_2.pdf"", ""autor"": ""Mariela Solano Gómez"", ""tema_principal"": ""I. NOTICIAS DE LA SEMANA"", ""secciones"": ""I. NOTICIAS DE LA SEMANA, II. CLASE ANTERIOR: PREPROCESAMIENTO DE DATOS, III. REDESNEURONALES"", ""chunk_numero"": 5, ""total_chunks"": 13}"
"contrario, asociadas.
correlación (datos numéricos)
pearson:fuerza y dirección de la relación lineal; sensible
a outliers; requiere distribución normal.
spearman:detecta relaciones monótonas; más robusto
ante outliers.
ii-c. data reduction
reducción de volumen mediante selección de atributos,
reducción de dimensionalidad o discretización.
[pagina 2]
ii-d. data transformation
normalización, estandarización, agregación y construcción
de nuevas variables.
min-max normalization:escala los datos al rango [0,1] :
x′ = x−m ´ ın(x)
máx(x)−m ´ ın(x)
z-score:distribución con media 0 y desviación estándar
x′ = x−µ
dondeµes la media yσla desviación estándar.
ii-e. data discretization
transformación de atributos continuos en categóricos (in-",,"{""semana"": 7, ""fecha"": ""2026-04-09"", ""nombre_archivo"": ""7_SEMANA_AI_20260409_2.pdf"", ""autor"": ""Mariela Solano Gómez"", ""tema_principal"": ""I. NOTICIAS DE LA SEMANA"", ""secciones"": ""I. NOTICIAS DE LA SEMANA, II. CLASE ANTERIOR: PREPROCESAMIENTO DE DATOS, III. REDESNEURONALES"", ""chunk_numero"": 6, ""total_chunks"": 13}"
"x′ = x−µ
dondeµes la media yσla desviación estándar.
ii-e. data discretization
transformación de atributos continuos en categóricos (in-
tervalos).binning: dividir un atributo continuo en intervalos
(bins) y asignar cada valor a uno de ellos.
iii. redesneuronales
mnistes un datasetclásico con 60,000 imágenes dedígitos escritos a mano (fig. 1). la tarea consiste en identificar
quénúmero representa cada imagen. las imágenes original-
mente son de 128×128píxeles, reducidas a 28×28 = 784
features.
fig. 1:mnist dataset.
hasta ahora hemos trabajado con clasificación binaria,
pero mnist implica clasificar entre 10 clases ( 0–9). antes
de abordar eso, veamoscómo alimentar una imagen a una
regresión logística.
de imagen a vector: flatten
una imagen no puede ingresarse directamente; hay que",,"{""semana"": 7, ""fecha"": ""2026-04-09"", ""nombre_archivo"": ""7_SEMANA_AI_20260409_2.pdf"", ""autor"": ""Mariela Solano Gómez"", ""tema_principal"": ""I. NOTICIAS DE LA SEMANA"", ""secciones"": ""I. NOTICIAS DE LA SEMANA, II. CLASE ANTERIOR: PREPROCESAMIENTO DE DATOS, III. REDESNEURONALES"", ""chunk_numero"": 7, ""total_chunks"": 13}"
"regresión logística.
de imagen a vector: flatten
una imagen no puede ingresarse directamente; hay que
transformarla en un vector de características medianteflatten:
se concatenan todas las filas depíxeles en un solo vector
(fig. 2).
imagen28×28
flatten
− − − →vector de784entradas
fig. 2:operación flatten
a este conjunto de entradas se le denominainput layer.
para mnist tiene 784 nodos (uno porpíxel). la regresión
logística recibe entonces:
entradas:vector de 784 características (píxeles).
pesos:uno por cada entrada.
bias:término independiente.
función de activación:sigmoide
como se observa en la fig. 3, esta estructura escala
directamente desde el input layer hasta la neurona de salida.
fig. 3:regresión logística con input layer de 784 entradas.",,"{""semana"": 7, ""fecha"": ""2026-04-09"", ""nombre_archivo"": ""7_SEMANA_AI_20260409_2.pdf"", ""autor"": ""Mariela Solano Gómez"", ""tema_principal"": ""I. NOTICIAS DE LA SEMANA"", ""secciones"": ""I. NOTICIAS DE LA SEMANA, II. CLASE ANTERIOR: PREPROCESAMIENTO DE DATOS, III. REDESNEURONALES"", ""chunk_numero"": 8, ""total_chunks"": 13}"
"directamente desde el input layer hasta la neurona de salida.
fig. 3:regresión logística con input layer de 784 entradas.
limitación:para imágenes pequeñas esto es manejable,
pero con imágenes grandes la cantidad de entradas crece
demasiado, haciendo ineficiente a la regresión logística
binaria.
iii-a. regresión logística multinomial
la regresión binaria solo responde si undígitoesono es
un 5. para mnist necesitamos distinguir entre las 10 clases,
por lo que se extiende el modelo a laregresión logística
multinomial: en lugar de unúnico valor binario, el modelo
produce un vector de probabilidades, una por clase.
las etiquetas se representan con unone-hot vector:
longitud k, con un 1 en la posición de la clase correcta
y0en las demás. parak= 10, eldígito3es:
y= [ 0,0,0,1,0,0,0,0,0,0 ]",,"{""semana"": 7, ""fecha"": ""2026-04-09"", ""nombre_archivo"": ""7_SEMANA_AI_20260409_2.pdf"", ""autor"": ""Mariela Solano Gómez"", ""tema_principal"": ""I. NOTICIAS DE LA SEMANA"", ""secciones"": ""I. NOTICIAS DE LA SEMANA, II. CLASE ANTERIOR: PREPROCESAMIENTO DE DATOS, III. REDESNEURONALES"", ""chunk_numero"": 9, ""total_chunks"": 13}"
"longitud k, con un 1 en la posición de la clase correcta
y0en las demás. parak= 10, eldígito3es:
y= [ 0,0,0,1,0,0,0,0,0,0 ]
la fig. 4 ilustra el concepto con tres clases alimenticias.
el one-hot vector asigna1únicamente a la clase correcta:
hot dog→[1,0,0]
borscht→[0,1,0]
shawarma→[0,0,1]
[pagina 3]
solo una posición está “encendida” (hot), de ahí el nombre
one-hot.
fig. 4:one-hot encoding con tres clases.
1 feature (1píxel)
el casomínimo (fig. 5): una sola entrada, 10 pesos y 10
neuronas de salida, una por clase. reducido al absurdo, pero
ilustra la estructura base.
fig. 5:regresión logística multinomial con 1 feature.
2 features (2píxeles)
al agregar un segundopíxel (fig. 6), cada neurona de
salida recibe 2 pesos y un bias. la estructura se mantiene,",,"{""semana"": 7, ""fecha"": ""2026-04-09"", ""nombre_archivo"": ""7_SEMANA_AI_20260409_2.pdf"", ""autor"": ""Mariela Solano Gómez"", ""tema_principal"": ""I. NOTICIAS DE LA SEMANA"", ""secciones"": ""I. NOTICIAS DE LA SEMANA, II. CLASE ANTERIOR: PREPROCESAMIENTO DE DATOS, III. REDESNEURONALES"", ""chunk_numero"": 10, ""total_chunks"": 13}"
"2 features (2píxeles)
al agregar un segundopíxel (fig. 6), cada neurona de
salida recibe 2 pesos y un bias. la estructura se mantiene,
pero el modelo dispone demás información.
fig. 6:regresión logística multinomial con 2 features.
5 features (5píxeles)
con 5píxeles (fig. 7) ya tenemos 5×10 = 50 pesos, lo
que empieza a asemejarse a los inicios de una red neuronal. a
esta estructura (cada entrada conectada a todas las neuronas
de salida) se le denominadense layerofully connected
layer.
fig. 7:regresión logística multinomial con 5 features (dense /
fully connected layer).
iii-b. conversión de vector a matriz
en lugar de calcular cada regresión logística individualmen-
te (un ciclo de n operaciones), se puede expresar todo como
unaúnica multiplicación matricial usandoálgebra lineal.",,"{""semana"": 7, ""fecha"": ""2026-04-09"", ""nombre_archivo"": ""7_SEMANA_AI_20260409_2.pdf"", ""autor"": ""Mariela Solano Gómez"", ""tema_principal"": ""I. NOTICIAS DE LA SEMANA"", ""secciones"": ""I. NOTICIAS DE LA SEMANA, II. CLASE ANTERIOR: PREPROCESAMIENTO DE DATOS, III. REDESNEURONALES"", ""chunk_numero"": 11, ""total_chunks"": 13}"
"te (un ciclo de n operaciones), se puede expresar todo como
unaúnica multiplicación matricial usandoálgebra lineal.
todos los pesos se agrupan en lamatriz de pesos w
(fig. 8), de dimensionesj×n:
j= número de clases (tamaño de la capa de salida).
n= número de features (tamaño de la capa de entrada).
fig. 8:matriz de pesosw(cada fila es una regresión logística).
para mnist, w tiene dimensiones 10×784 : hay10
regresiones logísticas dentro de una sola matriz.
el bias se convierte en vector
en la regresión binaria el bias era un escalar b. con j
clases, cada regresión necesita su propio bias:
b(escalar)− →b(vector de tamañoj)
para mnist, b tiene tamaño 10. la operación completa,
ilustrada en la fig. 9, queda como una sola expresión:
ˆy=σ(w·x+b)",,"{""semana"": 7, ""fecha"": ""2026-04-09"", ""nombre_archivo"": ""7_SEMANA_AI_20260409_2.pdf"", ""autor"": ""Mariela Solano Gómez"", ""tema_principal"": ""I. NOTICIAS DE LA SEMANA"", ""secciones"": ""I. NOTICIAS DE LA SEMANA, II. CLASE ANTERIOR: PREPROCESAMIENTO DE DATOS, III. REDESNEURONALES"", ""chunk_numero"": 12, ""total_chunks"": 13}"
"para mnist, b tiene tamaño 10. la operación completa,
ilustrada en la fig. 9, queda como una sola expresión:
ˆy=σ(w·x+b)
donde x es el vector depíxeles (784×1) , w la matriz de
pesos (10×784) , b el vector de bias (10×1) y ˆy el vector
de probabilidades de salida(10×1).
[pagina 4]
fig. 9:operación matricial completa: ˆy=σ(w·x+b).
red neuronal de 1 capa para mnist:la arquitectura
descrita, compuesta por un input layer de 784 nodos y una
capa densa de 10 neuronas de salida, constituye la formamás simple de una red neuronal aplicada a mnist. en
total cuenta con 784×10 = 7840 pesos + 10 bias =7850
parámetros a ajustar mediante descenso del gradiente.",,"{""semana"": 7, ""fecha"": ""2026-04-09"", ""nombre_archivo"": ""7_SEMANA_AI_20260409_2.pdf"", ""autor"": ""Mariela Solano Gómez"", ""tema_principal"": ""I. NOTICIAS DE LA SEMANA"", ""secciones"": ""I. NOTICIAS DE LA SEMANA, II. CLASE ANTERIOR: PREPROCESAMIENTO DE DATOS, III. REDESNEURONALES"", ""chunk_numero"": 13, ""total_chunks"": 13}"
"[pagina 1]
apuntes semana 7 clase 2
dar´ıo espinoza aguilar
instituto tecnológico de costa rica
inteligencia artificial
darioespinoza477@estudiantec.cr
resumen—el presente documento recoge los apuntes corres-
pondientes a la sesi ón del 9 de abril, perteneciente a la semana 7
del curso de inteligencia artificial. la clase inicia con la noticia
relevante de la semana en el ámbito de la inteligencia artificial,
continúa con un breve repaso de la clase del martes 7 de abril
sobre preprocesamiento de datos, y finaliza con el contenido
nuevo visto el jueves 9 de abril, enfocado en la introducci ón
a redes neuronales.
i. noticiasemanal: mythos deanthropic
anthropic dio a conocer un avance denominadomythos
junto con un proyecto relacionado llamadoglasswing, descrito",,"{""semana"": 7, ""fecha"": ""2026-04-09"", ""nombre_archivo"": ""7_SEMANA_AI_20260409_3.pdf"", ""autor"": ""Darío Espinoza Aguilar"", ""tema_principal"": ""I. NOTICIASEMANAL: MYTHOS DEANTHROPIC"", ""secciones"": ""I. NOTICIASEMANAL: MYTHOS DEANTHROPIC, II. REPASO, III. MATERIANUEVA: REDESNEURONALES, IV. CLASIFICACI ´ON CONMNIST, 5.\nREFERENCIAS"", ""chunk_numero"": 1, ""total_chunks"": 12}"
"i. noticiasemanal: mythos deanthropic
anthropic dio a conocer un avance denominadomythos
junto con un proyecto relacionado llamadoglasswing, descrito
por la compa ñ´ıa como un sistema capaz de detectar vulnerabi-
lidades en software a gran escala. entre los logros destacados
se menciona el hallazgo de una falla que permanec ´ıa sin
solución desde hac´ıa 27 años. la empresa resaltó resultados de
pruebas internas y colaboraciones con distintas organizaciones
para gestionar la divulgaci ón de manera responsable. dada su
capacidad y el riesgo potencial que representa, anthropic ha
mantenido el modelo bajo restricciones de acceso y ha eva-
luado esquemas de despliegue controlado. además, se discutió
su modelo comercial, que contempla un posible esquema de
pago por uso.",,"{""semana"": 7, ""fecha"": ""2026-04-09"", ""nombre_archivo"": ""7_SEMANA_AI_20260409_3.pdf"", ""autor"": ""Darío Espinoza Aguilar"", ""tema_principal"": ""I. NOTICIASEMANAL: MYTHOS DEANTHROPIC"", ""secciones"": ""I. NOTICIASEMANAL: MYTHOS DEANTHROPIC, II. REPASO, III. MATERIANUEVA: REDESNEURONALES, IV. CLASIFICACI ´ON CONMNIST, 5.\nREFERENCIAS"", ""chunk_numero"": 2, ""total_chunks"": 12}"
"luado esquemas de despliegue controlado. además, se discutió
su modelo comercial, que contempla un posible esquema de
pago por uso.
fuente: anthropic (2026) [1].
como reflexión final, se señaló que el avance experimentado
desde febrero, con gemini 3.1, hasta la fecha actual ha sido
extraordinario, pues rara vez se observa un progreso tan
acelerado en un periodo tan corto.
ii. repaso
a continuaci ón se sintetizan los conceptos m ás relevantes
abordados en la sesión anterior, referentes al preprocesamiento
y el an álisis estad´ıstico de datos.
ii-a. t écnicas de preprocesamiento de datos
la mayor ´ıa de los conjuntos de datos del mundo real
requieren alg ún tipo de tratamiento previo antes de aplicar
algoritmos de miner ´ıa de datos o aprendizaje autom ático.",,"{""semana"": 7, ""fecha"": ""2026-04-09"", ""nombre_archivo"": ""7_SEMANA_AI_20260409_3.pdf"", ""autor"": ""Darío Espinoza Aguilar"", ""tema_principal"": ""I. NOTICIASEMANAL: MYTHOS DEANTHROPIC"", ""secciones"": ""I. NOTICIASEMANAL: MYTHOS DEANTHROPIC, II. REPASO, III. MATERIANUEVA: REDESNEURONALES, IV. CLASIFICACI ´ON CONMNIST, 5.\nREFERENCIAS"", ""chunk_numero"": 3, ""total_chunks"": 12}"
"requieren alg ún tipo de tratamiento previo antes de aplicar
algoritmos de miner ´ıa de datos o aprendizaje autom ático.
entre los problemas m ás frecuentes se encuentran:
incompletitud:presencia de registros incompletos, va-
lores ausentes o atributos vac ´ıos.
inexactitud o ruido:errores y valores at ´ıpicos dentro de
las transacciones.
inconsistencia:discrepancias en c ódigos de categor´ıas o
departamentos.
las estrategias habituales para abordar estos problemas son:
limpieza (cleaning):eliminaci ón del ruido y manejo de
valores faltantes mediante imputaci ón, eliminación, entre
otros.
integración (integration):unificaci ón de m últiples
fuentes y atributos en un repositorio centralizado.
reducción (reduction):disminuci ón del volumen de",,"{""semana"": 7, ""fecha"": ""2026-04-09"", ""nombre_archivo"": ""7_SEMANA_AI_20260409_3.pdf"", ""autor"": ""Darío Espinoza Aguilar"", ""tema_principal"": ""I. NOTICIASEMANAL: MYTHOS DEANTHROPIC"", ""secciones"": ""I. NOTICIASEMANAL: MYTHOS DEANTHROPIC, II. REPASO, III. MATERIANUEVA: REDESNEURONALES, IV. CLASIFICACI ´ON CONMNIST, 5.\nREFERENCIAS"", ""chunk_numero"": 4, ""total_chunks"": 12}"
"fuentes y atributos en un repositorio centralizado.
reducción (reduction):disminuci ón del volumen de
datos a trav és de muestreo, agregaci ón o selecci ón de
caracter´ısticas.
transformación (transformation):normalizaci ón y es-
tandarización de atributos para homogeneizar sus escalas.
discretización (discretization):conversi ón de atributos
continuos en categ óricos cuando resulta conveniente.
ii-b. prueba de asociaci ón (chi-cuadrado)
para variables nominales se utiliza la prueba de indepen-
dencia chi-cuadrado:
(oi,j −e i,j)2
dondeo i,j representa las frecuencias observadas ye i,j las
esperadas. los grados de libertad corresponden a(r−1)(c−1)
para una tabla der×c.
ii-c. series temporales
en problemas con dependencia temporal es fundamental",,"{""semana"": 7, ""fecha"": ""2026-04-09"", ""nombre_archivo"": ""7_SEMANA_AI_20260409_3.pdf"", ""autor"": ""Darío Espinoza Aguilar"", ""tema_principal"": ""I. NOTICIASEMANAL: MYTHOS DEANTHROPIC"", ""secciones"": ""I. NOTICIASEMANAL: MYTHOS DEANTHROPIC, II. REPASO, III. MATERIANUEVA: REDESNEURONALES, IV. CLASIFICACI ´ON CONMNIST, 5.\nREFERENCIAS"", ""chunk_numero"": 5, ""total_chunks"": 12}"
"para una tabla der×c.
ii-c. series temporales
en problemas con dependencia temporal es fundamental
evaluar la estacionariedad de la serie. una medida com ún es
la media m óvil de orden 7:
m a7(t) =1
xt−i (2)
ii-d. correlaciones y reducci ón de dimensionalidad
antes de aplicar la correlaci ón de pearson es necesario veri-
ficar la normalidad de los datos; de lo contrario, se recomienda
emplear la correlaci ón de spearman. ante la presencia de
multicolinealidad, conviene descartar las variables altamente
correlacionadas y considerar t écnicas como pca o selecci ón
de caracter´ısticas cuando la alta dimensionalidad complica el
modelado.
iii. materianueva: redesneuronales
hasta el momento, el enfoque ha consistido en establecer
combinaciones lineales entre los atributos de entrada y los",,"{""semana"": 7, ""fecha"": ""2026-04-09"", ""nombre_archivo"": ""7_SEMANA_AI_20260409_3.pdf"", ""autor"": ""Darío Espinoza Aguilar"", ""tema_principal"": ""I. NOTICIASEMANAL: MYTHOS DEANTHROPIC"", ""secciones"": ""I. NOTICIASEMANAL: MYTHOS DEANTHROPIC, II. REPASO, III. MATERIANUEVA: REDESNEURONALES, IV. CLASIFICACI ´ON CONMNIST, 5.\nREFERENCIAS"", ""chunk_numero"": 6, ""total_chunks"": 12}"
"hasta el momento, el enfoque ha consistido en establecer
combinaciones lineales entre los atributos de entrada y los
pesos del modelo. dicho esquema se fue refinando para dar
soporte a tareas más complejas, como la clasificación log´ıstica,
donde se introduce la funci ón sigmoide aplicada sobre una
[pagina 2]
relación lineal. el paso siguiente en esta evoluci ón natural son
las redes neuronales.
iv. clasificaci ´on conmnist
mnist es un conjunto de datos cl ásico compuesto por
60,000 im ágenes de entrenamiento y 10,000 de prueba, cada
una de28×28p ´ıxeles en escala de grises.
figura 1. imagen del dataset de mnist.
iv-a. regresi ón log´ıstica
con la regresi ón log´ıstica únicamente es posible determinar
si una imagen pertenece o no a una clase determinada; por",,"{""semana"": 7, ""fecha"": ""2026-04-09"", ""nombre_archivo"": ""7_SEMANA_AI_20260409_3.pdf"", ""autor"": ""Darío Espinoza Aguilar"", ""tema_principal"": ""I. NOTICIASEMANAL: MYTHOS DEANTHROPIC"", ""secciones"": ""I. NOTICIASEMANAL: MYTHOS DEANTHROPIC, II. REPASO, III. MATERIANUEVA: REDESNEURONALES, IV. CLASIFICACI ´ON CONMNIST, 5.\nREFERENCIAS"", ""chunk_numero"": 7, ""total_chunks"": 12}"
"iv-a. regresi ón log´ıstica
con la regresi ón log´ıstica únicamente es posible determinar
si una imagen pertenece o no a una clase determinada; por
ejemplo, si el d´ıgito mostrado es un 5 o no. sin embargo, este
enfoque no permite distinguir directamente cu ál de los diez
d´ıgitos posibles aparece en la imagen.
asumiendo que cada p´ıxel constituye información relevante,
se le asigna un valor num érico y, con base en ellos, se toma la
decisión de clasificación. para el caso de mnist, esto produce
un total de 784 atributos de entrada.
iv-b. transformaci ón de la imagen (flatten)
la operaci ón deflattenconvierte la matriz28×28en un
vector de 784 elementos, el cual se emplea como entrada de
una capa densa, como se ilustra en la fig. 3.
a cada componentexdel vector resultante se le asigna un",,"{""semana"": 7, ""fecha"": ""2026-04-09"", ""nombre_archivo"": ""7_SEMANA_AI_20260409_3.pdf"", ""autor"": ""Darío Espinoza Aguilar"", ""tema_principal"": ""I. NOTICIASEMANAL: MYTHOS DEANTHROPIC"", ""secciones"": ""I. NOTICIASEMANAL: MYTHOS DEANTHROPIC, II. REPASO, III. MATERIANUEVA: REDESNEURONALES, IV. CLASIFICACI ´ON CONMNIST, 5.\nREFERENCIAS"", ""chunk_numero"": 8, ""total_chunks"": 12}"
"una capa densa, como se ilustra en la fig. 3.
a cada componentexdel vector resultante se le asigna un
pesow, de modo que la funci ón del modelo adopta la forma
fw,b(x) =wx+b. en consecuencia, se tienen 784 par ámetros
ajustables para que el modelo pueda realizar la clasificaci ón
deseada. no obstante, el objetivo no es una clasificaci ón
binaria, sino multinomial.
figura 2. imagen del dataset de mnist convertida a matriz con valores.
figura 3. transformaci ón de matriz a vector.
iv-c. regresi ón log´ıstica multinomial
para abordar la clasificaci ón multinomial se propone la
siguiente analog´ıa: sup óngase que se cuenta con 10 personas,
cada una entrenada para reconocer únicamente un d´ıgito del 0
al 9. al presentarles una imagen, solo la persona correspon-",,"{""semana"": 7, ""fecha"": ""2026-04-09"", ""nombre_archivo"": ""7_SEMANA_AI_20260409_3.pdf"", ""autor"": ""Darío Espinoza Aguilar"", ""tema_principal"": ""I. NOTICIASEMANAL: MYTHOS DEANTHROPIC"", ""secciones"": ""I. NOTICIASEMANAL: MYTHOS DEANTHROPIC, II. REPASO, III. MATERIANUEVA: REDESNEURONALES, IV. CLASIFICACI ´ON CONMNIST, 5.\nREFERENCIAS"", ""chunk_numero"": 9, ""total_chunks"": 12}"
"cada una entrenada para reconocer únicamente un d´ıgito del 0
al 9. al presentarles una imagen, solo la persona correspon-
diente al d´ıgito correcto devuelve un 1, mientras que las demás
devuelven 0. esto equivale a entrenar un modelo especializado
por cada clase posible.
iv-d. vector one-hot
la etiquetayse representa como un vectorone-hotde
longitudk, donde la posici ón activa (con valor 1) indica la
clase verdadera; las dem ás posiciones permanecen en 0, como
se muestra en la fig.??.
esta representación es generalizable a otras tareas de clasifi-
cación, como el reconocimiento de animales o la identificación
de colores.
[pagina 3]
iv-e. capa densa (dense layer / fully connected)
cuando la entrada cuenta con m ás de un p ´ıxel, el proce-",,"{""semana"": 7, ""fecha"": ""2026-04-09"", ""nombre_archivo"": ""7_SEMANA_AI_20260409_3.pdf"", ""autor"": ""Darío Espinoza Aguilar"", ""tema_principal"": ""I. NOTICIASEMANAL: MYTHOS DEANTHROPIC"", ""secciones"": ""I. NOTICIASEMANAL: MYTHOS DEANTHROPIC, II. REPASO, III. MATERIANUEVA: REDESNEURONALES, IV. CLASIFICACI ´ON CONMNIST, 5.\nREFERENCIAS"", ""chunk_numero"": 10, ""total_chunks"": 12}"
"de colores.
[pagina 3]
iv-e. capa densa (dense layer / fully connected)
cuando la entrada cuenta con m ás de un p ´ıxel, el proce-
dimiento se extiende de manera natural: a cada uno de los
atributos de entrada se le conecta con cada nodo de la capa
densa, como se aprecia en la fig.??.
iv-f. conversi ón entre vector y matriz
en lugar de calcular cada regresi ón lineal de forma indivi-
dual, es posible reemplazar los vectores por matrices y realizar
una única operaci ón, en lugar denoperaciones separadas
(dondenes el tama ño de la capa siguiente). retomando
conceptos de álgebra lineal:
ˆy=xvector ·w vector +b(3)
iv-g. matriz de pesos w
la matriz de pesos tiene la siguiente estructura general,
dondejdenota el tama ño de la capa siguiente ynel n úmero
de atributos:
figura 4. matriz de pesos.",,"{""semana"": 7, ""fecha"": ""2026-04-09"", ""nombre_archivo"": ""7_SEMANA_AI_20260409_3.pdf"", ""autor"": ""Darío Espinoza Aguilar"", ""tema_principal"": ""I. NOTICIASEMANAL: MYTHOS DEANTHROPIC"", ""secciones"": ""I. NOTICIASEMANAL: MYTHOS DEANTHROPIC, II. REPASO, III. MATERIANUEVA: REDESNEURONALES, IV. CLASIFICACI ´ON CONMNIST, 5.\nREFERENCIAS"", ""chunk_numero"": 11, ""total_chunks"": 12}"
"dondejdenota el tama ño de la capa siguiente ynel n úmero
de atributos:
figura 4. matriz de pesos.
para el caso de mnist, la capa de entrada tiene 784 nodos
y la capa de salida 10, de modo que la matriz de pesos adopta
la siguiente forma:
w0,0 w0,1 w0,2 · · ·w 0,784
w1,0 w1,1 w1,2 · · ·w 1,784
w10,0 w10,1 w10,2 · · ·w 10,784
adicionalmente, se requiere un vector de sesgo (bias) de
tamaño 10. en total, el modelo cuenta con 7,840 pesos que
deben ajustarse mediante descenso del gradiente para que el
modelo opere correctamente.
la arquitectura resultante del modelo se ilustra en la fig.
referencias
[1] anthropic, “mythos preview”, 2026. [en l ´ınea]. disponible en:
https://red.anthropic.com/2026/mythos-preview/
figura 5. red neuronal de 1 capa para mnist.",,"{""semana"": 7, ""fecha"": ""2026-04-09"", ""nombre_archivo"": ""7_SEMANA_AI_20260409_3.pdf"", ""autor"": ""Darío Espinoza Aguilar"", ""tema_principal"": ""I. NOTICIASEMANAL: MYTHOS DEANTHROPIC"", ""secciones"": ""I. NOTICIASEMANAL: MYTHOS DEANTHROPIC, II. REPASO, III. MATERIANUEVA: REDESNEURONALES, IV. CLASIFICACI ´ON CONMNIST, 5.\nREFERENCIAS"", ""chunk_numero"": 12, ""total_chunks"": 12}"
"[pagina 1]
apuntes semana 8 clase 1
anthony fuentes calvo
instituto tecnológico de costa rica
clase (14/04/2026)
ic-6200 inteligencia artificial
profesor: steven pacheco portuguéz
resumen—este documento consolida apuntes del curso de
inteligencia artificial y un repaso guiado de redes neuronales.
primero se registran, en formato pregunta–respuesta, conceptos
de preprocesamiento (normalización min–max y estandarización
z-score), pruebas de asociación/independencia (chi-cuadrado y
spearman), la expresión delf 1-score y definiciones dedata
cleaningydata reduction, además de funciones de activación
comunes. luego se sintetizan recomendaciones de redacción para
informes académicos (sincódigo y con figuras explicadas). final-
mente, se desarrolla un repaso sobre clasificación con mnist",,"{""semana"": 8, ""fecha"": ""2026-04-14"", ""nombre_archivo"": ""8_Semana_AI_20260414_1.pdf"", ""autor"": ""Anthony Fuentes Calvo"", ""tema_principal"": ""I. QUIZ4"", ""secciones"": ""I. QUIZ4, II. SUGERENCIASPAPER, III. REDESNEURONALES, IV. TEMA NUEVO, V. ANUNCIOS"", ""chunk_numero"": 1, ""total_chunks"": 23}"
"informes académicos (sincódigo y con figuras explicadas). final-
mente, se desarrolla un repaso sobre clasificación con mnist
y redes densas: codificaciónone-hot, interpretación de capas y
neuronas, y la formulación matricialxw+bpara computar
varias salidas y/omúltiples muestras de manera directa. el
documento incluye ejemplos numéricos y diagramas para fijar
intuición, manteniendo notación matemática consistente.
i. quiz4
1.anote lafórmula y explique la diferencia entre
normalización y estandarización.
normalización (min–max):
x′ = x−x m ´ ın
xmáx−x m ´ ın
estandarización (z-score):
x′ = x−µ
σ ,(2)
dondeµes la media yσla desviación estándar.
diferencia:la normalización reescala a un intervalo
(p.ej.,[0,1]) usandox m ´ ınyx máx; la estandarización",,"{""semana"": 8, ""fecha"": ""2026-04-14"", ""nombre_archivo"": ""8_Semana_AI_20260414_1.pdf"", ""autor"": ""Anthony Fuentes Calvo"", ""tema_principal"": ""I. QUIZ4"", ""secciones"": ""I. QUIZ4, II. SUGERENCIASPAPER, III. REDESNEURONALES, IV. TEMA NUEVO, V. ANUNCIOS"", ""chunk_numero"": 2, ""total_chunks"": 23}"
"diferencia:la normalización reescala a un intervalo
(p.ej.,[0,1]) usandox m ´ ınyx máx; la estandarización
centra en 0 y ajusta la varianza a 1 usandoµyσ.
2.¿cuál prueba debo utilizar para probar la inde-
pendencia de dos variables en caso de que sean
categóricas y cuál en caso de que sean numéricas
no normales?
categóricas:pruebachi-cuadrado de indepen-
denciasobre una tabla de contingencia.
numéricas no normales: correlación de spear-
man(asociación monótona basada en rangos).
3.anote lafórmula para calcular elf 1-score.
f1 = 2precision recall
precision+recall .(3)
4.describa en qué consiste el data cleaning y data
reduction.
data cleaning:proceso de mejorar la calidad del
dataset eliminando o corrigiendo ruido, inconsisten-
cias y valores faltantes (p.ej., imputación, correc-",,"{""semana"": 8, ""fecha"": ""2026-04-14"", ""nombre_archivo"": ""8_Semana_AI_20260414_1.pdf"", ""autor"": ""Anthony Fuentes Calvo"", ""tema_principal"": ""I. QUIZ4"", ""secciones"": ""I. QUIZ4, II. SUGERENCIASPAPER, III. REDESNEURONALES, IV. TEMA NUEVO, V. ANUNCIOS"", ""chunk_numero"": 3, ""total_chunks"": 23}"
"dataset eliminando o corrigiendo ruido, inconsisten-
cias y valores faltantes (p.ej., imputación, correc-
ción de formatos, tratamiento de outliers).
data reduction:proceso de reducir el volumen o
la dimensionalidad de los datos conservando infor-
mación relevante (p.ej., selección de características,
agregación, muestreo o reducción de dimensionali-
dad).
5.mencione 2 funciones de activación distintas a la
función sigmoide que pueden ser usadas en redes
neuronales.
relu:relu(x) = máx(0, x).
tangente hiperbólica:tanh(x), con salida en
[−1,1].
ii. sugerenciaspaper
en el paper de la tarea, seguir una redacción correcta
indicada en el tec digital. en el proyecto se espera una buena
investigación respecto a bibliografías, un buen estado del arte",,"{""semana"": 8, ""fecha"": ""2026-04-14"", ""nombre_archivo"": ""8_Semana_AI_20260414_1.pdf"", ""autor"": ""Anthony Fuentes Calvo"", ""tema_principal"": ""I. QUIZ4"", ""secciones"": ""I. QUIZ4, II. SUGERENCIASPAPER, III. REDESNEURONALES, IV. TEMA NUEVO, V. ANUNCIOS"", ""chunk_numero"": 4, ""total_chunks"": 23}"
"indicada en el tec digital. en el proyecto se espera una buena
investigación respecto a bibliografías, un buen estado del arte
y una introducción que siga una metodología con todo lo que
se va a aplicar para explicar la forma decómo concretar el
objetivo del proyecto o tarea. las figuras deben ir debidamente
referenciadas y con un buen texto de explicación. la tarea debe
venir con un buen abstract.
los resultados deben venir en el reporte para definir ade-
cuadamente los resultados.
un informe no llevacódigo; evitar a toda costa agregarcódigo para explicar nada. preferiblemente, con palabras ex-
plicar lo que se está haciendo; nomás bloques decódigo en
el informe.
iii. redesneuronales
para llegar a este punto fue necesario ver varios temas
importantes para entenderlo mejor.",,"{""semana"": 8, ""fecha"": ""2026-04-14"", ""nombre_archivo"": ""8_Semana_AI_20260414_1.pdf"", ""autor"": ""Anthony Fuentes Calvo"", ""tema_principal"": ""I. QUIZ4"", ""secciones"": ""I. QUIZ4, II. SUGERENCIASPAPER, III. REDESNEURONALES, IV. TEMA NUEVO, V. ANUNCIOS"", ""chunk_numero"": 5, ""total_chunks"": 23}"
"el informe.
iii. redesneuronales
para llegar a este punto fue necesario ver varios temas
importantes para entenderlo mejor.
regresión lineal y regresión logística (función sigmoide).
partimos de la regresión lineal y, para clasificación, de la
regresión logística, donde la función sigmoide transforma la
salida lineal en una probabilidad en[0,1].
las redes neuronales permiten tenermodelos no lineales
a lo largo del modelo, al componer capas con funciones de
activación no lineales.
clasificación de mnist.en este contexto se utiliza el
dataset mnist:
[pagina 2]
originalmente:imágenes de128×128píxeles.
transformadas a:28×28, lo que equivale a784
features.
muestras:∼60,000muestras.
canal:1 canal (escala de grises).
clases:números de 0 a 9.",,"{""semana"": 8, ""fecha"": ""2026-04-14"", ""nombre_archivo"": ""8_Semana_AI_20260414_1.pdf"", ""autor"": ""Anthony Fuentes Calvo"", ""tema_principal"": ""I. QUIZ4"", ""secciones"": ""I. QUIZ4, II. SUGERENCIASPAPER, III. REDESNEURONALES, IV. TEMA NUEVO, V. ANUNCIOS"", ""chunk_numero"": 6, ""total_chunks"": 23}"
"transformadas a:28×28, lo que equivale a784
features.
muestras:∼60,000muestras.
canal:1 canal (escala de grises).
clases:números de 0 a 9.
este dataset solo tiene un canal; los valores depíxel suelen
normalizarse y etiquetarse en un rango de 0 a 1.
es unaclasificaciónmúltiple(multiclase), ya no esbinaria,
por lo que esmás complejo.se resuelve, en un primer paso,
planteando clasificadores binarios (por ejemplo,one-vs-rest)
antes de abordar la formulación multiclase completa con redes
neuronales.
iii-1. título: regresión logística (clasificación binaria):
en la figura 1 se resume el caso binario: combinación lineal
fw,b(x) =wx+b, función sigmoidegy salidah(x) =
g(f(x)). para mnist, la entrada es un vector de784caracte-
rísticas (aunque el diagrama ilustre unnúmero menor de nodos",,"{""semana"": 8, ""fecha"": ""2026-04-14"", ""nombre_archivo"": ""8_Semana_AI_20260414_1.pdf"", ""autor"": ""Anthony Fuentes Calvo"", ""tema_principal"": ""I. QUIZ4"", ""secciones"": ""I. QUIZ4, II. SUGERENCIASPAPER, III. REDESNEURONALES, IV. TEMA NUEVO, V. ANUNCIOS"", ""chunk_numero"": 7, ""total_chunks"": 23}"
"g(f(x)). para mnist, la entrada es un vector de784caracte-
rísticas (aunque el diagrama ilustre unnúmero menor de nodos
por claridad).
tomamos los datos, aplicamosregresión linealy luego
regresión logística: primero la parte linealf w,b(x) =wx+by
después la no linealidad (sigmoide) para obtener probabilida-
des. la figura 2 muestracómo se codifican las clases 0–9 como
vectoresone-hoten un problema multiclase como mnist.
figura 1. regresión logística para clasificación binaria: capa de entrada, salida
escalar y composiciónh(x) =g(f(x))con sigmoide.
figura 2. vectoresone-hotpor clase (codificación binaria con un solo 1 en
la posición de la etiqueta).
tomamos nuestras etiquetas y, para cada una de esas ca-
tegorías, usamoscodificaciónone-hot. esa clasificación es",,"{""semana"": 8, ""fecha"": ""2026-04-14"", ""nombre_archivo"": ""8_Semana_AI_20260414_1.pdf"", ""autor"": ""Anthony Fuentes Calvo"", ""tema_principal"": ""I. QUIZ4"", ""secciones"": ""I. QUIZ4, II. SUGERENCIASPAPER, III. REDESNEURONALES, IV. TEMA NUEVO, V. ANUNCIOS"", ""chunk_numero"": 8, ""total_chunks"": 23}"
"la posición de la etiqueta).
tomamos nuestras etiquetas y, para cada una de esas ca-
tegorías, usamoscodificaciónone-hot. esa clasificación es
bastanteútil: permite tenermuchas regresiones logísticasen
paralelo (por ejemplo, una salida por clase).
figura 3. representación de 1feature(píxel): una entrada conectada a varias
salidas (p.ej., una regresión logística por clase).
si solo se tieneunpíxel(una sola entrada), se obtiene la
arquitectura anterior: cadacírculo de salida corresponde a una
regresión logísticay se comparte la misma información de
entrada con cada una de esas unidades.
la salida del modelo es lapredicción; laetiqueta verda-
deraindica los valores correctos. si la predicción y la etiqueta
comparten la misma codificaciónone-hot(los bits activos en",,"{""semana"": 8, ""fecha"": ""2026-04-14"", ""nombre_archivo"": ""8_Semana_AI_20260414_1.pdf"", ""autor"": ""Anthony Fuentes Calvo"", ""tema_principal"": ""I. QUIZ4"", ""secciones"": ""I. QUIZ4, II. SUGERENCIASPAPER, III. REDESNEURONALES, IV. TEMA NUEVO, V. ANUNCIOS"", ""chunk_numero"": 9, ""total_chunks"": 23}"
"deraindica los valores correctos. si la predicción y la etiqueta
comparten la misma codificaciónone-hot(los bits activos en
las mismas posiciones), la predicción es correcta.
si ahora haydospíxeles(dosfeaturesde entrada), cada
arista que llega a un nodo tiene unpeso: la información de
cada entrada se combina hacia cada nodo, de modo que en
[pagina 3]
este caso cada conexión dispone dedos pesos(uno por cada
entrada).
figura 4. capa densa (fully connected): varias entradas (p.ej., 6features)
conectadas a varias salidas (p.ej., 9 neuronas); cada arista corresponde a un
peso.
ahí haydemasiados pesosque hay quecalibrardurante
el entrenamiento.
conversión de vector a matriz.
en lugar de calcular cada regresión lineal de forma
vectorial (una a una).",,"{""semana"": 8, ""fecha"": ""2026-04-14"", ""nombre_archivo"": ""8_Semana_AI_20260414_1.pdf"", ""autor"": ""Anthony Fuentes Calvo"", ""tema_principal"": ""I. QUIZ4"", ""secciones"": ""I. QUIZ4, II. SUGERENCIASPAPER, III. REDESNEURONALES, IV. TEMA NUEVO, V. ANUNCIOS"", ""chunk_numero"": 10, ""total_chunks"": 23}"
"el entrenamiento.
conversión de vector a matriz.
en lugar de calcular cada regresión lineal de forma
vectorial (una a una).
cambiamos los vectores pormatricespara haceruna
sola operacióny non.
dondenes eltamaño de la capa siguiente.
se usan de nuevo conceptos deálgebra lineal.
figura 5. matriz de pesosw(todas las regresiones):jes el tamaño de la
capa siguiente ynelnúmero defeatures(p.ej.,784entradas en mnist).
enw, cadacolumnarecoge los pesos de unaentrada(los
coeficientes que van desde unfeaturehacia todas las neuronas
de la capa siguiente). si hay quetransformaresosgráficos
(la red como grafo) a notación compacta, ¿qué obtenemos?
se obtiene lamatriz de pesosw, que resume todas las
regresiones en una sola estructura.
a partir de ahí surge la pregunta: ¿cuál debe ser eltamaño",,"{""semana"": 8, ""fecha"": ""2026-04-14"", ""nombre_archivo"": ""8_Semana_AI_20260414_1.pdf"", ""autor"": ""Anthony Fuentes Calvo"", ""tema_principal"": ""I. QUIZ4"", ""secciones"": ""I. QUIZ4, II. SUGERENCIASPAPER, III. REDESNEURONALES, IV. TEMA NUEVO, V. ANUNCIOS"", ""chunk_numero"": 11, ""total_chunks"": 23}"
"se obtiene lamatriz de pesosw, que resume todas las
regresiones en una sola estructura.
a partir de ahí surge la pregunta: ¿cuál debe ser eltamaño
de esa matriz? la figura 6 plantea el caso con entrada enr 5,
salida enr 1 y pesosw 0,j: elnúmero defilascoincide con las
neuronas de salida y el decolumnascon las entradas (regla:
si haynfeaturesymsalidas, la formatípica esm×n; aquí
m= 1yn= 5, es decirw∈r 1×5).
figura 6. representación de una capa densa con 5 entradas y 1 salida para
determinar las dimensiones del vector (fila) de pesosw.
la figura 7 plantea de nuevo ¿cuál debe ser el tamaño de
la matriz? con entradar 5, salidar 1 y una fila de pesos
w0,0, . . . , w0,4, es decirw∈r 1×5 (una fila por neurona
de salida, una columna por entrada).",,"{""semana"": 8, ""fecha"": ""2026-04-14"", ""nombre_archivo"": ""8_Semana_AI_20260414_1.pdf"", ""autor"": ""Anthony Fuentes Calvo"", ""tema_principal"": ""I. QUIZ4"", ""secciones"": ""I. QUIZ4, II. SUGERENCIASPAPER, III. REDESNEURONALES, IV. TEMA NUEVO, V. ANUNCIOS"", ""chunk_numero"": 12, ""total_chunks"": 23}"
"w0,0, . . . , w0,4, es decirw∈r 1×5 (una fila por neurona
de salida, una columna por entrada).
figura 7. ejercicio: tamaño dewpara capa densa con entradar 5, salida
r1 y pesosw 0,j (j= 0, . . . ,4).
si hayvarias neuronas de salida, se esperaw∈r m×n
[pagina 4]
conm >1. la figura 8 relaciona laarquitectura(capa densa
5→2) con lanotación matricial: cada fila dewcorresponde
a una neurona de salida y cada columna a una entrada.
figura 8. relación entre la arquitectura de una capa densa (5 entradas, 2
salidas) y la matriz de pesosw∈r 2×5 (índicesw i,j: salidai, entradaj).
en el contexto de mnist ya citado (784featurespor
imagen), conviene precisar el objeto que sale de la capa:cada
neurona de salidaentrega unescalar(su combinación lineal,",,"{""semana"": 8, ""fecha"": ""2026-04-14"", ""nombre_archivo"": ""8_Semana_AI_20260414_1.pdf"", ""autor"": ""Anthony Fuentes Calvo"", ""tema_principal"": ""I. QUIZ4"", ""secciones"": ""I. QUIZ4, II. SUGERENCIASPAPER, III. REDESNEURONALES, IV. TEMA NUEVO, V. ANUNCIOS"", ""chunk_numero"": 13, ""total_chunks"": 23}"
"imagen), conviene precisar el objeto que sale de la capa:cada
neurona de salidaentrega unescalar(su combinación lineal,
y luego la activación); al recorrertoda esa capa, esos escalares
se agrupan en unvector. para almacenar los coeficientes que
conectan todas las entradas con todas las neuronas de salida
se usauna matriz como la de la siguiente figura.
con diez clases (dígitos0, . . . ,9), losíndices de fila suelen
seri= 0, . . . ,9; laúltima filase denotaw 9,0, . . . , w9,784 (y
now 10,0, que implicaría una undécima salida). la figura 9
resume el planteamiento.
figura 9. pregunta sobre el tamaño dewen un esquema tipo mnist: pesos
wi,j con columnasj= 0, . . . ,784y una fila por neurona de salidai. para
10 clases,i∈ {0, . . . ,9}; laúltima fila esw9,·, now 10,·.",,"{""semana"": 8, ""fecha"": ""2026-04-14"", ""nombre_archivo"": ""8_Semana_AI_20260414_1.pdf"", ""autor"": ""Anthony Fuentes Calvo"", ""tema_principal"": ""I. QUIZ4"", ""secciones"": ""I. QUIZ4, II. SUGERENCIASPAPER, III. REDESNEURONALES, IV. TEMA NUEVO, V. ANUNCIOS"", ""chunk_numero"": 14, ""total_chunks"": 23}"
"wi,j con columnasj= 0, . . . ,784y una fila por neurona de salidai. para
10 clases,i∈ {0, . . . ,9}; laúltima fila esw9,·, now 10,·.
en lapráctica, una capa densa aplica primero unatrans-
formación afin: a la entrada (vector defeaturesx 1, . . . , xn)
se le multiplica la matriz de pesoswy se suma el vector de
sesgosb(bias), obteniendo un vector de saliday 1, . . . , yj antes
de pasar por la función de activación. la figura 10 resume ese
bloque comoxw+b=yen la notación del diagrama.
figura 10. transformación afin de una capa: entrada, matriz de pesosw,
suma de sesgosby vector de saliday(la no linealidad se aplica después,
elemento a elemento).
cuando haydos regresiones de salida(dos neuronas o
dos salidas paralelas),cada una lleva su propio conjunto",,"{""semana"": 8, ""fecha"": ""2026-04-14"", ""nombre_archivo"": ""8_Semana_AI_20260414_1.pdf"", ""autor"": ""Anthony Fuentes Calvo"", ""tema_principal"": ""I. QUIZ4"", ""secciones"": ""I. QUIZ4, II. SUGERENCIASPAPER, III. REDESNEURONALES, IV. TEMA NUEVO, V. ANUNCIOS"", ""chunk_numero"": 15, ""total_chunks"": 23}"
"elemento a elemento).
cuando haydos regresiones de salida(dos neuronas o
dos salidas paralelas),cada una lleva su propio conjunto
de pesos(y su propio sesgo). hay quecalcular primero la
regresión linealw ⊤x+ben cada rama y, acto seguido, aplicar
lafunción sigmoidea cada resultado escalar para obtener
valores en[0,1]. la figura 11 ilustra el procedimiento con un
ejemplo numérico.
figura 11. ejemplo con dos operaciones sobre el mismo vector de entrada
x: pesosw 1 yw 2 (y sesgosb 1,b 2) distintos; en cada casow i ·x+b i y
luegosigmoid(·).
cuando el mismocálculo se plantea enforma matricial,
se puede hacertodo de una sola vez: unúnico producto que
agrupa las filas dewy el vector de sesgos, en lugar de repetir
w⊤x+bsalida por salida. así el resultado sale de formamás
[pagina 5]",,"{""semana"": 8, ""fecha"": ""2026-04-14"", ""nombre_archivo"": ""8_Semana_AI_20260414_1.pdf"", ""autor"": ""Anthony Fuentes Calvo"", ""tema_principal"": ""I. QUIZ4"", ""secciones"": ""I. QUIZ4, II. SUGERENCIASPAPER, III. REDESNEURONALES, IV. TEMA NUEVO, V. ANUNCIOS"", ""chunk_numero"": 16, ""total_chunks"": 23}"
"agrupa las filas dewy el vector de sesgos, en lugar de repetir
w⊤x+bsalida por salida. así el resultado sale de formamás
[pagina 5]
directay compacta. la figura 12 muestra el mismo ejemplo
anterior, pero conx,w(filas = regresiones o salidas, columnas
=features),by la formaxw ⊤ +bseguida desigmoid(·)
aplicada vectorialmente.
figura 12. mismo ejemplo en notación matricial:xw ⊤ +by luego
sigmoid(·)elemento a elemento (dos filas enwpara dos salidas).
el productox(vector fila) por la matriz de pesos (en
columnas, una por salida) más el sesgobse puede escribir
de forma explícita; el resultado lineal antes de la sigmoide es
el vector fila de la figura 13.
figura 13. desarrollo numérico del mismo caso: producto matricial y suma",,"{""semana"": 8, ""fecha"": ""2026-04-14"", ""nombre_archivo"": ""8_Semana_AI_20260414_1.pdf"", ""autor"": ""Anthony Fuentes Calvo"", ""tema_principal"": ""I. QUIZ4"", ""secciones"": ""I. QUIZ4, II. SUGERENCIASPAPER, III. REDESNEURONALES, IV. TEMA NUEVO, V. ANUNCIOS"", ""chunk_numero"": 17, ""total_chunks"": 23}"
"el vector fila de la figura 13.
figura 13. desarrollo numérico del mismo caso: producto matricial y suma
deb; solución lineal[69,43](cada componente coincide conw i ·x+b i del
ejemplo separado).
para pasar de un solo vector de entrada avarias instancias
a la vez(variossampleso un mini-lote),xse organiza como
matriz: una fila por ejemplo. con la matriz de pesosw(sin
contar el sesgo por separado) y el vectorbcon un sesgo por
regresión, la transformación lineal compacta esxw+b. la
figura 14 recoge las definiciones.
figura 14. notación matricial:xcomo matriz de entradas (una fila por
instancia),wmatriz de pesos,bsesgos por salida ycálculoxw+bpara
procesarmúltiples muestras en paralelo.
iv. tema nuevo
en esta ocasión se vuelve a laclasificación binaria. la red",,"{""semana"": 8, ""fecha"": ""2026-04-14"", ""nombre_archivo"": ""8_Semana_AI_20260414_1.pdf"", ""autor"": ""Anthony Fuentes Calvo"", ""tema_principal"": ""I. QUIZ4"", ""secciones"": ""I. QUIZ4, II. SUGERENCIASPAPER, III. REDESNEURONALES, IV. TEMA NUEVO, V. ANUNCIOS"", ""chunk_numero"": 18, ""total_chunks"": 23}"
"procesarmúltiples muestras en paralelo.
iv. tema nuevo
en esta ocasión se vuelve a laclasificación binaria. la red
produce valores en el intervalo[0,1](p.ej., tras la sigmoide
en la salida), interpretables como probabilidad de la clase
positiva.
hay unaentrada(por ejemplo, características opíxeles);
esa entrada se procesa condiez regresiones logísticasen pa-
ralelo (capa oculta). las diez salidas intermedias secolapsan
después enuna sola regresión logísticafinal, cuya salida
corresponde a la etiqueta binaria (convencionalmente0o1, o
un parone-hotcomo[1,0]o[0,1]según la codificación).
esto tiene unaventaja: lo que alimenta laúltima regresión
ya no son las entradas crudas, sino el vector de activaciones
de la capa previa; en lapráctica,toda la capa de regresiones",,"{""semana"": 8, ""fecha"": ""2026-04-14"", ""nombre_archivo"": ""8_Semana_AI_20260414_1.pdf"", ""autor"": ""Anthony Fuentes Calvo"", ""tema_principal"": ""I. QUIZ4"", ""secciones"": ""I. QUIZ4, II. SUGERENCIASPAPER, III. REDESNEURONALES, IV. TEMA NUEVO, V. ANUNCIOS"", ""chunk_numero"": 19, ""total_chunks"": 23}"
"ya no son las entradas crudas, sino el vector de activaciones
de la capa previa; en lapráctica,toda la capa de regresiones
logísticas cumple el papel de un nuevo vector de caracte-
rísticas(un “x” intermedio) para la neurona final.
importante:noexiste una relación lineal directa entre la
salida de laúltima neurona y lascinco entradasiniciales (o,
en general, las entradas originales): la composición de capas
introduceno linealidad.
[pagina 6]
figura 15. clasificación binaria (de nuevo): entrada (ej. imagen ofeatures),
capa oculta con diez regresiones logísticas y salidaúnica; la relación entrada–
salida ya no es lineal de punta a punta.
ahora se comenta la organización porcapas:
capa de entrada:es la primera; recibe los datos (píxe-
les,features, etc.).",,"{""semana"": 8, ""fecha"": ""2026-04-14"", ""nombre_archivo"": ""8_Semana_AI_20260414_1.pdf"", ""autor"": ""Anthony Fuentes Calvo"", ""tema_principal"": ""I. QUIZ4"", ""secciones"": ""I. QUIZ4, II. SUGERENCIASPAPER, III. REDESNEURONALES, IV. TEMA NUEVO, V. ANUNCIOS"", ""chunk_numero"": 20, ""total_chunks"": 23}"
"ahora se comenta la organización porcapas:
capa de entrada:es la primera; recibe los datos (píxe-
les,features, etc.).
capas intermedias (ocultas):se pueden añadirtantas
como se necesite(ncapas), ampliando la red y la
capacidad de representación respecto a una sola capa
oculta.
capa de salida:debe tener unnúmero de salidas
acorde al problema. por ejemplo, si el objetivo es
clasificardiezclases u objetos, la capa de salida requiere
n= 10neuronas (o equivalente según la codificación
elegida).
redes neuronales.
lano linealidadpermite abordarproblemas complejos
que un modelo puramente lineal no separa bien.
estánorganizadas en capas; elnúmero de capas y
neuronas sonhiperparámetrosque se eligen al diseñar
la arquitectura.
lo relevante es quecada capa sea diferenciable(o que",,"{""semana"": 8, ""fecha"": ""2026-04-14"", ""nombre_archivo"": ""8_Semana_AI_20260414_1.pdf"", ""autor"": ""Anthony Fuentes Calvo"", ""tema_principal"": ""I. QUIZ4"", ""secciones"": ""I. QUIZ4, II. SUGERENCIASPAPER, III. REDESNEURONALES, IV. TEMA NUEVO, V. ANUNCIOS"", ""chunk_numero"": 21, ""total_chunks"": 23}"
"neuronas sonhiperparámetrosque se eligen al diseñar
la arquitectura.
lo relevante es quecada capa sea diferenciable(o que
la composición lo sea donde se entrena con gradientes).
si la función depérdida y la red son derivables, se
puede aplicaroptimización basada en gradiente(p.ej.,
descenso).
encada capahayneuronas(unidades que computan
la transformación afín y, salvo la entrada, suelen llevar
activación).
en buena medida,ese es el secreto deldeep learning:
componer muchas transformaciones no lineales entrenables
por gradiente. por eso este tipo de arquitecturas se han
ido aplicando aproblemas muy difíciles(visión, lenguaje,
señales, etc.), donde los modelos lineales o poco profundos
no alcanzan.",,"{""semana"": 8, ""fecha"": ""2026-04-14"", ""nombre_archivo"": ""8_Semana_AI_20260414_1.pdf"", ""autor"": ""Anthony Fuentes Calvo"", ""tema_principal"": ""I. QUIZ4"", ""secciones"": ""I. QUIZ4, II. SUGERENCIASPAPER, III. REDESNEURONALES, IV. TEMA NUEVO, V. ANUNCIOS"", ""chunk_numero"": 22, ""total_chunks"": 23}"
"ido aplicando aproblemas muy difíciles(visión, lenguaje,
señales, etc.), donde los modelos lineales o poco profundos
no alcanzan.
cadacírculo del diagrama representaneuronas. un ejemplotípico es:una capa de entrada,dos capas intermedias
(ocultas) yuna capa de salida. la figura 16 ilustra el
encadenamiento de matrices de pesosw 0, w1, . . . , wn entre
capas densas.
figura 16. red densa: entradar 784 (p.ej. mnist aplanado), dos capas ocul-
tasr 10 y salidar 10 para diez clases; los nodos dibujados son esquemáticos
y las etiquetas indican las dimensiones reales.
v. anuncios
para eljueves, la tarea esrevisar el proyecto.
lasemana siguienteseráasíncrona: el profesor irá
subiendo los temas o materiales correspondientes.",,"{""semana"": 8, ""fecha"": ""2026-04-14"", ""nombre_archivo"": ""8_Semana_AI_20260414_1.pdf"", ""autor"": ""Anthony Fuentes Calvo"", ""tema_principal"": ""I. QUIZ4"", ""secciones"": ""I. QUIZ4, II. SUGERENCIASPAPER, III. REDESNEURONALES, IV. TEMA NUEVO, V. ANUNCIOS"", ""chunk_numero"": 23, ""total_chunks"": 23}"
"[pagina 1]
apuntes de clase
ic-6200 inteligencia artificial
kevin jiménez molinares
instituto tecnológico de costa rica
profesor: steven pacheco portugu éz
fecha: 14 de abril de 2026
i. q uiz iv
i-a. anote la f órmula y explique la diferencia entre norma-
lización y estandarizaci ón.
normalización (min-max): reescala los datos origina-
les a un intervalo espec ´ıfico, generalmente [0, 1].
x′ = x − xmin
xmax − xmin
estandarización (z-score): ajusta los datos para que
tengan una media ( µ) de 0 y una desviaci ón estándar (σ)
de 1.
x′ = x − µ
σ (2)
i-b. ¿cu ál prueba debo utilizar para probar la inde penden-
cia de dos variables en caso de que sean categ óricas y cu ál
en caso de que sean num éricas no normales?
variables categ óricas: se utiliza la prueba de chi-
cuadrado.",,"{""semana"": 8, ""fecha"": ""2026-04-14"", ""nombre_archivo"": ""8_SEMANA_AI_20260414_3.pdf"", ""autor"": ""Kevin Jiménez Molinares"", ""tema_principal"": ""I. Q UIZ IV"", ""secciones"": ""I. Q UIZ IV, II. C ORRECCIONES Y OBSERVACIONES DE LAS TAREAS, III. R EDES NEURONALES, IV. M ATERIA NUEVA, V. A VISOS"", ""chunk_numero"": 1, ""total_chunks"": 12}"
"en caso de que sean num éricas no normales?
variables categ óricas: se utiliza la prueba de chi-
cuadrado.
variables num éricas no normales: se emplea la co-
rrelación de spearman .
i-c. anote la f órmula para calcular el f1-score.
f1 = 2 · p recision· recall
p recision+ recall (3)
i-d. describa en qu é consiste el data cleaning y data
reduction.
data cleaning: es un proceso de limpieza de datos
corrigiendo inconsistencias.
data reduction: es un proceso que simplifica el con-
junto de datos.
i-e. mencione 2 funciones de activaci ón distintas a la fun-
ción sigmoide que pueden ser usadas en redes neuronales.
relu: relu (x) = máx(0, x).
tangente hiperbólica: tanh(x), con rango en [−1, 1].
ii. c orrecciones y observaciones de las tareas
el informe debe seguir el formato ieee con una intro-",,"{""semana"": 8, ""fecha"": ""2026-04-14"", ""nombre_archivo"": ""8_SEMANA_AI_20260414_3.pdf"", ""autor"": ""Kevin Jiménez Molinares"", ""tema_principal"": ""I. Q UIZ IV"", ""secciones"": ""I. Q UIZ IV, II. C ORRECCIONES Y OBSERVACIONES DE LAS TAREAS, III. R EDES NEURONALES, IV. M ATERIA NUEVA, V. A VISOS"", ""chunk_numero"": 2, ""total_chunks"": 12}"
"ii. c orrecciones y observaciones de las tareas
el informe debe seguir el formato ieee con una intro-
ducción que incluya referencias a art ´ıculos publicados y
una metodolog´ıa detallada paso a paso.
las im ágenes deben estar numeradas, bien referenciadas
en el texto y acompa ñadas de una explicaci ón fundamen-
tada.
los resultados de las pruebas es obligatorio incluirlos en
el informe.
se debe evitar a toda costa incluir bloques de c ódigo
pegado en el informe, para eso est á el colab el informe
es para presentar resultados.
es importante tener en cuenta estas correcciones en los
informes para las tareas sin incluir la 1 y 2 y ahorita
principalmente para el proyecto.
iii. r edes neuronales
iii-a. evoluci ón de los modelos
todo inicia con la regresión lineal, definida por la funci ón:",,"{""semana"": 8, ""fecha"": ""2026-04-14"", ""nombre_archivo"": ""8_SEMANA_AI_20260414_3.pdf"", ""autor"": ""Kevin Jiménez Molinares"", ""tema_principal"": ""I. Q UIZ IV"", ""secciones"": ""I. Q UIZ IV, II. C ORRECCIONES Y OBSERVACIONES DE LAS TAREAS, III. R EDES NEURONALES, IV. M ATERIA NUEVA, V. A VISOS"", ""chunk_numero"": 3, ""total_chunks"": 12}"
"iii. r edes neuronales
iii-a. evoluci ón de los modelos
todo inicia con la regresión lineal, definida por la funci ón:
fw,b(x) = wx + b (4)
para problemas de clasificaci ón, evolucionamos hacia la
regresión log ´ıstica. en este modelo, se toma la salida de la
combinación lineal y se le aplica una función sigmoide σ(z),
la cual transforma cualquier valor real en una probabilidad
dentro del rango [0, 1]:
σ(z) = 1
1 + e−z =⇒ p (y = 1|x) = σ(wx + b) (5)
el dataset mnist consiste en imágenes de d´ıgitos escritos a
mano de aproximadamente 60,000 imágenes de entrenamiento,
los valores de los p ´ıxeles se normalizan com únmente al rango
[0, 1]. el objetivo es clasificar el d´ıgito entre 10 clases posibles:
{0, . . . ,9}, una imagen de 28 × 28 p´ıxeles entonces al aplanar",,"{""semana"": 8, ""fecha"": ""2026-04-14"", ""nombre_archivo"": ""8_SEMANA_AI_20260414_3.pdf"", ""autor"": ""Kevin Jiménez Molinares"", ""tema_principal"": ""I. Q UIZ IV"", ""secciones"": ""I. Q UIZ IV, II. C ORRECCIONES Y OBSERVACIONES DE LAS TAREAS, III. R EDES NEURONALES, IV. M ATERIA NUEVA, V. A VISOS"", ""chunk_numero"": 4, ""total_chunks"": 12}"
"[0, 1]. el objetivo es clasificar el d´ıgito entre 10 clases posibles:
{0, . . . ,9}, una imagen de 28 × 28 p´ıxeles entonces al aplanar
la matriz de la imagen, se obtiene un vector de entrada de
784 caracter ´ısticas entonces para manejar las 10 categor ´ıas,
las etiquetas se convierten a una codificaci ón en un vector de
dimensión 10 lleno de ceros, excepto en el ´ındice de la clase
correcta, donde se coloca un 1.
este enfoque permite ejecutar m últiples regresiones log´ısti-
cas simultáneamente (una neurona de salida por cada clase). el
modelo predice correctamente si el ´ındice del bit m ás alto en
la salida coincide con la posici ón del ’1’ en el vector one-hot
de la etiqueta real.
tener miles de regresiones implica calibrar miles de pe-",,"{""semana"": 8, ""fecha"": ""2026-04-14"", ""nombre_archivo"": ""8_SEMANA_AI_20260414_3.pdf"", ""autor"": ""Kevin Jiménez Molinares"", ""tema_principal"": ""I. Q UIZ IV"", ""secciones"": ""I. Q UIZ IV, II. C ORRECCIONES Y OBSERVACIONES DE LAS TAREAS, III. R EDES NEURONALES, IV. M ATERIA NUEVA, V. A VISOS"", ""chunk_numero"": 5, ""total_chunks"": 12}"
"la salida coincide con la posici ón del ’1’ en el vector one-hot
de la etiqueta real.
tener miles de regresiones implica calibrar miles de pe-
sos; realizar multiplicaciones elemento por elemento resulta
computacionalmente ineficiente pero aplicando conceptos de
álgebra lineal se puede corregir.
matrices de pesos ( w ): agrupamos los pesos de todas
las conexiones en una matriz compacta.
[pagina 2]
dimensiones: si el modelo recibe n caracter´ısticas (fea-
tures) y debe calcular m salidas (o neuronas en la
siguiente capa), la matriz w tendrá dimensiones m × n.
• en el caso de mnist (n = 784, m= 10), el último
elemento de la matriz corresponde al peso de la
décima neurona para la caracter ´ıstica 784
fórmula matricial: el procesamiento simult áneo se",,"{""semana"": 8, ""fecha"": ""2026-04-14"", ""nombre_archivo"": ""8_SEMANA_AI_20260414_3.pdf"", ""autor"": ""Kevin Jiménez Molinares"", ""tema_principal"": ""I. Q UIZ IV"", ""secciones"": ""I. Q UIZ IV, II. C ORRECCIONES Y OBSERVACIONES DE LAS TAREAS, III. R EDES NEURONALES, IV. M ATERIA NUEVA, V. A VISOS"", ""chunk_numero"": 6, ""total_chunks"": 12}"
"elemento de la matriz corresponde al peso de la
décima neurona para la caracter ´ıstica 784
fórmula matricial: el procesamiento simult áneo se
define mediante una transformaci ón af´ın seguida de una
función de activaci ón ϕ:
z = xw t + b (6)
esto permite procesar no solo muestras individuales, sino
también mini-lotes (mini-batches) donde cada fila de la matriz
x representa una instancia de datos distinta.
iii-b. ejemplo
supongamos un vector de entrada x = [3, 4, 5, 6]. para una
capa con dos neuronas, los par ámetros ser´ıan:
1. neurona 1: w1 = [3, 2, 4, 5], b1 = 2.
2. neurona 2: w2 = [4, 3, 2, 1], b2 = 3.
desarrollo escalar:
n1 = (3 · 3) + (4 · 2) + (5 · 4) + (6 · 5) + 2 = 67 + 2 = 69
n2 = (3 · 4) + (4 · 3) + (5 · 2) + (6 · 1) + 3 = 40 + 3 = 43
representación matricial:
 +",,"{""semana"": 8, ""fecha"": ""2026-04-14"", ""nombre_archivo"": ""8_SEMANA_AI_20260414_3.pdf"", ""autor"": ""Kevin Jiménez Molinares"", ""tema_principal"": ""I. Q UIZ IV"", ""secciones"": ""I. Q UIZ IV, II. C ORRECCIONES Y OBSERVACIONES DE LAS TAREAS, III. R EDES NEURONALES, IV. M ATERIA NUEVA, V. A VISOS"", ""chunk_numero"": 7, ""total_chunks"": 12}"
"n2 = (3 · 4) + (4 · 3) + (5 · 2) + (6 · 1) + 3 = 40 + 3 = 43
representación matricial:
 +
al estructurarlo matricialmente, obtenemos el vector de
salida y = (69, 43) de forma directa y eficiente.
iv. m ateria nueva
la clasificaci ón binaria— desde la perspectiva de una
red neuronal a diferencia de un modelo lineal simple, la red
genera una salida en el rango [0, 1]. tras aplicar una función
sigmoide, este valor se interpreta como la probabilidad de que
el dato pertenezca a la clase positiva ( y = 1).
y sigue la estructura:
entrada de datos: recepción de atributos
(x1, x2, . . . , xn), como p ´ıxeles o variables num éricas.
procesamiento en paralelo: los datos se distribuyen en
una capa oculta. por ejemplo, diez neuronas ejecutando
regresiones log´ısticas simult áneamente.",,"{""semana"": 8, ""fecha"": ""2026-04-14"", ""nombre_archivo"": ""8_SEMANA_AI_20260414_3.pdf"", ""autor"": ""Kevin Jiménez Molinares"", ""tema_principal"": ""I. Q UIZ IV"", ""secciones"": ""I. Q UIZ IV, II. C ORRECCIONES Y OBSERVACIONES DE LAS TAREAS, III. R EDES NEURONALES, IV. M ATERIA NUEVA, V. A VISOS"", ""chunk_numero"": 8, ""total_chunks"": 12}"
"una capa oculta. por ejemplo, diez neuronas ejecutando
regresiones log´ısticas simult áneamente.
integración final: las activaciones de la capa oculta
se combinan en una neurona de salida final, la cual
determina la etiqueta binaria.
ventaja estratégica: la neurona final no analiza los datos
crudos, sino un vector de activaciones procesado. la capa
oculta funciona como un extractor de caracter ´ısticas que
traduce la entrada original a un espacio de representaci ón más
sencillo de clasificar.
un concepto cr ´ıtico es que la relaci ón entre la entrada y la
salida deja de ser lineal. al encadenar m últiples capas, cada
una con su propia función de activaci ón, introducimos no
linealidades
sin estas funciones, cualquier red neuronal, sin importar",,"{""semana"": 8, ""fecha"": ""2026-04-14"", ""nombre_archivo"": ""8_SEMANA_AI_20260414_3.pdf"", ""autor"": ""Kevin Jiménez Molinares"", ""tema_principal"": ""I. Q UIZ IV"", ""secciones"": ""I. Q UIZ IV, II. C ORRECCIONES Y OBSERVACIONES DE LAS TAREAS, III. R EDES NEURONALES, IV. M ATERIA NUEVA, V. A VISOS"", ""chunk_numero"": 9, ""total_chunks"": 12}"
"una con su propia función de activaci ón, introducimos no
linealidades
sin estas funciones, cualquier red neuronal, sin importar
su profundidad colapsar ´ıa matem áticamente en una simple
regresión lineal. la composici ón de capas permite aprender
patrones curvos y fronteras de decisi ón complejas.
la organizaci ón de una red neuronal se divide en tres
bloques fundamentales:
1. capa de entrada: punto de acceso de la informaci ón.
2. capas ocultas o intermedias: el motor del aprendi-
zaje. incrementar el n úmero de capas ( n) aumenta la
capacidad de representaci ón del modelo para entender
problemas complejos.
3. capa de salida: su dimensi ón depende del problema.
una neurona para clasificación binaria o k neuronas para
clasificación multiclase.",,"{""semana"": 8, ""fecha"": ""2026-04-14"", ""nombre_archivo"": ""8_SEMANA_AI_20260414_3.pdf"", ""autor"": ""Kevin Jiménez Molinares"", ""tema_principal"": ""I. Q UIZ IV"", ""secciones"": ""I. Q UIZ IV, II. C ORRECCIONES Y OBSERVACIONES DE LAS TAREAS, III. R EDES NEURONALES, IV. M ATERIA NUEVA, V. A VISOS"", ""chunk_numero"": 10, ""total_chunks"": 12}"
"3. capa de salida: su dimensi ón depende del problema.
una neurona para clasificación binaria o k neuronas para
clasificación multiclase.
hiperparámetros: el n úmero de capas y la cantidad de
neuronas por capa son decisiones de dise ño. no existe una
configuración única; se optimizan seg ún el rendimiento en el
problema espec´ıfico.
el éxito del deep learning se sustenta en dos pilares
matemáticos:
composición de transformaciones: el encadenamiento
sucesivo de matrices de pesos ( w0, w1, . . . , wn). cada
capa aplica una transformaci ón af´ın sobre la salida de la
anterior.
optimización por gradiente: para que el modelo apren-
da, todas las funciones deben ser diferenciables. esto
permite el uso del descenso del gradiente para ajustar
los pesos y minimizar la funci ón de p érdida.",,"{""semana"": 8, ""fecha"": ""2026-04-14"", ""nombre_archivo"": ""8_SEMANA_AI_20260414_3.pdf"", ""autor"": ""Kevin Jiménez Molinares"", ""tema_principal"": ""I. Q UIZ IV"", ""secciones"": ""I. Q UIZ IV, II. C ORRECCIONES Y OBSERVACIONES DE LAS TAREAS, III. R EDES NEURONALES, IV. M ATERIA NUEVA, V. A VISOS"", ""chunk_numero"": 11, ""total_chunks"": 12}"
"permite el uso del descenso del gradiente para ajustar
los pesos y minimizar la funci ón de p érdida.
gracias al entrenamiento autom ático mediante gradientes,
estas arquitecturas resuelven retos en visi ón por computadora,
procesamiento de lenguaje natural y reconocimiento de voz
que antes resultaban impensable.
v. a visos
el martes y viernes de la siguiente semana son as ´ıncro-
para el jueves se recomienda leer el proyecto",,"{""semana"": 8, ""fecha"": ""2026-04-14"", ""nombre_archivo"": ""8_SEMANA_AI_20260414_3.pdf"", ""autor"": ""Kevin Jiménez Molinares"", ""tema_principal"": ""I. Q UIZ IV"", ""secciones"": ""I. Q UIZ IV, II. C ORRECCIONES Y OBSERVACIONES DE LAS TAREAS, III. R EDES NEURONALES, IV. M ATERIA NUEVA, V. A VISOS"", ""chunk_numero"": 12, ""total_chunks"": 12}"
"[pagina 1]
apuntes semana 8 - 14/04/2026
2nd josé jim énez chac ón
escuela ing. en computaci ón
instituo tecnol ógico de costa rica
cartago, costa rica
josegab18@estudiantec.cr
i. respuestas delquiz
a. diferencia entre estandarizaci ón y normalizaci ón, adem ás
anotar las f órmulas.
estandarización: reescala a un rango de entre[0,1]o[−1,1].
x′ = x−x min
xmax −x min
normalización: transforma a una media de 0 y a una
desviación est ándar de 1.
z= x−µ
b. como se eval úan las variables categ óricas y las num éricas
no normales.
categóricas: usandoχ 2
numéricas no normales: spearman rank correlation
c. anotar la f órmula de la m étrica fi-score
f1 = 2· precision·recall
precision+recall
d. describir la diferencia entre data reduction y data clean-",,"{""semana"": 8, ""fecha"": ""2026-04-14"", ""nombre_archivo"": ""8_SEMANA_IA_20260414_2.pdf"", ""autor"": ""José Jiménez Chacón"", ""tema_principal"": ""I. RESPUESTAS DELQUIZ"", ""secciones"": ""I. RESPUESTAS DELQUIZ, C. Anotar la f ´ormula de la m ´etrica Fi-Score, D. Describir la diferencia entre Data Reduction y Data Clean-, II. CORRECIONES DE LAS TAREAS, III. REPASO"", ""chunk_numero"": 1, ""total_chunks"": 7}"
"c. anotar la f órmula de la m étrica fi-score
f1 = 2· precision·recall
precision+recall
d. describir la diferencia entre data reduction y data clean-
esta pregunta era de respuesta abierta, una respuesta que
tuviera relaci ón con lo que se pregunta estaba correcta.
e. anotar otra dos funciones de activaci ón diferentes a la
sigmoide.
•relu
•tangente hiperb ólica
ii. correciones de las tareas
•no usar c ódigo en el paper para explicar lo que se hizo
de forma pr áctica.
•el flujo de direcci ón de la informaci ón en el paper es el
siguiente:
1) abstract: mucho m ás peque ño que la intro-
ducción, resume en pocas oraciones el problema,
la metodolog´ıa utilizada, los principales resultados
y la conclusi ón del estudio.
2) introducci ón: explicaci ón con m ás detalle sobre el",,"{""semana"": 8, ""fecha"": ""2026-04-14"", ""nombre_archivo"": ""8_SEMANA_IA_20260414_2.pdf"", ""autor"": ""José Jiménez Chacón"", ""tema_principal"": ""I. RESPUESTAS DELQUIZ"", ""secciones"": ""I. RESPUESTAS DELQUIZ, C. Anotar la f ´ormula de la m ´etrica Fi-Score, D. Describir la diferencia entre Data Reduction y Data Clean-, II. CORRECIONES DE LAS TAREAS, III. REPASO"", ""chunk_numero"": 2, ""total_chunks"": 7}"
"la metodolog´ıa utilizada, los principales resultados
y la conclusi ón del estudio.
2) introducci ón: explicaci ón con m ás detalle sobre el
contexto del problema, lo justifica por qu é es rele-
vante investigarlo y plantea el objetivo o hip ótesis
del trabajo.
3) metodolog ´ıa: en esta parte describe detalladamente
cómo se realiz ó la investigaci ón, procedimientos,
técnicas de an álisis y criterios de selecci ón de datos
tal que que otra persona pueda replicar el estudio.
4) an álisis de resultados: se interpreta los datos
obtenidos, destacando los hallazgos m ás relevantes
y relacion ándolos con la hip ótesis o pregunta de
investigación planteada.
5) anexos(figuras): se incluyen las tablas, gr áficas,
imágenes o datos adicionales que respaldan el texto",,"{""semana"": 8, ""fecha"": ""2026-04-14"", ""nombre_archivo"": ""8_SEMANA_IA_20260414_2.pdf"", ""autor"": ""José Jiménez Chacón"", ""tema_principal"": ""I. RESPUESTAS DELQUIZ"", ""secciones"": ""I. RESPUESTAS DELQUIZ, C. Anotar la f ´ormula de la m ´etrica Fi-Score, D. Describir la diferencia entre Data Reduction y Data Clean-, II. CORRECIONES DE LAS TAREAS, III. REPASO"", ""chunk_numero"": 3, ""total_chunks"": 7}"
"investigación planteada.
5) anexos(figuras): se incluyen las tablas, gr áficas,
imágenes o datos adicionales que respaldan el texto
principal, de preferencia todas al final, se referen-
cian en el texto en caso de necesitarse.
nota:estas correcciones se tomar án en cuenta de forma
evaluativa a partir de la tercera tarea no opcional.
iii. repaso
a. redes neuronales
ahora se debe de hacer clasificacion de m últiclase en vez
de clasificación binaria por medio de una regresi ónlog ´ıstica
multinomial, ya que para trabajar con redes neuronales debe-
mos hacer uso de 2 partes:
•input layer/capa de entrada:se refiere al tama ño de
la entrada de informaci ón que tiene el modelo.
•output layer/capa de salida:dados los n features
utilizados en la capa de entrada, estos deben de darnos",,"{""semana"": 8, ""fecha"": ""2026-04-14"", ""nombre_archivo"": ""8_SEMANA_IA_20260414_2.pdf"", ""autor"": ""José Jiménez Chacón"", ""tema_principal"": ""I. RESPUESTAS DELQUIZ"", ""secciones"": ""I. RESPUESTAS DELQUIZ, C. Anotar la f ´ormula de la m ´etrica Fi-Score, D. Describir la diferencia entre Data Reduction y Data Clean-, II. CORRECIONES DE LAS TAREAS, III. REPASO"", ""chunk_numero"": 4, ""total_chunks"": 7}"
"•output layer/capa de salida:dados los n features
utilizados en la capa de entrada, estos deben de darnos
una salida coherente.
además, en la regresi ón log´ıstica cada uno de los features
tienen un peso(w i) asociado, por lo que puede ser tardado
entrenar el modelo dependiendo de la cantidad de entradas.
1) one-hot v ector:una forma de representar cada una de
las clases que tenemos, con un vector binario del tama ño de
la cantidad total de clases que tenemos.
fig. 1. ejemplo de un one-hot vector.
[pagina 2]
entonces, entre m ás features disponga el modelo para
decidir, m ás informaci ón deber á enviar a cada uno de los
clasificadores para poder decidir a cual clase pertenece.
fig. 2. figura con m últiples features.
este último diagram es t ´ıpico de unadense-
layer/fullyconected.",,"{""semana"": 8, ""fecha"": ""2026-04-14"", ""nombre_archivo"": ""8_SEMANA_IA_20260414_2.pdf"", ""autor"": ""José Jiménez Chacón"", ""tema_principal"": ""I. RESPUESTAS DELQUIZ"", ""secciones"": ""I. RESPUESTAS DELQUIZ, C. Anotar la f ´ormula de la m ´etrica Fi-Score, D. Describir la diferencia entre Data Reduction y Data Clean-, II. CORRECIONES DE LAS TAREAS, III. REPASO"", ""chunk_numero"": 5, ""total_chunks"": 7}"
"fig. 2. figura con m últiples features.
este último diagram es t ´ıpico de unadense-
layer/fullyconected.
2) v ector a matriz:para poder procesar los features:
•en vez de calcular cada regresi ón lineal como vectores.
•convertimos los vectores a matrices, de esta forma
har´ıamosuna sola operaci óny no n.
•con n siendo el tama ño de la capa siguiente.
nota:b ásicamente, la cantidad de clasificadores ser án la
cantidad de filasy la cantidad de features lacantidad de
columnasen la nueva matriz.
iv. materia nueva
•podemos agregar tantas capas intermedias como se desee.
•cada capa intermedia puede tener tantas neuronas como
se desee.
•eso los hacehiperpar ámetros.
aplicar laclasificaci ón binariaa un esquema como estos,
se traduce en reducir la cantidad de neuronas en la capa de",,"{""semana"": 8, ""fecha"": ""2026-04-14"", ""nombre_archivo"": ""8_SEMANA_IA_20260414_2.pdf"", ""autor"": ""José Jiménez Chacón"", ""tema_principal"": ""I. RESPUESTAS DELQUIZ"", ""secciones"": ""I. RESPUESTAS DELQUIZ, C. Anotar la f ´ormula de la m ´etrica Fi-Score, D. Describir la diferencia entre Data Reduction y Data Clean-, II. CORRECIONES DE LAS TAREAS, III. REPASO"", ""chunk_numero"": 6, ""total_chunks"": 7}"
"•eso los hacehiperpar ámetros.
aplicar laclasificaci ón binariaa un esquema como estos,
se traduce en reducir la cantidad de neuronas en la capa de
salida a una sola, tal que esta decida seg ún el umbral de
clasificación definido, seg ún los valores obtenidos a trav és de
la capas intermedias, si pertenece a una clase o no.
fig. 3. esquema con clasificaci ón binaria aplicada.",,"{""semana"": 8, ""fecha"": ""2026-04-14"", ""nombre_archivo"": ""8_SEMANA_IA_20260414_2.pdf"", ""autor"": ""José Jiménez Chacón"", ""tema_principal"": ""I. RESPUESTAS DELQUIZ"", ""secciones"": ""I. RESPUESTAS DELQUIZ, C. Anotar la f ´ormula de la m ´etrica Fi-Score, D. Describir la diferencia entre Data Reduction y Data Clean-, II. CORRECIONES DE LAS TAREAS, III. REPASO"", ""chunk_numero"": 7, ""total_chunks"": 7}"
"[pagina 1]
apuntes inteligencia artificial
santiago chaves garbanzo
escuela de ingenier ´ıa en computaci ón
tecnológico de costa rica
profesor: steven pacheco portuguez
curso: ic6200 inteligencia artificial
fecha: 21 de abril de 2026
resumen—en estos apuntes se repasan conceptos introduc-
torios de clasificaci ón con redes neuronales a partir del caso
de mnist. se revisa el paso de regresi ón log ´ıstica binaria a
clasificación multiclase, el uso de one-hot encoding, la represen-
tación matricial de una capa y la motivaci ón para usar capas
intermedias no lineales en redes neuronales. adem ás, se resumen
los lineamientos generales del proyecto del curso, incluyendo
el uso del dataset speech commands, la t écnica de aumento
de datos specaugment, el dise ño de modelos convolucionales,",,"{""semana"": 9, ""fecha"": ""2026-04-21"", ""nombre_archivo"": ""9_SEMANA_AI_20260421_1.pdf"", ""autor"": ""Santiago Chaves Garbanzo"", ""tema_principal"": ""I. REPASOCLASEANTERIOR"", ""secciones"": ""I. REPASOCLASEANTERIOR, II. LECTURA DELPROYECTO"", ""chunk_numero"": 1, ""total_chunks"": 18}"
"el uso del dataset speech commands, la t écnica de aumento
de datos specaugment, el dise ño de modelos convolucionales,
el preprocesamiento mediante espectrogramas, la evaluaci ón
de resultados y la exportaci ón del modelo a onnx para su
integración en una aplicaci ón m óvil.
i. repasoclaseanterior
en la clase anterior se vio el dataset de mnist, en el cual
hay muestras de diferentes n úmeros.
como ejemplo se vio que, si se eligen los p ´ıxeles de una
imagen, se podr´ıa hacer una regresi ón log´ıstica para clasificar
un solo n úmero. ser´ıa una entrada de 784, y se asigna un peso
para cada entrada; entonces se tendr ´ıa un modelo que podr á
clasificar si una imagen es dicho n úmero. en este caso solo
se est á clasificando un d ´ıgito en espec ´ıfico, como se muestra
en la figura 1.",,"{""semana"": 9, ""fecha"": ""2026-04-21"", ""nombre_archivo"": ""9_SEMANA_AI_20260421_1.pdf"", ""autor"": ""Santiago Chaves Garbanzo"", ""tema_principal"": ""I. REPASOCLASEANTERIOR"", ""secciones"": ""I. REPASOCLASEANTERIOR, II. LECTURA DELPROYECTO"", ""chunk_numero"": 2, ""total_chunks"": 18}"
"clasificar si una imagen es dicho n úmero. en este caso solo
se est á clasificando un d ´ıgito en espec ´ıfico, como se muestra
en la figura 1.
se debe recordar que esta es una regresi ón log´ıstica normal:
una parte lineal, que es la interacci ón entre features y pesos;
una función de activación, que es la que da el comportamiento
no lineal; y luego una anidación de funciones que une a ambas.
luego se pas ó a c ómo ser´ıa un sistema de clasificaci ón de
múltiples clases. para ello, primero hay que pasar a usar one-
hot coding, que consiste en encender el bit de la clase que
representa cada feature, como se observa en la figura 2.
para entender el problema, primero se pas ó a un plano
absurdo, en el cual se imagina que un solo p ´ıxel clasificar´ıa",,"{""semana"": 9, ""fecha"": ""2026-04-21"", ""nombre_archivo"": ""9_SEMANA_AI_20260421_1.pdf"", ""autor"": ""Santiago Chaves Garbanzo"", ""tema_principal"": ""I. REPASOCLASEANTERIOR"", ""secciones"": ""I. REPASOCLASEANTERIOR, II. LECTURA DELPROYECTO"", ""chunk_numero"": 3, ""total_chunks"": 18}"
"para entender el problema, primero se pas ó a un plano
absurdo, en el cual se imagina que un solo p ´ıxel clasificar´ıa
todo el dataset. entonces, lo que se ocupar ´ıa ser ´ıa tener 10
regresiones log´ısticas y que cada una detecte un d ´ıgito en una
clase 3. de acuerdo con eso, se encender ´ıa el bit de la clase
correspondiente y se apagar ´ıan los del resto.
luego se vio qu é pasar ´ıa con dos p ´ıxeles. en este caso,
cada uno de ellos debe mandar informaci ón a las 10 regre-
figura 1. ejemplo de regresi ón log´ıstica para mnist
siones log´ısticas. ahora, en cada una de ellas se tendr án dos
pesos y un bias, cada uno orientado a detectar una clase en
espec´ıfico 4.
cuando se empiece a aumentar la cantidad de p ´ıxeles, se
verá algo as ´ı 5. es decir, los 784 p ´ıxeles conectados a cada",,"{""semana"": 9, ""fecha"": ""2026-04-21"", ""nombre_archivo"": ""9_SEMANA_AI_20260421_1.pdf"", ""autor"": ""Santiago Chaves Garbanzo"", ""tema_principal"": ""I. REPASOCLASEANTERIOR"", ""secciones"": ""I. REPASOCLASEANTERIOR, II. LECTURA DELPROYECTO"", ""chunk_numero"": 4, ""total_chunks"": 18}"
"espec´ıfico 4.
cuando se empiece a aumentar la cantidad de p ´ıxeles, se
verá algo as ´ı 5. es decir, los 784 p ´ıxeles conectados a cada
una de las regresiones log ´ısticas (neuronas). son una gran
cantidad de pesos, se da el ejemplo sobre que es como pasar
una fotocopia de la imagen a cada una de las neuronas para
saber si saben o no reconocer dicha imagen.
ahora bien, para realizar el c álculo de cada capa para evitar
hacer operaciones iterativas, se emplear á álgebra matricial. en
lugar de tener solo una regresiónw x+b, se tendrá una matriz
que represente toda la capa. teniendo eso, solo se debe tomar
elxde la entrada (los 784 p ´ıxeles), multiplicarlo por la matriz
w(los pesos de todas las neuronas de la capa) y luego sumarle",,"{""semana"": 9, ""fecha"": ""2026-04-21"", ""nombre_archivo"": ""9_SEMANA_AI_20260421_1.pdf"", ""autor"": ""Santiago Chaves Garbanzo"", ""tema_principal"": ""I. REPASOCLASEANTERIOR"", ""secciones"": ""I. REPASOCLASEANTERIOR, II. LECTURA DELPROYECTO"", ""chunk_numero"": 5, ""total_chunks"": 18}"
"elxde la entrada (los 784 p ´ıxeles), multiplicarlo por la matriz
w(los pesos de todas las neuronas de la capa) y luego sumarle
un vector de bias. esto dar á un vector con los resultados de
cada una de las regresiones log ´ısticas, como se representa en
la figura 6.
por otro lado, se coment ó que en este caso se tiene una
entrada lineal que se conecta con 10 regresiones log ´ısticas, y
que eso en el fondo sigue siendo un problema lineal. se est á
usando una recta para determinar el comportamiento. por lo
tanto, si se ocupa resolver un escenario no lineal, esas neuronas
aún siguen sin tener esa capacidad.
por lo tanto, si se vuelve a pensar en el problema binario
de clasificar si un n úmero es un cinco o no lo es, antes lo
que se hac ´ıa era usar una sola regresi ón log ´ıstica, a la cual",,"{""semana"": 9, ""fecha"": ""2026-04-21"", ""nombre_archivo"": ""9_SEMANA_AI_20260421_1.pdf"", ""autor"": ""Santiago Chaves Garbanzo"", ""tema_principal"": ""I. REPASOCLASEANTERIOR"", ""secciones"": ""I. REPASOCLASEANTERIOR, II. LECTURA DELPROYECTO"", ""chunk_numero"": 6, ""total_chunks"": 18}"
"de clasificar si un n úmero es un cinco o no lo es, antes lo
que se hac ´ıa era usar una sola regresi ón log ´ıstica, a la cual
llegan todas las entradasx, y a partir de ah ´ı se toma una
figura 2. ejemplo de one-hot enconding
[pagina 2]
figura 3. ejemplo de una entrada
decisión. pero ahora se har á distinto: se va a pasar la entrada
a una capa con m últiples neuronas, y luego se pasar án esos
resultados a otra capa con una sola regresi ón log ´ıstica, que
es la que tomar á la decisi ón de si se tiene o no un 5. la
ventaja es que la salida de la primera capa ya es no lineal, y
al d ársela a la siguiente regresi ón log´ıstica, permite algo muy
poderoso, porque se est á alimentando una nueva neurona con
comportamiento no lineal. entonces, esta clasificaci ón binaria",,"{""semana"": 9, ""fecha"": ""2026-04-21"", ""nombre_archivo"": ""9_SEMANA_AI_20260421_1.pdf"", ""autor"": ""Santiago Chaves Garbanzo"", ""tema_principal"": ""I. REPASOCLASEANTERIOR"", ""secciones"": ""I. REPASOCLASEANTERIOR, II. LECTURA DELPROYECTO"", ""chunk_numero"": 7, ""total_chunks"": 18}"
"poderoso, porque se est á alimentando una nueva neurona con
comportamiento no lineal. entonces, esta clasificaci ón binaria
ser´ıa m ás compleja que una regresi ón log´ıstica cl ásica.
eso ser ´ıa en caso de usar una red neuronal para una
clasificación binaria, en la cual hay una capa de entrada que
define el tama ño inicial de la arquitectura; luego, la capa
intermedia es todo el c ómputo que se haga entre la entrada
y la salida; y la salida es ya sea una salida binaria, como una
figura 4. ejemplo de dos entradas
figura 5. ejemplo de m últiples entradas
figura 6. matriz de pesos de una capa
regresión log ´ıstica, o una multinomial que permita clasificar
todas las clases que se est én evaluando.
a esto es a lo que se conoce como redes neuronales. entre",,"{""semana"": 9, ""fecha"": ""2026-04-21"", ""nombre_archivo"": ""9_SEMANA_AI_20260421_1.pdf"", ""autor"": ""Santiago Chaves Garbanzo"", ""tema_principal"": ""I. REPASOCLASEANTERIOR"", ""secciones"": ""I. REPASOCLASEANTERIOR, II. LECTURA DELPROYECTO"", ""chunk_numero"": 8, ""total_chunks"": 18}"
"todas las clases que se est én evaluando.
a esto es a lo que se conoce como redes neuronales. entre
más capas intermedias se coloquen, m ás compleja ser á y m ás
no linealidad evaluará. la cantidad de capas y de neuronas por
capa es un hiperparámetro. lo importante es que las capas sean
derivables (por ejemplo, una sigmoide); si no, no se pueden
utilizar, porque no se puede usar descenso del gradiente.
finalmente se vio la soluci ón para mnist fully connected,
con 2 capas intermedias y una final multinomial que clasifica
los 10 n úmeros, como se muestra en la figura 7.
figura 7. soluci ón fully connected de mnist
[pagina 3]
ii. lectura delproyecto
ii-a. speech commands
es una lectura que se asign ó para el proyecto y describe el
dataset con el que se trabajar á.
ii-b. specaugment",,"{""semana"": 9, ""fecha"": ""2026-04-21"", ""nombre_archivo"": ""9_SEMANA_AI_20260421_1.pdf"", ""autor"": ""Santiago Chaves Garbanzo"", ""tema_principal"": ""I. REPASOCLASEANTERIOR"", ""secciones"": ""I. REPASOCLASEANTERIOR, II. LECTURA DELPROYECTO"", ""chunk_numero"": 9, ""total_chunks"": 18}"
"ii-a. speech commands
es una lectura que se asign ó para el proyecto y describe el
dataset con el que se trabajar á.
ii-b. specaugment
es una lectura que se asign ó para el proyecto y describe
cómo aumentar la cantidad de datos cuando no se tienen
suficientes.
ii-c. training keywords
el paper es un buen ejemplo de lo que se puede seguir para
el proyecto a nivel de estructura (por ejemplo, su secci ón de
related work).
ii-d. objetivo
se comentó sobre como onnx es una plataforma en la cual
se puede migrar c ódigo para tenerlo en m últiples plataformas.
por lo tanto, en este proyecto se crear á un modelo propio para
reconocer comandos de voz y, a partir de ah ´ı, migrarlo a un
ambiente mobile con onnx.
el profe aclara que no importa qu é tipo de so se utilice",,"{""semana"": 9, ""fecha"": ""2026-04-21"", ""nombre_archivo"": ""9_SEMANA_AI_20260421_1.pdf"", ""autor"": ""Santiago Chaves Garbanzo"", ""tema_principal"": ""I. REPASOCLASEANTERIOR"", ""secciones"": ""I. REPASOCLASEANTERIOR, II. LECTURA DELPROYECTO"", ""chunk_numero"": 10, ""total_chunks"": 18}"
"reconocer comandos de voz y, a partir de ah ´ı, migrarlo a un
ambiente mobile con onnx.
el profe aclara que no importa qu é tipo de so se utilice
para la aplicaci ón; puede ser ios o android, la versi ón que
mejor se adapte al celular. lo importante es que permita que
el modelo sea integrado a una aplicaci ón m óvil.
el prototipo web html que dio el profe es una base muy
sólida, pero puede cambiarse de acuerdo con las preferencias
que se tengan, siempre y cuando se cumpla con los requeri-
mientos.
ii-e. command selection
se van a utilizar 10 comandos. en el dataset hay 35,
entonces se tiene que hacer la selecci ón de los indicados en
la tarea, los cuales son: yes, no, up, down, left, right, on, off,
stop, go.
ii-f. concepto app m óvil",,"{""semana"": 9, ""fecha"": ""2026-04-21"", ""nombre_archivo"": ""9_SEMANA_AI_20260421_1.pdf"", ""autor"": ""Santiago Chaves Garbanzo"", ""tema_principal"": ""I. REPASOCLASEANTERIOR"", ""secciones"": ""I. REPASOCLASEANTERIOR, II. LECTURA DELPROYECTO"", ""chunk_numero"": 11, ""total_chunks"": 18}"
"la tarea, los cuales son: yes, no, up, down, left, right, on, off,
stop, go.
ii-f. concepto app m óvil
se puede variar la aplicaci ón como se guste; lo importante
es que s ´ı funcione la parte de integraci ón con inteligencia
artificial.
es importante aclarar que no se van a usar redes neuronales
densas; se usar á otro tipo de modelos llamados redes neuro-
nales convolucionales (cnns). corresponde investigar sobre
dichos modelos por cuenta propia, debido a que a ún no se han
repasado en clase.
la app no debe depender de servicios externos. lo que se
tiene que hacer es, b ásicamente, guardar los pesos obtenidos
en el entrenamiento en pytorch y pasarlos a onnx para de
ese modo tener el modelo de forma mobile.
ii-g. descripci ón del dataset",,"{""semana"": 9, ""fecha"": ""2026-04-21"", ""nombre_archivo"": ""9_SEMANA_AI_20260421_1.pdf"", ""autor"": ""Santiago Chaves Garbanzo"", ""tema_principal"": ""I. REPASOCLASEANTERIOR"", ""secciones"": ""I. REPASOCLASEANTERIOR, II. LECTURA DELPROYECTO"", ""chunk_numero"": 12, ""total_chunks"": 18}"
"en el entrenamiento en pytorch y pasarlos a onnx para de
ese modo tener el modelo de forma mobile.
ii-g. descripci ón del dataset
el dataset consiste de múltiples audios, por lo que se comen-
ta que el audio por s ´ı solo tiene la naturaleza de ser temporal.
por lo que esa temporalidad se va a convertir en im ágenes
llamadas espectrogramas. estos resumen las frecuencias en
los audios y, gracias a ello, se podr án detectar patrones en
los audios por medio de cnns.
ii-h. dise ño de arquitectura de ia
los modelos deben ser escritos a mano; solo se podr á
usartorch.nn(la biblioteca base para redes neuronales de
pytorch).
en el notebook deben venir todas las pruebas, y se deben
usar los mismos datasets para as ´ı garantizar reproducibilidad.",,"{""semana"": 9, ""fecha"": ""2026-04-21"", ""nombre_archivo"": ""9_SEMANA_AI_20260421_1.pdf"", ""autor"": ""Santiago Chaves Garbanzo"", ""tema_principal"": ""I. REPASOCLASEANTERIOR"", ""secciones"": ""I. REPASOCLASEANTERIOR, II. LECTURA DELPROYECTO"", ""chunk_numero"": 13, ""total_chunks"": 18}"
"pytorch).
en el notebook deben venir todas las pruebas, y se deben
usar los mismos datasets para as ´ı garantizar reproducibilidad.
es b ásicamente lo que se ha hecho en tareas anteriores.
el modelo a es el m ás clásico de cnns (lenet-5); es muy
corto, tiene pocas capas y suele dar buenos resultados. en el
paper original las entradas eran de 32, y el profe dice que para
este deben ser de 128 al menos.
en el modelo b se debe usar una arquitectura distinta,
pero se debe justificar cu ál se va a elegir. en la secci ón de
metodolog´ıa debe ir una explicaci ón de los modelos que se
evaluaron, y a partir de ah´ı indicar por qué se seleccionó dicho
modelo como el m ás óptimo.
puede que se quiera proponer otro modelo creado para el
b. sin embargo, no puede ser solo un lenet-5 aumentado,",,"{""semana"": 9, ""fecha"": ""2026-04-21"", ""nombre_archivo"": ""9_SEMANA_AI_20260421_1.pdf"", ""autor"": ""Santiago Chaves Garbanzo"", ""tema_principal"": ""I. REPASOCLASEANTERIOR"", ""secciones"": ""I. REPASOCLASEANTERIOR, II. LECTURA DELPROYECTO"", ""chunk_numero"": 14, ""total_chunks"": 18}"
"modelo como el m ás óptimo.
puede que se quiera proponer otro modelo creado para el
b. sin embargo, no puede ser solo un lenet-5 aumentado,
realmente debe demostrarse por qu é es diferente y funcional.
ii-i. preprocesamiento
se va a trabajar con dos conjuntos de datos: uno de datos
crudos, es decir, tomar speech commands, pasar todo a
espectrograma y entrenar con eso. y el segundo ser á el mismo
proceso, pero se debe aumentar la data usando el paper de
specaugment. por ejemplo, se va a pasar de tener 50 samples
por clase a tener 300 samples. no obstante, hay que tener
cuidado, porque si se pone una cantidad excesiva de augmenta-
tion, entonces los modelos durar án mucho entrenándose; pero,
si no se hace, entonces se incumplir á con el requerimiento de
hacer data augmentation.",,"{""semana"": 9, ""fecha"": ""2026-04-21"", ""nombre_archivo"": ""9_SEMANA_AI_20260421_1.pdf"", ""autor"": ""Santiago Chaves Garbanzo"", ""tema_principal"": ""I. REPASOCLASEANTERIOR"", ""secciones"": ""I. REPASOCLASEANTERIOR, II. LECTURA DELPROYECTO"", ""chunk_numero"": 15, ""total_chunks"": 18}"
"tion, entonces los modelos durar án mucho entrenándose; pero,
si no se hace, entonces se incumplir á con el requerimiento de
hacer data augmentation.
por ello se van a entrenar 4 modelos: modelo a crudo,
modelo a aumentado, modelo b crudo y modelo b aumentado.
son 3 entrenamientos por cada modelo, para un total de
12 entrenamientos. en google colab seguramente se dure
alrededor de 20 minutos por entrenamiento, as ´ı que se debe
tomar el tiempo necesario..
no se debe hacer con cpu; en ese caso dura horas, por lo
que es mejor hacerlo en colab con gpu.
ii-j. evaluaci ón de resultados
hay que llevar registro de bastantes estad ´ıstica, pero
lo m ás importante es que se lleve registro del comporta-
miento de la loss function y la de validaci ón. esto se",,"{""semana"": 9, ""fecha"": ""2026-04-21"", ""nombre_archivo"": ""9_SEMANA_AI_20260421_1.pdf"", ""autor"": ""Santiago Chaves Garbanzo"", ""tema_principal"": ""I. REPASOCLASEANTERIOR"", ""secciones"": ""I. REPASOCLASEANTERIOR, II. LECTURA DELPROYECTO"", ""chunk_numero"": 16, ""total_chunks"": 18}"
"lo m ás importante es que se lleve registro del comporta-
miento de la loss function y la de validaci ón. esto se
debe ir llevando con la plataforma weights and biases
https://wandb.ai/site/. esta plataforma se encarga
de ir llevando recuento del entrenamiento y generando los
gráficos. por lo tanto, en esta etapa no hace falta usar mat-
plotlib para los gr áficos. las m étricas como accuracy, recall,
precision y f1-score son muy importantes.
ii-k. exportaci ón del modelo
se debe elegir el modelo que mejores resultados obtuvo y
exportarlo a onnx.
[pagina 4]
ii-l. datos adicionales sobre el proyecto
es importante una sección de related work como la del paper
de training keywords, toda la literatura con respecto a lo que
se est á viendo.",,"{""semana"": 9, ""fecha"": ""2026-04-21"", ""nombre_archivo"": ""9_SEMANA_AI_20260421_1.pdf"", ""autor"": ""Santiago Chaves Garbanzo"", ""tema_principal"": ""I. REPASOCLASEANTERIOR"", ""secciones"": ""I. REPASOCLASEANTERIOR, II. LECTURA DELPROYECTO"", ""chunk_numero"": 17, ""total_chunks"": 18}"
"es importante una sección de related work como la del paper
de training keywords, toda la literatura con respecto a lo que
se est á viendo.
a d´ıa de hoy puede que cnns ya no sea lo mejor; ya que
existen otras opciones como visual transformers. por lo que
se puede hacer alusi ón a ello en la secci ón de related work.",,"{""semana"": 9, ""fecha"": ""2026-04-21"", ""nombre_archivo"": ""9_SEMANA_AI_20260421_1.pdf"", ""autor"": ""Santiago Chaves Garbanzo"", ""tema_principal"": ""I. REPASOCLASEANTERIOR"", ""secciones"": ""I. REPASOCLASEANTERIOR, II. LECTURA DELPROYECTO"", ""chunk_numero"": 18, ""total_chunks"": 18}"
"[pagina 1]
apuntes semana 9
kendell garbanzo calvo 2022123716
instituto tecnológico de costa rica
inteligencia artificial
21 de abril, 2026
i. repaso: clasificaci ´on demnist
el dataset mnist consiste en muestras de d ´ıgitos escritos
a mano, donde cada imagen est á representada por una matriz
de p ´ıxeles. tomando cada p ´ıxel como unfeature, es posible
construir unaregresi ón log ´ısticaque realice clasificaci ón
binaria de un d´ıgito espec´ıfico: el modelo aprende a reconocer
o no la presencia de ese d ´ıgito en la imagen.
la regresi ón log ´ıstica se compone de tres elementos fun-
damentales. una partelineal, que modela la interacci ón entre
los features y los pesos del modelo:
fw,b(x) =wx+b(1)
una parteno lineal, dada por la funci ón sigmoide, que",,"{""semana"": 9, ""fecha"": ""2026-04-21"", ""nombre_archivo"": ""9_SEMANA_AI_20260421_2.pdf"", ""autor"": ""Kendell Garbanzo Calvo"", ""tema_principal"": ""I. REPASO: CLASIFICACI ´ON DEMNIST"", ""secciones"": ""I. REPASO: CLASIFICACI ´ON DEMNIST, II. SISTEMAMULTINOMIAL, III. CONVERSI ´ON DEVECTOR AMATRIZ, IV. CLASIFICACI ´ON CONCAPASINTERMEDIAS, V. REDESNEURONALES"", ""chunk_numero"": 1, ""total_chunks"": 25}"
"los features y los pesos del modelo:
fw,b(x) =wx+b(1)
una parteno lineal, dada por la funci ón sigmoide, que
transforma la salida lineal en una probabilidad entre 0 y 1:
g(x) = 1
1 +e−x (2)
y unaanidaci ónde ambas funciones, donde primero se
ejecuta la transformaci ón lineal y su resultado se pasa a la
función sigmoide:
h(x) =g(f(x))(3)
esta composici ón permite al modelo tomar decisiones bi-
narias (pertenece o no a la clase) a partir de entradas de alta
dimensionalidad como im ágenes.
ii. sistemamultinomial
un sistema multinomial extiende la clasificaci ón binaria
para manejarm últiples clasesde forma simult ánea. en lugar
de responder si una entrada pertenece o no a una clase, el
modelo debe determinar a cuál denclases posibles pertenece.
ii-a. soluci ón: one-hot encoding",,"{""semana"": 9, ""fecha"": ""2026-04-21"", ""nombre_archivo"": ""9_SEMANA_AI_20260421_2.pdf"", ""autor"": ""Kendell Garbanzo Calvo"", ""tema_principal"": ""I. REPASO: CLASIFICACI ´ON DEMNIST"", ""secciones"": ""I. REPASO: CLASIFICACI ´ON DEMNIST, II. SISTEMAMULTINOMIAL, III. CONVERSI ´ON DEVECTOR AMATRIZ, IV. CLASIFICACI ´ON CONCAPASINTERMEDIAS, V. REDESNEURONALES"", ""chunk_numero"": 2, ""total_chunks"": 25}"
"modelo debe determinar a cuál denclases posibles pertenece.
ii-a. soluci ón: one-hot encoding
para representar m últiples clases se utiliza lacodificaci ón
one-hot: cada clase se representa como un vector binario de
longitudn, donde únicamente la posici ón correspondiente a
la clase correcta toma el valor1y todas las dem ás toman el
valor0. esto elimina cualquier relaci ón ordinal artificial entre
las clases.
aplicado a mnist (d ´ıgitos del 0 al 9), la soluci ón consiste
en entrenar10 regresiones log ´ısticas en paralelo, cada una
especializada en reconocer un d ´ıgito espec ´ıfico. durante la
inferencia, toda la informaci ón de la imagen se distribuye
simultáneamente a las 10 regresiones, y el resultado final es
elone-hot vectorque indica cu ál regresi ón produjo la mayor",,"{""semana"": 9, ""fecha"": ""2026-04-21"", ""nombre_archivo"": ""9_SEMANA_AI_20260421_2.pdf"", ""autor"": ""Kendell Garbanzo Calvo"", ""tema_principal"": ""I. REPASO: CLASIFICACI ´ON DEMNIST"", ""secciones"": ""I. REPASO: CLASIFICACI ´ON DEMNIST, II. SISTEMAMULTINOMIAL, III. CONVERSI ´ON DEVECTOR AMATRIZ, IV. CLASIFICACI ´ON CONCAPASINTERMEDIAS, V. REDESNEURONALES"", ""chunk_numero"": 3, ""total_chunks"": 25}"
"simultáneamente a las 10 regresiones, y el resultado final es
elone-hot vectorque indica cu ál regresi ón produjo la mayor
probabilidad de activaci ón.
cuadro i
codificaci ´onone-hot para d ´igitos del0al9
clase one-hot codificaci ón
ii-b. escalamiento con la cantidad de p ´ıxeles
con un solo p´ıxel de entrada, cada regresión log´ıstica recibe
un único valor con su pesowy subiasb. al agregar un
segundo p´ıxel, cada regresi ón pasa a tener2wy unbias.
[pagina 2]
al aumentar la cantidad de p ´ıxeles el sistema escala r ápi-
damente: con 784 p ´ıxeles la representaci ón gr áfica se vuelve
imposible, pero el principio se mantiene:toda la informaci ón
de entrada se distribuye a todas las regresiones log ´ısticas
para que cada una tome su decisi ón de forma independiente.",,"{""semana"": 9, ""fecha"": ""2026-04-21"", ""nombre_archivo"": ""9_SEMANA_AI_20260421_2.pdf"", ""autor"": ""Kendell Garbanzo Calvo"", ""tema_principal"": ""I. REPASO: CLASIFICACI ´ON DEMNIST"", ""secciones"": ""I. REPASO: CLASIFICACI ´ON DEMNIST, II. SISTEMAMULTINOMIAL, III. CONVERSI ´ON DEVECTOR AMATRIZ, IV. CLASIFICACI ´ON CONCAPASINTERMEDIAS, V. REDESNEURONALES"", ""chunk_numero"": 4, ""total_chunks"": 25}"
"de entrada se distribuye a todas las regresiones log ´ısticas
para que cada una tome su decisi ón de forma independiente.
iii. conversi ´on devector amatriz
calcular cada regresi ón log ´ıstica de forma individual re-
quierenoperaciones separadas, dondenes el n úmero de
clases. para hacer esto eficiente se recurre al álgebra lineal: se
reemplazan los vectores de pesos individuales por unamatriz
de pesosw, permitiendo computar toda la capa en una sola
operación matricial:
z=x w+b(4)
dondexes el vector de entrada,wcontiene los pesos de
todas las regresiones log ´ısticas ybes el vector debias, con
un valor por cada regresi ón.
w0,0 w0,1 w0,2 · · ·w0,n−2 w0,n−1
w1,0 w1,1 w1,2 · · ·w1,n−2 w1,n−1
wj,0 wj,1 wj,2 · · ·wj,n−2 wj,n−1
para mnist, con una capa de entrada de 784 p ´ıxeles y una",,"{""semana"": 9, ""fecha"": ""2026-04-21"", ""nombre_archivo"": ""9_SEMANA_AI_20260421_2.pdf"", ""autor"": ""Kendell Garbanzo Calvo"", ""tema_principal"": ""I. REPASO: CLASIFICACI ´ON DEMNIST"", ""secciones"": ""I. REPASO: CLASIFICACI ´ON DEMNIST, II. SISTEMAMULTINOMIAL, III. CONVERSI ´ON DEVECTOR AMATRIZ, IV. CLASIFICACI ´ON CONCAPASINTERMEDIAS, V. REDESNEURONALES"", ""chunk_numero"": 5, ""total_chunks"": 25}"
"w1,0 w1,1 w1,2 · · ·w1,n−2 w1,n−1
wj,0 wj,1 wj,2 · · ·wj,n−2 wj,n−1
para mnist, con una capa de entrada de 784 p ´ıxeles y una
capa de salida de 10 clases, la matriz de pesos tiene dimen-
sionesw∈r 784×10 (los ´ındices comienzan en0, por lo que
se resta uno a cada dimensi ón). esta representaci ón matricial
es la base del c ómputo eficiente en hardware moderno como
gpus.
en el caso de mnist, con 784 p ´ıxeles de entrada y 10
clases de salida, la matriz de pesos se representa como:
w0,0 w0,1 w0,2 · · ·w0,783
w1,0 w1,1 w1,2 · · ·w1,783
w9,0 w9,1 w9,2 · · ·w9,783
iv. clasificaci ´on concapasintermedias
una sola capa de regresiones log ´ısticas conectada lineal-
mente a la entrada constituye todav ´ıa unproblema lineal:
sin importar cu ántas regresiones se encadenen linealmente, el",,"{""semana"": 9, ""fecha"": ""2026-04-21"", ""nombre_archivo"": ""9_SEMANA_AI_20260421_2.pdf"", ""autor"": ""Kendell Garbanzo Calvo"", ""tema_principal"": ""I. REPASO: CLASIFICACI ´ON DEMNIST"", ""secciones"": ""I. REPASO: CLASIFICACI ´ON DEMNIST, II. SISTEMAMULTINOMIAL, III. CONVERSI ´ON DEVECTOR AMATRIZ, IV. CLASIFICACI ´ON CONCAPASINTERMEDIAS, V. REDESNEURONALES"", ""chunk_numero"": 6, ""total_chunks"": 25}"
"mente a la entrada constituye todav ´ıa unproblema lineal:
sin importar cu ántas regresiones se encadenen linealmente, el
resultado sigue siendo una transformaci ón lineal de la entrada.
la clave est á en aplicar lafunci ón sigmoidea la salida de
la capa intermedia. al hacerlo, los valores de salida quedan
en el rango[0,1]y la transformaci ón pasa a serno lineal. esa
salida no lineal es la que se pasa como entrada a la siguiente
capa, que ya no opera sobre la informaci ón original sino sobre
unarepresentaci ón no lineal computada previamente.
las capas del sistema se identifican como:
capa de entrada:recibe los features originales. su
tamaño est á determinado por la dimensionalidad del
problema (ej. 784 para mnist).
capa intermedia: realiza el c ómputo entre la entrada y",,"{""semana"": 9, ""fecha"": ""2026-04-21"", ""nombre_archivo"": ""9_SEMANA_AI_20260421_2.pdf"", ""autor"": ""Kendell Garbanzo Calvo"", ""tema_principal"": ""I. REPASO: CLASIFICACI ´ON DEMNIST"", ""secciones"": ""I. REPASO: CLASIFICACI ´ON DEMNIST, II. SISTEMAMULTINOMIAL, III. CONVERSI ´ON DEVECTOR AMATRIZ, IV. CLASIFICACI ´ON CONCAPASINTERMEDIAS, V. REDESNEURONALES"", ""chunk_numero"": 7, ""total_chunks"": 25}"
"tamaño est á determinado por la dimensionalidad del
problema (ej. 784 para mnist).
capa intermedia: realiza el c ómputo entre la entrada y
la salida. es la responsable de introducirno-linealidad
en el sistema, lo que permite al modelo aprender repre-
sentaciones m ás complejas.
capa de salida:produce la decisi ón final, que puede
ser binaria (sigmoide) o multinomial, bas ándose en la
representación generada por la capa anterior.
v. redesneuronales
unared neuronales la generalizaci ón de este sistema de
capas: m últiples capas intermedias apiladas, cada una introdu-
ciendo no-linealidad adicional, permiten al modelo aprender
representaciones jer árquicas de los datos.
lano-linealidades el elemento fundamental que diferencia
una red neuronal de una simple regresi ón lineal: sin ella,",,"{""semana"": 9, ""fecha"": ""2026-04-21"", ""nombre_archivo"": ""9_SEMANA_AI_20260421_2.pdf"", ""autor"": ""Kendell Garbanzo Calvo"", ""tema_principal"": ""I. REPASO: CLASIFICACI ´ON DEMNIST"", ""secciones"": ""I. REPASO: CLASIFICACI ´ON DEMNIST, II. SISTEMAMULTINOMIAL, III. CONVERSI ´ON DEVECTOR AMATRIZ, IV. CLASIFICACI ´ON CONCAPASINTERMEDIAS, V. REDESNEURONALES"", ""chunk_numero"": 8, ""total_chunks"": 25}"
"lano-linealidades el elemento fundamental que diferencia
una red neuronal de una simple regresi ón lineal: sin ella,
apilar capas no aportar ´ıa capacidad expresiva adicional. con
ella, cada capa puede aprender patrones progresivamente m ás
abstractos.
las caracter´ısticas fundamentales de una red neuronal son:
[pagina 3]
profundidad:entre m ás capas intermedias tenga la red,
más complejos son los problemas que puede resolver. la
profundidad es un hiperpar ámetro del modelo.
diversidad entre capas:es importante que cada capa
aprenda representaciones distintas para que la profundi-
dad sea útil y no redundante.
optimizabilidad:siempre que las funciones de acti-
vación sean derivables, es posible aplicar descenso de
gradiente para optimizar todos los pesos de la red de",,"{""semana"": 9, ""fecha"": ""2026-04-21"", ""nombre_archivo"": ""9_SEMANA_AI_20260421_2.pdf"", ""autor"": ""Kendell Garbanzo Calvo"", ""tema_principal"": ""I. REPASO: CLASIFICACI ´ON DEMNIST"", ""secciones"": ""I. REPASO: CLASIFICACI ´ON DEMNIST, II. SISTEMAMULTINOMIAL, III. CONVERSI ´ON DEVECTOR AMATRIZ, IV. CLASIFICACI ´ON CONCAPASINTERMEDIAS, V. REDESNEURONALES"", ""chunk_numero"": 9, ""total_chunks"": 25}"
"vación sean derivables, es posible aplicar descenso de
gradiente para optimizar todos los pesos de la red de
forma conjunta mediantebackpropagation.
neuronas:cada capa est á compuesta por unidades de
cómputo individuales llamadas neuronas, cada una con
sus propios pesos ybias.
explicaci ´onproyectoi
el proyecto consiste en dise ñar e implementar una soluci ón
completa de inteligencia artificial para el reconocimiento de
comandos de voz, abarcando desde la selecci ón y prepro-
cesamiento de los datos hasta el despliegue del modelo en
una aplicaci ón m óvil funcional. se utilizar á el datasetspeech
commands dataset v0.02y el modelo final deber á integrarse
en una aplicaci ón android o ios medianteonnx runtime
mobile, realizando inferencialocalmenteen el dispositivo sin",,"{""semana"": 9, ""fecha"": ""2026-04-21"", ""nombre_archivo"": ""9_SEMANA_AI_20260421_2.pdf"", ""autor"": ""Kendell Garbanzo Calvo"", ""tema_principal"": ""I. REPASO: CLASIFICACI ´ON DEMNIST"", ""secciones"": ""I. REPASO: CLASIFICACI ´ON DEMNIST, II. SISTEMAMULTINOMIAL, III. CONVERSI ´ON DEVECTOR AMATRIZ, IV. CLASIFICACI ´ON CONCAPASINTERMEDIAS, V. REDESNEURONALES"", ""chunk_numero"": 10, ""total_chunks"": 25}"
"en una aplicaci ón android o ios medianteonnx runtime
mobile, realizando inferencialocalmenteen el dispositivo sin
depender de servicios externos ni apis en la nube.
objetivo general
el objetivo es construir un sistema de clasificaci ón de
audio capaz de reconocer 10 comandos de voz espec ´ıficos
y desplegarlos dentro de una aplicaci ón m óvil navegable. la
aplicación debe diseñarse como una experiencia de interacci ón
completamente basada en voz, inspirada en un escenario de
smart home, donde el usuario pueda desplazarse entre pan-
tallas, controlar dispositivos simulados y confirmar acciones
únicamente mediante comandos de voz. no se espera única-
mente una prueba t écnica del modelo, sino una experiencia
funcional coherente con el caso de uso propuesto.
comandos autorizados",,"{""semana"": 9, ""fecha"": ""2026-04-21"", ""nombre_archivo"": ""9_SEMANA_AI_20260421_2.pdf"", ""autor"": ""Kendell Garbanzo Calvo"", ""tema_principal"": ""I. REPASO: CLASIFICACI ´ON DEMNIST"", ""secciones"": ""I. REPASO: CLASIFICACI ´ON DEMNIST, II. SISTEMAMULTINOMIAL, III. CONVERSI ´ON DEVECTOR AMATRIZ, IV. CLASIFICACI ´ON CONCAPASINTERMEDIAS, V. REDESNEURONALES"", ""chunk_numero"": 11, ""total_chunks"": 25}"
"mente una prueba t écnica del modelo, sino una experiencia
funcional coherente con el caso de uso propuesto.
comandos autorizados
el sistema debe reconocer exactamente los siguientes 10
comandos, cada uno con un rol definido dentro de la interfaz:
cuadro ii
comandos de voz autorizados y su caso de uso
comando caso de uso
yes/noconfirmaci ón y cancelaci ón de acciones
up/down/left/rightnavegaci ón entre opciones de la interfaz
on/offcontrol de encendido de dispositivos
stop/gocontrol de inicio y detenci ón de rutinas
los comandos de navegaci ón (up,down,left,right)
deben utilizarse para mover el foco visual entre opciones
dentro de cada pantalla. los comandosyesynoconfirman o
cancelan acciones sensibles. los comandosonyoffact úan
sobre el estado de dispositivos, ygoystopinician o de-",,"{""semana"": 9, ""fecha"": ""2026-04-21"", ""nombre_archivo"": ""9_SEMANA_AI_20260421_2.pdf"", ""autor"": ""Kendell Garbanzo Calvo"", ""tema_principal"": ""I. REPASO: CLASIFICACI ´ON DEMNIST"", ""secciones"": ""I. REPASO: CLASIFICACI ´ON DEMNIST, II. SISTEMAMULTINOMIAL, III. CONVERSI ´ON DEVECTOR AMATRIZ, IV. CLASIFICACI ´ON CONCAPASINTERMEDIAS, V. REDESNEURONALES"", ""chunk_numero"": 12, ""total_chunks"": 25}"
"cancelan acciones sensibles. los comandosonyoffact úan
sobre el estado de dispositivos, ygoystopinician o de-
tienen rutinas predefinidas. la coherencia entre los comandos
reconocidos y su uso dentro de la aplicaci ón es un criterio de
evaluación.
concepto de aplicaci ón m óvil
la aplicaci ón debe construirse como una interfaz de nave-
gación por voz con al menos las siguientes pantallas:
dashboard:pantalla principal con tarjetas o secciones
(luces, ventilador, televisi ón, rutinas, configuraci ón). el
usuario navega entre tarjetas conup/down/left/right
y abre una secci ón conyes.
control de dispositivo:permite encender o apagar un
dispositivo cononyoff. el comandoyesconfirma
acciones destacadas ynoregresa al dashboard.
rutinas:permite iniciar o detener rutinas predefinidas",,"{""semana"": 9, ""fecha"": ""2026-04-21"", ""nombre_archivo"": ""9_SEMANA_AI_20260421_2.pdf"", ""autor"": ""Kendell Garbanzo Calvo"", ""tema_principal"": ""I. REPASO: CLASIFICACI ´ON DEMNIST"", ""secciones"": ""I. REPASO: CLASIFICACI ´ON DEMNIST, II. SISTEMAMULTINOMIAL, III. CONVERSI ´ON DEVECTOR AMATRIZ, IV. CLASIFICACI ´ON CONCAPASINTERMEDIAS, V. REDESNEURONALES"", ""chunk_numero"": 13, ""total_chunks"": 25}"
"dispositivo cononyoff. el comandoyesconfirma
acciones destacadas ynoregresa al dashboard.
rutinas:permite iniciar o detener rutinas predefinidas
(estudio, noche, bienvenida) congoystop. la nave-
gación entre rutinas se realiza conup/down.
confirmación:pantalla que aparece ante acciones sen-
sibles. el usuario debe decir expl ´ıcitamenteyespara
ejecutar la acci ón onopara cancelar y regresar.
dataset y preprocesamiento
se utilizar á elspeech commands dataset v0.02, un con-
junto de datos p úblico que contiene grabaciones de corta
duración etiquetadas por categor ´ıa sonora. dado que las redes
neuronales convolucionales (cnn) reciben im ágenes como
entrada, los audios deben transformarse en representaciones
visuales antes del entrenamiento. concretamente, cada gra-",,"{""semana"": 9, ""fecha"": ""2026-04-21"", ""nombre_archivo"": ""9_SEMANA_AI_20260421_2.pdf"", ""autor"": ""Kendell Garbanzo Calvo"", ""tema_principal"": ""I. REPASO: CLASIFICACI ´ON DEMNIST"", ""secciones"": ""I. REPASO: CLASIFICACI ´ON DEMNIST, II. SISTEMAMULTINOMIAL, III. CONVERSI ´ON DEVECTOR AMATRIZ, IV. CLASIFICACI ´ON CONCAPASINTERMEDIAS, V. REDESNEURONALES"", ""chunk_numero"": 14, ""total_chunks"": 25}"
"entrada, los audios deben transformarse en representaciones
visuales antes del entrenamiento. concretamente, cada gra-
bación de audio debe convertirse en unespectrograma, que
es una representaci ón bidimensional de la se ñal donde el eje
horizontal representa el tiempo, el eje vertical la frecuencia
y la intensidad del color la amplitud de cada componente
frecuencial.
se deben preparardos conjuntos de datosclaramente
diferenciados:
conjunto crudo:los audios se convierten directamente a
espectrogramas sin ninguna modificaci ón adicional. este
conjunto representa la l ´ınea base del experimento.
conjunto aumentado:id éntico al anterior en estructura,
pero con la aplicaci ón de t écnicas dedata augmentation
inspiradas en audio. se recomienda el uso despecaug-",,"{""semana"": 9, ""fecha"": ""2026-04-21"", ""nombre_archivo"": ""9_SEMANA_AI_20260421_2.pdf"", ""autor"": ""Kendell Garbanzo Calvo"", ""tema_principal"": ""I. REPASO: CLASIFICACI ´ON DEMNIST"", ""secciones"": ""I. REPASO: CLASIFICACI ´ON DEMNIST, II. SISTEMAMULTINOMIAL, III. CONVERSI ´ON DEVECTOR AMATRIZ, IV. CLASIFICACI ´ON CONCAPASINTERMEDIAS, V. REDESNEURONALES"", ""chunk_numero"": 15, ""total_chunks"": 25}"
"pero con la aplicaci ón de t écnicas dedata augmentation
inspiradas en audio. se recomienda el uso despecaug-
ment, que aplica enmascaramiento aleatorio de bandas
de frecuencia y segmentos de tiempo directamente sobre
el espectrograma. el uso de estas t écnicas debe estar
debidamente justificado con literatura en el informe.
cada uno de los dos conjuntos debe dividirse entres parti-
cionesindependientes: entrenamiento, validaci ón y testing. la
partición de validación se utiliza durante el entrenamiento para
monitorear el desempe ño del modelo y detectar overfitting de
forma temprana. la partici ón de testing se reserva exclusiva-
mente para la evaluaci ón final del modelo seleccionado y no
debe usarse en ning ún momento durante el entrenamiento ni
la selecci ón de hiperpar ámetros.",,"{""semana"": 9, ""fecha"": ""2026-04-21"", ""nombre_archivo"": ""9_SEMANA_AI_20260421_2.pdf"", ""autor"": ""Kendell Garbanzo Calvo"", ""tema_principal"": ""I. REPASO: CLASIFICACI ´ON DEMNIST"", ""secciones"": ""I. REPASO: CLASIFICACI ´ON DEMNIST, II. SISTEMAMULTINOMIAL, III. CONVERSI ´ON DEVECTOR AMATRIZ, IV. CLASIFICACI ´ON CONCAPASINTERMEDIAS, V. REDESNEURONALES"", ""chunk_numero"": 16, ""total_chunks"": 25}"
"debe usarse en ning ún momento durante el entrenamiento ni
la selecci ón de hiperpar ámetros.
diseño de arquitectura
se deben construir manualmentedos modeloscon pytorch,
utilizando únicamentetorch.nnpara la definici ón de capas,
sin librer´ıas de alto nivel que abstraigan la arquitectura. ambos
modelos deben incluir: definici ón completa de la arquitectura
[pagina 4]
con su respectivodiagrama, funci ón de p érdida, optimizador,
rutinas de entrenamiento, validaci ón y test, control de aleato-
riedad para reproducibilidad y registro de m étricas.
modelo a — lenet-5 cl ásico:debe implementarse una
variante de la arquitectura cl ásica lenet-5, adaptada a la
clasificación de audio a partir de representaciones espectra-
les. se permite modificar el tama ño de entrada, el n úmero",,"{""semana"": 9, ""fecha"": ""2026-04-21"", ""nombre_archivo"": ""9_SEMANA_AI_20260421_2.pdf"", ""autor"": ""Kendell Garbanzo Calvo"", ""tema_principal"": ""I. REPASO: CLASIFICACI ´ON DEMNIST"", ""secciones"": ""I. REPASO: CLASIFICACI ´ON DEMNIST, II. SISTEMAMULTINOMIAL, III. CONVERSI ´ON DEVECTOR AMATRIZ, IV. CLASIFICACI ´ON CONCAPASINTERMEDIAS, V. REDESNEURONALES"", ""chunk_numero"": 17, ""total_chunks"": 25}"
"clasificación de audio a partir de representaciones espectra-
les. se permite modificar el tama ño de entrada, el n úmero
de canales y los hiperpar ámetros de las capas existentes.
cualquier otra modificaci ón a la arquitectura original debe
consultarse previamente con el profesor y justificarse en el
informe. lenet-5 es una red convolucional cl ásica compuesta
por capas convolucionales seguidas de capas depoolingy
capas totalmente conectadas al final, lo que la convierte en
un punto de partida simple pero efectivo para tareas de
clasificación sobre representaciones de imagen.
modelo b — arquitectura alternativa:puede imple-
mentarse cualquier arquitectura distinta basada en literatura
cient´ıfica o un dise ño propio fundamentado acad émicamente.",,"{""semana"": 9, ""fecha"": ""2026-04-21"", ""nombre_archivo"": ""9_SEMANA_AI_20260421_2.pdf"", ""autor"": ""Kendell Garbanzo Calvo"", ""tema_principal"": ""I. REPASO: CLASIFICACI ´ON DEMNIST"", ""secciones"": ""I. REPASO: CLASIFICACI ´ON DEMNIST, II. SISTEMAMULTINOMIAL, III. CONVERSI ´ON DEVECTOR AMATRIZ, IV. CLASIFICACI ´ON CONCAPASINTERMEDIAS, V. REDESNEURONALES"", ""chunk_numero"": 18, ""total_chunks"": 25}"
"mentarse cualquier arquitectura distinta basada en literatura
cient´ıfica o un dise ño propio fundamentado acad émicamente.
entre las referencias sugeridas se encuentranefficientnet,
mobilenet,inception,densenetyresnet. si se propone un
modelo propio, debe explicarse claramente la motivaci ón del
diseño, las decisiones tomadas respecto a profundidad, ancho
de los bloques, tipo de bloques, funciones de activaci ón y
regularización, y cómo estas decisiones afectan la capacidad de
generalización y la eficiencia computacional. recuerde que la
selección del modelo debe considerar el contexto de despliegue
en un dispositivo m óvil, donde los recursos computacionales
son limitados.
entrenamiento
se deben entrenar4 modelos base, combinando los dos
modelos con los dos conjuntos de datos:",,"{""semana"": 9, ""fecha"": ""2026-04-21"", ""nombre_archivo"": ""9_SEMANA_AI_20260421_2.pdf"", ""autor"": ""Kendell Garbanzo Calvo"", ""tema_principal"": ""I. REPASO: CLASIFICACI ´ON DEMNIST"", ""secciones"": ""I. REPASO: CLASIFICACI ´ON DEMNIST, II. SISTEMAMULTINOMIAL, III. CONVERSI ´ON DEVECTOR AMATRIZ, IV. CLASIFICACI ´ON CONCAPASINTERMEDIAS, V. REDESNEURONALES"", ""chunk_numero"": 19, ""total_chunks"": 25}"
"son limitados.
entrenamiento
se deben entrenar4 modelos base, combinando los dos
modelos con los dos conjuntos de datos:
modelo a / datos crudos
modelo a / datos aumentados
modelo b / datos crudos
modelo b / datos aumentados
para cada una de estas combinaciones se deben realizar
al menos 3 entrenamientos con distintos hiperpar ámetros
(tasa de aprendizaje, tama ño de batch, n úmero de épocas,
optimizador, entre otros), resultando en un m ´ınimo de12
modelos entrenadosen total. para cada entrenamiento se
deben mostrar las curvas delossy m étricas tanto del conjunto
de entrenamiento como del de validaci ón, con el fin de
verificar la ausencia de overfitting o underfitting. cualquier
problema de este tipo debe identificarse y justificarse por
escrito en el informe.",,"{""semana"": 9, ""fecha"": ""2026-04-21"", ""nombre_archivo"": ""9_SEMANA_AI_20260421_2.pdf"", ""autor"": ""Kendell Garbanzo Calvo"", ""tema_principal"": ""I. REPASO: CLASIFICACI ´ON DEMNIST"", ""secciones"": ""I. REPASO: CLASIFICACI ´ON DEMNIST, II. SISTEMAMULTINOMIAL, III. CONVERSI ´ON DEVECTOR AMATRIZ, IV. CLASIFICACI ´ON CONCAPASINTERMEDIAS, V. REDESNEURONALES"", ""chunk_numero"": 20, ""total_chunks"": 25}"
"verificar la ausencia de overfitting o underfitting. cualquier
problema de este tipo debe identificarse y justificarse por
escrito en el informe.
durante el entrenamiento se recomienda el uso de google
colab en caso de no contar con gpu local, subiendo el dataset
a google drive para accederlo desde el entorno de ejecuci ón.
evaluación y comparaci ón de modelos
para la comparaci ón de los modelos entrenados se debe
utilizar la herramientaweights & biases (wandb), que per-
mite trazar y visualizar en tiempo real m últiples aspectos del
proceso de entrenamiento. las m étricas que deben registrarse
y compararse incluyen:lossde entrenamiento y validaci ón,
accuracy, f1-score y matriz de confusi ón.
el proceso de selecci ón del mejor modelo se realiza en",,"{""semana"": 9, ""fecha"": ""2026-04-21"", ""nombre_archivo"": ""9_SEMANA_AI_20260421_2.pdf"", ""autor"": ""Kendell Garbanzo Calvo"", ""tema_principal"": ""I. REPASO: CLASIFICACI ´ON DEMNIST"", ""secciones"": ""I. REPASO: CLASIFICACI ´ON DEMNIST, II. SISTEMAMULTINOMIAL, III. CONVERSI ´ON DEVECTOR AMATRIZ, IV. CLASIFICACI ´ON CONCAPASINTERMEDIAS, V. REDESNEURONALES"", ""chunk_numero"": 21, ""total_chunks"": 25}"
"accuracy, f1-score y matriz de confusi ón.
el proceso de selecci ón del mejor modelo se realiza en
dos etapas: primero se selecciona el mejor modelo den-
tro de cada combinaci ón (a/crudo, a/aumentado, b/crudo,
b/aumentado) con base en su desempe ño sobre el conjunto de
test. posteriormente, se comparan entre s ´ı los cuatro mejores
modelos seleccionados para determinar el modelo final que
se desplegar á en la aplicaci ón m óvil. esta comparaci ón debe
estar documentada con una tabla de resultados y un an álisis
cualitativo en el informe.
exportación a m óvil con onnx
una vez identificado el mejor modelo, se debe preparar para
su despliegue m óvil siguiendo estos pasos:
congelar el modelo:colocar el modelo en modo de
inferencia y conservar sus pesos entrenados en la con-",,"{""semana"": 9, ""fecha"": ""2026-04-21"", ""nombre_archivo"": ""9_SEMANA_AI_20260421_2.pdf"", ""autor"": ""Kendell Garbanzo Calvo"", ""tema_principal"": ""I. REPASO: CLASIFICACI ´ON DEMNIST"", ""secciones"": ""I. REPASO: CLASIFICACI ´ON DEMNIST, II. SISTEMAMULTINOMIAL, III. CONVERSI ´ON DEVECTOR AMATRIZ, IV. CLASIFICACI ´ON CONCAPASINTERMEDIAS, V. REDESNEURONALES"", ""chunk_numero"": 22, ""total_chunks"": 25}"
"su despliegue m óvil siguiendo estos pasos:
congelar el modelo:colocar el modelo en modo de
inferencia y conservar sus pesos entrenados en la con-
figuración final seleccionada.
definir el pipeline de entrada:documentar claramente
el formato del audio de entrada, frecuencia de muestreo,
tipo de preprocesamiento aplicado y la forma esperada
del tensor de entrada al modelo.
exportar a onnx:exportar el modelo al formato
.onnxy verificar que las entradas y salidas del archivo
generado coincidan con las del modelo original, compa-
rando predicciones sobre ejemplos de prueba conocidos.
integrar en la aplicaci ón:cargar el archivo.onnxen
la aplicaci ón m óvil medianteonnx runtime mobile,
asegurando que el preprocesamiento reproducido en la",,"{""semana"": 9, ""fecha"": ""2026-04-21"", ""nombre_archivo"": ""9_SEMANA_AI_20260421_2.pdf"", ""autor"": ""Kendell Garbanzo Calvo"", ""tema_principal"": ""I. REPASO: CLASIFICACI ´ON DEMNIST"", ""secciones"": ""I. REPASO: CLASIFICACI ´ON DEMNIST, II. SISTEMAMULTINOMIAL, III. CONVERSI ´ON DEVECTOR AMATRIZ, IV. CLASIFICACI ´ON CONCAPASINTERMEDIAS, V. REDESNEURONALES"", ""chunk_numero"": 23, ""total_chunks"": 25}"
"la aplicaci ón m óvil medianteonnx runtime mobile,
asegurando que el preprocesamiento reproducido en la
app sea id éntico al utilizado durante el entrenamiento, y
que la salida del modelo se transforme correctamente en
acciones dentro de la interfaz de usuario.
entrega
la entrega consiste en un archivo.zipque contenga:
código fuente en latex con plantilla ieee.
pdf del informe con visualizaciones e interpretaci ón de
resultados.
jupyter notebook con el c ódigo completo del modelo.
código fuente de la aplicaci ón m óvil integrada con los
comandos de ia.
el informe ser á evaluado en contenido y verificado contra
los notebooks y el desempe ño de la aplicaci ón. un informe
desordenado o sin estructura adecuada puede considerarse
incompleto y afectar cualquiera de las r úbricas.
[pagina 5]",,"{""semana"": 9, ""fecha"": ""2026-04-21"", ""nombre_archivo"": ""9_SEMANA_AI_20260421_2.pdf"", ""autor"": ""Kendell Garbanzo Calvo"", ""tema_principal"": ""I. REPASO: CLASIFICACI ´ON DEMNIST"", ""secciones"": ""I. REPASO: CLASIFICACI ´ON DEMNIST, II. SISTEMAMULTINOMIAL, III. CONVERSI ´ON DEVECTOR AMATRIZ, IV. CLASIFICACI ´ON CONCAPASINTERMEDIAS, V. REDESNEURONALES"", ""chunk_numero"": 24, ""total_chunks"": 25}"
"desordenado o sin estructura adecuada puede considerarse
incompleto y afectar cualquiera de las r úbricas.
[pagina 5]
cuadro iii
r ´ubrica de evaluaci ´on delproyectoi
criterio puntaje m áx.
diseño y arquitectura modelo a 5
diseño y arquitectura modelo b 10
selección de t écnicas de aumentaci ón 10
entrenamiento a/crudo y a/aumentado 15
entrenamiento b/crudo y b/aumentado 15
métricas y selecci ón mejor modelo a (test) 10
métricas y selecci ón mejor modelo b (test) 10
comparación de modelos finales 10
integración en aplicaci ón m óvil 15
total 100",,"{""semana"": 9, ""fecha"": ""2026-04-21"", ""nombre_archivo"": ""9_SEMANA_AI_20260421_2.pdf"", ""autor"": ""Kendell Garbanzo Calvo"", ""tema_principal"": ""I. REPASO: CLASIFICACI ´ON DEMNIST"", ""secciones"": ""I. REPASO: CLASIFICACI ´ON DEMNIST, II. SISTEMAMULTINOMIAL, III. CONVERSI ´ON DEVECTOR AMATRIZ, IV. CLASIFICACI ´ON CONCAPASINTERMEDIAS, V. REDESNEURONALES"", ""chunk_numero"": 25, ""total_chunks"": 25}"
"[pagina 1]
apuntes semana 9: clasificación con redes
neuronales
y proyecto i – reconocimiento de comandos de
allan bolaños barrientos
escuela de ingeniería en computación
instituto tecnológico de costa rica
resumen—en estos apuntes se repasan conceptos introduc-
torios de clasificación con redes neuronales a partir del caso
de mnist. se revisa el paso de regresión logística binaria a
clasificación multiclase, el uso de one-hot encoding, la represen-
tación matricial de una capa y la motivación para usar capas
intermedias no lineales en redes neuronales. además, se resumen
los lineamientos del proyecto i del curso, incluyendo el uso del
dataset speech commands [1], latécnica de aumento de datos
specaugment [2], el diseño de modelos convolucionales, el prepro-",,"{""semana"": 9, ""fecha"": ""2026-04-21"", ""nombre_archivo"": ""9_SEMANA_AI_20260421_3.pdf"", ""autor"": ""Allan Bolaños Barrientos"", ""tema_principal"": ""I. R EPASO : CLASIFICACIÓN DE MNIST"", ""secciones"": ""I. R EPASO : CLASIFICACIÓN DE MNIST, II. S ISTEMA MULTINOMIAL, III. C ONVERSIÓN DE VECTOR A MATRIZ, IV. C LASIFICACIÓN CON CAPAS INTERMEDIAS, V. R EDES NEURONALES"", ""chunk_numero"": 1, ""total_chunks"": 29}"
"dataset speech commands [1], latécnica de aumento de datos
specaugment [2], el diseño de modelos convolucionales, el prepro-
cesamiento mediante espectrogramas, la evaluación de resultados
y la exportación del modelo a onnx para su integración en una
aplicaciónmóvil. se incluyen también resúmenes de las lecturas
asignadas [3].
index terms—redes neuronales, clasificación, mnist, one-hot
encoding, cnn, keyword spotting, specaugment, onnx
i. r epaso : clasificación de mnist
el dataset mnist consiste en muestras dedígitos escritos a
mano, donde cada imagen está representada por una matriz depíxeles. tomando cadapíxel como un feature, es posible cons-
truir una regresión logística que realice clasificación binaria de
undígito específico.",,"{""semana"": 9, ""fecha"": ""2026-04-21"", ""nombre_archivo"": ""9_SEMANA_AI_20260421_3.pdf"", ""autor"": ""Allan Bolaños Barrientos"", ""tema_principal"": ""I. R EPASO : CLASIFICACIÓN DE MNIST"", ""secciones"": ""I. R EPASO : CLASIFICACIÓN DE MNIST, II. S ISTEMA MULTINOMIAL, III. C ONVERSIÓN DE VECTOR A MATRIZ, IV. C LASIFICACIÓN CON CAPAS INTERMEDIAS, V. R EDES NEURONALES"", ""chunk_numero"": 2, ""total_chunks"": 29}"
"truir una regresión logística que realice clasificación binaria de
undígito específico.
la regresión logística se compone de tres elementos funda-
mentales:
parte lineal, que modela la interacción entre los features y
los pesos del modelo:
fw,b(x) =wt x + b (1)
parte no lineal , dada por la función sigmoide, que trans-
forma la salida lineal en una probabilidad entre 0 y 1:
g(x) = 1
1 +e−x (2)
anidación de funciones , donde primero se ejecuta la
transformación lineal y su resultado se pasa a la función
sigmoide:
h(x) =g(f (x)) (3)
esta composición permite al modelo tomar decisiones bi-
narias (pertenece o no a la clase) a partir de entradas de alta
dimensionalidad como imágenes.
ii. s istema multinomial
un sistema multinomial extiende la clasificación binaria",,"{""semana"": 9, ""fecha"": ""2026-04-21"", ""nombre_archivo"": ""9_SEMANA_AI_20260421_3.pdf"", ""autor"": ""Allan Bolaños Barrientos"", ""tema_principal"": ""I. R EPASO : CLASIFICACIÓN DE MNIST"", ""secciones"": ""I. R EPASO : CLASIFICACIÓN DE MNIST, II. S ISTEMA MULTINOMIAL, III. C ONVERSIÓN DE VECTOR A MATRIZ, IV. C LASIFICACIÓN CON CAPAS INTERMEDIAS, V. R EDES NEURONALES"", ""chunk_numero"": 3, ""total_chunks"": 29}"
"dimensionalidad como imágenes.
ii. s istema multinomial
un sistema multinomial extiende la clasificación binaria
para manejarmúltiples clases de forma simultánea. en lugar
de responder si una entrada pertenece o no a una clase, el
modelo debe determinar a cuál de n clases posibles pertenece.
ii-a. solución: one-hot encoding
para representarmúltiples clases se utiliza la codificación
one-hot: cada clase se representa como un vector binario de
longitud n, dondeúnicamente la posición correspondiente a
la clase correcta toma el valor 1 y todas las demás toman el
valor 0. esto elimina cualquier relación ordinal artificial entre
las clases.
aplicado a mnist (dígitos del 0 al 9), la solución consiste
en entrenar 10 regresiones logísticas en paralelo, cada una",,"{""semana"": 9, ""fecha"": ""2026-04-21"", ""nombre_archivo"": ""9_SEMANA_AI_20260421_3.pdf"", ""autor"": ""Allan Bolaños Barrientos"", ""tema_principal"": ""I. R EPASO : CLASIFICACIÓN DE MNIST"", ""secciones"": ""I. R EPASO : CLASIFICACIÓN DE MNIST, II. S ISTEMA MULTINOMIAL, III. C ONVERSIÓN DE VECTOR A MATRIZ, IV. C LASIFICACIÓN CON CAPAS INTERMEDIAS, V. R EDES NEURONALES"", ""chunk_numero"": 4, ""total_chunks"": 29}"
"las clases.
aplicado a mnist (dígitos del 0 al 9), la solución consiste
en entrenar 10 regresiones logísticas en paralelo, cada una
especializada en reconocer undígito específico. la tabla i
muestra la codificación resultante.
cuadro i
codificación one-hot paradígitos del 0 al 9
clase codificación one-hot
ii-b. escalamiento con la cantidad depíxeles
con un solopíxel de entrada, cada regresión logística recibe
unúnico valor con su peso w y su bias b. al aumentar la
cantidad depíxeles el sistema escalarápidamente: con 784píxeles la representacióngráfica se vuelve imposible, pero
el principio se mantiene: toda la información de entrada se
distribuye a todas las regresiones logísticas para que cada una
[pagina 2]
tome su decisión de forma independiente. es como pasar una",,"{""semana"": 9, ""fecha"": ""2026-04-21"", ""nombre_archivo"": ""9_SEMANA_AI_20260421_3.pdf"", ""autor"": ""Allan Bolaños Barrientos"", ""tema_principal"": ""I. R EPASO : CLASIFICACIÓN DE MNIST"", ""secciones"": ""I. R EPASO : CLASIFICACIÓN DE MNIST, II. S ISTEMA MULTINOMIAL, III. C ONVERSIÓN DE VECTOR A MATRIZ, IV. C LASIFICACIÓN CON CAPAS INTERMEDIAS, V. R EDES NEURONALES"", ""chunk_numero"": 5, ""total_chunks"": 29}"
"distribuye a todas las regresiones logísticas para que cada una
[pagina 2]
tome su decisión de forma independiente. es como pasar una
fotocopia de la imagen a cada neurona para que decida si sabe
reconocerla.
iii. c onversión de vector a matriz
calcular cada regresión logística de forma individual re-
quiere n operaciones separadas. para hacer esto eficiente se
recurre alálgebra lineal: se reemplazan los vectores de pesos
individuales por una matriz de pesos w , permitiendo computar
toda la capa en una sola operación matricial:
z = xw + b (4)
donde x es el vector de entrada, w ∈ r784×10 contiene los
pesos de todas las regresiones logísticas para mnist, y b es
el vector de bias. esta representación es la base delcómputo
eficiente en hardware moderno como gpus.",,"{""semana"": 9, ""fecha"": ""2026-04-21"", ""nombre_archivo"": ""9_SEMANA_AI_20260421_3.pdf"", ""autor"": ""Allan Bolaños Barrientos"", ""tema_principal"": ""I. R EPASO : CLASIFICACIÓN DE MNIST"", ""secciones"": ""I. R EPASO : CLASIFICACIÓN DE MNIST, II. S ISTEMA MULTINOMIAL, III. C ONVERSIÓN DE VECTOR A MATRIZ, IV. C LASIFICACIÓN CON CAPAS INTERMEDIAS, V. R EDES NEURONALES"", ""chunk_numero"": 6, ""total_chunks"": 29}"
"el vector de bias. esta representación es la base delcómputo
eficiente en hardware moderno como gpus.
cabe destacar que una entrada lineal conectada con 10
regresiones logísticas sigue siendo un problema lineal : se
define una frontera de decisión lineal en el espacio de entrada,
lo cual es insuficiente para resolver escenarios no lineales.
iv. c lasificación con capas intermedias
la clave para introducir no linealidad está en aplicar la
función sigmoide a la salida de una capa intermedia. al
hacerlo, los valores de salida quedan en el rango [0, 1] y la
transformación pasa a ser no lineal. por ejemplo, para clasificar
si una imagen es eldígito 5: en lugar de usar una sola regresión",,"{""semana"": 9, ""fecha"": ""2026-04-21"", ""nombre_archivo"": ""9_SEMANA_AI_20260421_3.pdf"", ""autor"": ""Allan Bolaños Barrientos"", ""tema_principal"": ""I. R EPASO : CLASIFICACIÓN DE MNIST"", ""secciones"": ""I. R EPASO : CLASIFICACIÓN DE MNIST, II. S ISTEMA MULTINOMIAL, III. C ONVERSIÓN DE VECTOR A MATRIZ, IV. C LASIFICACIÓN CON CAPAS INTERMEDIAS, V. R EDES NEURONALES"", ""chunk_numero"": 7, ""total_chunks"": 29}"
"transformación pasa a ser no lineal. por ejemplo, para clasificar
si una imagen es eldígito 5: en lugar de usar una sola regresión
logística directamente, se pasa la entrada a una capa conmúltiples neuronas, y esa salida (ya no lineal) se alimenta
a la siguiente capa.
las capas del sistema se identifican como:
capa de entrada: recibe los features originales; su
tamaño está determinado por la dimensionalidad del
problema (784 para mnist).
capa intermedia: realiza elcómputo entre la entrada y
la salida; introduce no linealidad al sistema.
capa de salida: produce la decisión final, ya sea binaria
(sigmoide) o multinomial.
v. r edes neuronales
una red neuronal es la generalización de este sistema de
capas: múltiples capas intermedias apiladas, cada una introdu-",,"{""semana"": 9, ""fecha"": ""2026-04-21"", ""nombre_archivo"": ""9_SEMANA_AI_20260421_3.pdf"", ""autor"": ""Allan Bolaños Barrientos"", ""tema_principal"": ""I. R EPASO : CLASIFICACIÓN DE MNIST"", ""secciones"": ""I. R EPASO : CLASIFICACIÓN DE MNIST, II. S ISTEMA MULTINOMIAL, III. C ONVERSIÓN DE VECTOR A MATRIZ, IV. C LASIFICACIÓN CON CAPAS INTERMEDIAS, V. R EDES NEURONALES"", ""chunk_numero"": 8, ""total_chunks"": 29}"
"v. r edes neuronales
una red neuronal es la generalización de este sistema de
capas: múltiples capas intermedias apiladas, cada una introdu-
ciendo no linealidad adicional, permiten al modelo aprender
representaciones jerárquicas de los datos.
las características fundamentales de una red neuronal son:
profundidad: entremás capas intermedias tenga la red,
más complejos son los problemas que puede resolver. es
un hiperparámetro del modelo.
diversidad entre capas: cada capa debe aprender repre-
sentaciones distintas para que la profundidad seaútil.
optimizabilidad: siempre que las funciones de acti-
vación sean derivables, es posible aplicar descenso de
gradiente para optimizar todos los pesos mediante back-
propagation.",,"{""semana"": 9, ""fecha"": ""2026-04-21"", ""nombre_archivo"": ""9_SEMANA_AI_20260421_3.pdf"", ""autor"": ""Allan Bolaños Barrientos"", ""tema_principal"": ""I. R EPASO : CLASIFICACIÓN DE MNIST"", ""secciones"": ""I. R EPASO : CLASIFICACIÓN DE MNIST, II. S ISTEMA MULTINOMIAL, III. C ONVERSIÓN DE VECTOR A MATRIZ, IV. C LASIFICACIÓN CON CAPAS INTERMEDIAS, V. R EDES NEURONALES"", ""chunk_numero"": 9, ""total_chunks"": 29}"
"vación sean derivables, es posible aplicar descenso de
gradiente para optimizar todos los pesos mediante back-
propagation.
neuronas: cada capa está compuesta por unidades decómputo individuales con sus propios pesos y bias.
una posible solución fully connected para mnist puede
utilizar dos capas intermedias y una capa final multinomial
que clasifica los 10dígitos.
vi. p royecto i: r econocimiento de comandos de
vi-a. descripción general
el proyecto consiste en diseñar e implementar una solución
completa de inteligencia artificial para reconocimiento de
comandos de voz, utilizando el speech commands dataset
v0.02 [1]. el modelo final debe integrarse en una aplicación
android o ios mediante onnx runtime mobile, realizando
inferencia localmente sin depender de servicios externos.",,"{""semana"": 9, ""fecha"": ""2026-04-21"", ""nombre_archivo"": ""9_SEMANA_AI_20260421_3.pdf"", ""autor"": ""Allan Bolaños Barrientos"", ""tema_principal"": ""I. R EPASO : CLASIFICACIÓN DE MNIST"", ""secciones"": ""I. R EPASO : CLASIFICACIÓN DE MNIST, II. S ISTEMA MULTINOMIAL, III. C ONVERSIÓN DE VECTOR A MATRIZ, IV. C LASIFICACIÓN CON CAPAS INTERMEDIAS, V. R EDES NEURONALES"", ""chunk_numero"": 10, ""total_chunks"": 29}"
"android o ios mediante onnx runtime mobile, realizando
inferencia localmente sin depender de servicios externos.
vi-b. comandos autorizados
el sistema debe reconocer exactamente 10 comandos, mos-
trados en la tabla ii.
cuadro ii
lista de comandos autorizados
comando caso de uso
yes / no confirmación y cancelación
up / down / left / right navegación en la interfaz
on / off control de dispositivos
stop / go control de rutinas
vi-c. concepto de aplicaciónmóvil
la aplicación debe construirse como una interfaz de navega-
ción por voz inspirada en un escenario de smart home. debe
incluir al menos las siguientes pantallas:
dashboard: pantalla principal con tarjetas
(luces, ventilador, tv , rutinas). se navega con
up/down/left/right y se abre una sección
con yes.",,"{""semana"": 9, ""fecha"": ""2026-04-21"", ""nombre_archivo"": ""9_SEMANA_AI_20260421_3.pdf"", ""autor"": ""Allan Bolaños Barrientos"", ""tema_principal"": ""I. R EPASO : CLASIFICACIÓN DE MNIST"", ""secciones"": ""I. R EPASO : CLASIFICACIÓN DE MNIST, II. S ISTEMA MULTINOMIAL, III. C ONVERSIÓN DE VECTOR A MATRIZ, IV. C LASIFICACIÓN CON CAPAS INTERMEDIAS, V. R EDES NEURONALES"", ""chunk_numero"": 11, ""total_chunks"": 29}"
"dashboard: pantalla principal con tarjetas
(luces, ventilador, tv , rutinas). se navega con
up/down/left/right y se abre una sección
con yes.
control de dispositivo: permite encender o apagar con
on/off; yes confirma y no regresa.
rutinas: inicia/detiene rutinas con go/stop; navega
entre ellas con up/down.
confirmación: aparece ante acciones sensibles; requiere
yes para ejecutar o no para cancelar.
la app no debe depender de servicios externos; la inferencia
se ejecuta localmente mediante onnx runtime mobile.
vi-d. dataset y preprocesamiento
se utilizará el speech commands dataset v0.02 [1]. dado
que las cnn reciben imágenes como entrada, los audios deben
transformarse en espectrogramas: representaciones 2d donde
el eje horizontal es el tiempo, el eje vertical la frecuencia,",,"{""semana"": 9, ""fecha"": ""2026-04-21"", ""nombre_archivo"": ""9_SEMANA_AI_20260421_3.pdf"", ""autor"": ""Allan Bolaños Barrientos"", ""tema_principal"": ""I. R EPASO : CLASIFICACIÓN DE MNIST"", ""secciones"": ""I. R EPASO : CLASIFICACIÓN DE MNIST, II. S ISTEMA MULTINOMIAL, III. C ONVERSIÓN DE VECTOR A MATRIZ, IV. C LASIFICACIÓN CON CAPAS INTERMEDIAS, V. R EDES NEURONALES"", ""chunk_numero"": 12, ""total_chunks"": 29}"
"transformarse en espectrogramas: representaciones 2d donde
el eje horizontal es el tiempo, el eje vertical la frecuencia,
y la intensidad del color la amplitud de cada componente
frecuencial.
se deben preparar dos conjuntos de datos:
conjunto crudo: audios convertidos directamente a es-
pectrogramas sin modificación adicional. representa lalínea base del experimento.
[pagina 3]
conjunto aumentado: igual al anterior pero contéc-
nicas de data augmentation inspiradas en audio [2]. se
recomienda specaugment, que aplica enmascaramiento
aleatorio de bandas de frecuencia y segmentos de tiempo
directamente sobre el espectrograma. su uso debe estar
justificado con literatura en el informe.
cada conjunto se divide en tres particiones: entrenamiento,",,"{""semana"": 9, ""fecha"": ""2026-04-21"", ""nombre_archivo"": ""9_SEMANA_AI_20260421_3.pdf"", ""autor"": ""Allan Bolaños Barrientos"", ""tema_principal"": ""I. R EPASO : CLASIFICACIÓN DE MNIST"", ""secciones"": ""I. R EPASO : CLASIFICACIÓN DE MNIST, II. S ISTEMA MULTINOMIAL, III. C ONVERSIÓN DE VECTOR A MATRIZ, IV. C LASIFICACIÓN CON CAPAS INTERMEDIAS, V. R EDES NEURONALES"", ""chunk_numero"": 13, ""total_chunks"": 29}"
"justificado con literatura en el informe.
cada conjunto se divide en tres particiones: entrenamiento,
validación y testing. la partición de testing se reserva exclu-
sivamente para la evaluación final del modelo seleccionado.
notapráctica: en google colab se tarda aproximadamente
20 minutos por entrenamiento. el entrenamiento no debe
realizarse con cpu; se recomienda gpu.
vi-e. diseño de arquitectura
se deben construir manualmente dos modelos con pytorch,
utilizandoúnicamente torch.nn:
modelo a — lenet-5clásico: variante adaptada a la
clasificación de audio a partir de representaciones espectrales.
el tamaño de entradamínimo recomendado es de 128. se
permite modificar tamaño de entrada, número de canales e
hiperparámetros; cualquier otra modificación debe consultarse
con el profesor.",,"{""semana"": 9, ""fecha"": ""2026-04-21"", ""nombre_archivo"": ""9_SEMANA_AI_20260421_3.pdf"", ""autor"": ""Allan Bolaños Barrientos"", ""tema_principal"": ""I. R EPASO : CLASIFICACIÓN DE MNIST"", ""secciones"": ""I. R EPASO : CLASIFICACIÓN DE MNIST, II. S ISTEMA MULTINOMIAL, III. C ONVERSIÓN DE VECTOR A MATRIZ, IV. C LASIFICACIÓN CON CAPAS INTERMEDIAS, V. R EDES NEURONALES"", ""chunk_numero"": 14, ""total_chunks"": 29}"
"permite modificar tamaño de entrada, número de canales e
hiperparámetros; cualquier otra modificación debe consultarse
con el profesor.
modelo b — arquitectura alternativa: cualquier arqui-
tectura distinta basada en literatura (efficientnet, mobilenet,
inception, densenet, resnet [3]) o diseño propio fundamenta-
do académicamente. debe considerar el contexto de despliegue
en dispositivomóvil con recursos limitados. no puede ser un
lenet-5 aumentado; debe demostrarse por qué es diferente y
funcional.
vi-f. entrenamiento
se deben entrenar cuatro modelos base:
modelo a / datos crudos
modelo a / datos aumentados
modelo b / datos crudos
modelo b / datos aumentados
para cada combinación se realizan al menos 3 entrenamien-
tos con distintos hiperparámetros (tasa de aprendizaje, tamaño",,"{""semana"": 9, ""fecha"": ""2026-04-21"", ""nombre_archivo"": ""9_SEMANA_AI_20260421_3.pdf"", ""autor"": ""Allan Bolaños Barrientos"", ""tema_principal"": ""I. R EPASO : CLASIFICACIÓN DE MNIST"", ""secciones"": ""I. R EPASO : CLASIFICACIÓN DE MNIST, II. S ISTEMA MULTINOMIAL, III. C ONVERSIÓN DE VECTOR A MATRIZ, IV. C LASIFICACIÓN CON CAPAS INTERMEDIAS, V. R EDES NEURONALES"", ""chunk_numero"": 15, ""total_chunks"": 29}"
"modelo b / datos aumentados
para cada combinación se realizan al menos 3 entrenamien-
tos con distintos hiperparámetros (tasa de aprendizaje, tamaño
de batch, número deépocas, optimizador), resultando en unmínimo de 12 modelos entrenados en total (4 combinaciones
× 3 configuraciones de hiperparámetros). para cada entrena-
miento se deben mostrar las curvas de loss ymétricas del
conjunto de entrenamiento y validación para verificar ausencia
de overfitting o underfitting.
vi-g. evaluación y comparación de modelos
para la comparación se debe utilizar weights & biases
(wandb), que permite trazar y visualizar en tiempo real el
proceso de entrenamiento. lasmétricas a registrar incluyen:
loss de entrenamiento y validación, accuracy, f1-score y
matriz de confusión.",,"{""semana"": 9, ""fecha"": ""2026-04-21"", ""nombre_archivo"": ""9_SEMANA_AI_20260421_3.pdf"", ""autor"": ""Allan Bolaños Barrientos"", ""tema_principal"": ""I. R EPASO : CLASIFICACIÓN DE MNIST"", ""secciones"": ""I. R EPASO : CLASIFICACIÓN DE MNIST, II. S ISTEMA MULTINOMIAL, III. C ONVERSIÓN DE VECTOR A MATRIZ, IV. C LASIFICACIÓN CON CAPAS INTERMEDIAS, V. R EDES NEURONALES"", ""chunk_numero"": 16, ""total_chunks"": 29}"
"proceso de entrenamiento. lasmétricas a registrar incluyen:
loss de entrenamiento y validación, accuracy, f1-score y
matriz de confusión.
la selección del mejor modelo se realiza en dos etapas:
primero se selecciona el mejor modelo dentro de cada com-
binación con base en el conjunto de test; luego se comparan
los cuatro mejores modelos para determinar el modelo final a
desplegar.
vi-h. exportación amóvil con onnx
los pasos para el despliegue son:
1. congelar el modelo: colocar en modo inferencia y
conservar pesos entrenados.
2. definir el pipeline de entrada: documentar formato
de audio, frecuencia de muestreo, preprocesamiento y
forma del tensor de entrada.
3. exportar a onnx: verificar que entradas y salidas
coincidan con el modelo original mediante ejemplos de
prueba.",,"{""semana"": 9, ""fecha"": ""2026-04-21"", ""nombre_archivo"": ""9_SEMANA_AI_20260421_3.pdf"", ""autor"": ""Allan Bolaños Barrientos"", ""tema_principal"": ""I. R EPASO : CLASIFICACIÓN DE MNIST"", ""secciones"": ""I. R EPASO : CLASIFICACIÓN DE MNIST, II. S ISTEMA MULTINOMIAL, III. C ONVERSIÓN DE VECTOR A MATRIZ, IV. C LASIFICACIÓN CON CAPAS INTERMEDIAS, V. R EDES NEURONALES"", ""chunk_numero"": 17, ""total_chunks"": 29}"
"forma del tensor de entrada.
3. exportar a onnx: verificar que entradas y salidas
coincidan con el modelo original mediante ejemplos de
prueba.
4. integrar en la app: cargar el .onnx con onnx run-
time mobile, reproduciendo el mismo preprocesamiento
del entrenamiento.
vi-i. entrega
la entrega es un archivo .zip con:
código fuente del informe en l atex usando plantilla
ieee.
pdf del informe con visualizaciones e interpretación de
resultados.
jupyter notebook con elcódigo completo del modelo.
código fuente de la aplicaciónmóvil integrada con los
comandos de ia.
vi-j. rúbrica de evaluación
la tabla iii muestra los criterios de evaluación del proyecto.
cuadro iiirúbrica de evaluación del proyecto i
criterio puntajemáx.
diseño y arquitectura modelo a 5
diseño y arquitectura modelo b 10",,"{""semana"": 9, ""fecha"": ""2026-04-21"", ""nombre_archivo"": ""9_SEMANA_AI_20260421_3.pdf"", ""autor"": ""Allan Bolaños Barrientos"", ""tema_principal"": ""I. R EPASO : CLASIFICACIÓN DE MNIST"", ""secciones"": ""I. R EPASO : CLASIFICACIÓN DE MNIST, II. S ISTEMA MULTINOMIAL, III. C ONVERSIÓN DE VECTOR A MATRIZ, IV. C LASIFICACIÓN CON CAPAS INTERMEDIAS, V. R EDES NEURONALES"", ""chunk_numero"": 18, ""total_chunks"": 29}"
"cuadro iiirúbrica de evaluación del proyecto i
criterio puntajemáx.
diseño y arquitectura modelo a 5
diseño y arquitectura modelo b 10
selección detécnicas de aumentación 10
entrenamiento modelo a (crudo y aumentado) 15
entrenamiento modelo b (crudo y aumentado) 15métricas y selección mejor modelo a (test) 10métricas y selección mejor modelo b (test) 10
comparación de modelos finales 10
integración en aplicaciónmóvil 15
total 100
vii. r esumen de lecturas asignadas
vii-a. speech commands: a dataset for limited-vocabulary
speech recognition [1]
este trabajo presenta el dataset speech commands, diseñado
específicamente para entrenar y evaluar sistemas de keyword
spotting en dispositivos. a diferencia de los datasets de
reconocimiento de voz general (librispeech, common v oice),",,"{""semana"": 9, ""fecha"": ""2026-04-21"", ""nombre_archivo"": ""9_SEMANA_AI_20260421_3.pdf"", ""autor"": ""Allan Bolaños Barrientos"", ""tema_principal"": ""I. R EPASO : CLASIFICACIÓN DE MNIST"", ""secciones"": ""I. R EPASO : CLASIFICACIÓN DE MNIST, II. S ISTEMA MULTINOMIAL, III. C ONVERSIÓN DE VECTOR A MATRIZ, IV. C LASIFICACIÓN CON CAPAS INTERMEDIAS, V. R EDES NEURONALES"", ""chunk_numero"": 19, ""total_chunks"": 29}"
"spotting en dispositivos. a diferencia de los datasets de
reconocimiento de voz general (librispeech, common v oice),
este se enfoca en el reconocimiento de palabras aisladas
bajo restricciones de recursos computacionales y energéticos
propios de dispositivosmóviles.
el dataset fue recolectado mediante una aplicación web
open-source que usaba la webaudioapi. los audios se captu-
raron a través de micrófonos de teléfono o laptop en ambientes
variados, buscando diversidad de acentos y condiciones de rui-
do. cada grabación tiene una duración estándar de un segundo.
[pagina 4]
el proceso de control de calidad combinó filtros automáticos
(tamaño del archivo ogg comprimido) con revisión humanavía crowdsourcing.
la versión 2 del dataset (v0.02) contiene 105,829 grabacio-",,"{""semana"": 9, ""fecha"": ""2026-04-21"", ""nombre_archivo"": ""9_SEMANA_AI_20260421_3.pdf"", ""autor"": ""Allan Bolaños Barrientos"", ""tema_principal"": ""I. R EPASO : CLASIFICACIÓN DE MNIST"", ""secciones"": ""I. R EPASO : CLASIFICACIÓN DE MNIST, II. S ISTEMA MULTINOMIAL, III. C ONVERSIÓN DE VECTOR A MATRIZ, IV. C LASIFICACIÓN CON CAPAS INTERMEDIAS, V. R EDES NEURONALES"", ""chunk_numero"": 20, ""total_chunks"": 29}"
"(tamaño del archivo ogg comprimido) con revisión humanavía crowdsourcing.
la versión 2 del dataset (v0.02) contiene 105,829 grabacio-
nes de 35 palabras realizadas por 2,618 hablantes distintos. el
vocabulario core incluye losdígitos del cero al nueve, y diez
palabras de comando relevantes para iot: yes, no, up, down,
left, right, on, off, stop y go. estosúltimos son precisamente
los 10 comandos que se usarán en el proyecto i.
para la evaluación, el dataset incluye los archivos
validation_list.txt y testing_list.txt, que
definen las particiones mediante una función hash sobre el
nombre del archivo. esto garantiza que los archivos permanez-
can en la misma partición entre versiones del dataset, evitando
contaminación cruzada. lamétrica principal es el top-one",,"{""semana"": 9, ""fecha"": ""2026-04-21"", ""nombre_archivo"": ""9_SEMANA_AI_20260421_3.pdf"", ""autor"": ""Allan Bolaños Barrientos"", ""tema_principal"": ""I. R EPASO : CLASIFICACIÓN DE MNIST"", ""secciones"": ""I. R EPASO : CLASIFICACIÓN DE MNIST, II. S ISTEMA MULTINOMIAL, III. C ONVERSIÓN DE VECTOR A MATRIZ, IV. C LASIFICACIÓN CON CAPAS INTERMEDIAS, V. R EDES NEURONALES"", ""chunk_numero"": 21, ""total_chunks"": 29}"
"can en la misma partición entre versiones del dataset, evitando
contaminación cruzada. lamétrica principal es el top-one
error, que mide la proporción de predicciones incorrectas. el
modelo baseline del tutorial de tensorflow alcanza un 88.2 %
de exactitud en estamétrica.
vii-b. specaugment: a simple data augmentation method
for automatic speech recognition [2]
specaugment es unatécnica de aumento de datos que
opera directamente sobre el log-mel espectrograma del audio,
tratándolo como si fuera una imagen. su principal ventaja
es que es simple, computacionalmente barata y no requiere
datos adicionales, por lo que puede aplicarse online durante
el entrenamiento.
la política de aumentación consiste en tres tipos de defor-
maciones:
1. time warping: deformación de la serie temporal en",,"{""semana"": 9, ""fecha"": ""2026-04-21"", ""nombre_archivo"": ""9_SEMANA_AI_20260421_3.pdf"", ""autor"": ""Allan Bolaños Barrientos"", ""tema_principal"": ""I. R EPASO : CLASIFICACIÓN DE MNIST"", ""secciones"": ""I. R EPASO : CLASIFICACIÓN DE MNIST, II. S ISTEMA MULTINOMIAL, III. C ONVERSIÓN DE VECTOR A MATRIZ, IV. C LASIFICACIÓN CON CAPAS INTERMEDIAS, V. R EDES NEURONALES"", ""chunk_numero"": 22, ""total_chunks"": 29}"
"el entrenamiento.
la política de aumentación consiste en tres tipos de defor-
maciones:
1. time warping: deformación de la serie temporal en
dirección horizontal. un punto aleatorio dentro del es-
pectrograma es desplazado a izquierda o derecha por una
distancia w tomada de una distribución uniforme [0, w].
2. frequency masking: se enmascaran f canales de fre-
cuencia mel consecutivos [f0, f0 + f ), donde f se elige
uniformemente en [0, f] y f0 en [0, ν− f ).
3. time masking: se enmascaran t pasos de tiempo con-
secutivos [t0, t0 + t), donde t se elige uniformemente en
[0, t] y t0 en [0, τ− t).
los valores enmascarados se ponen a cero, lo que equivale
al valor medio del espectrograma normalizado. es posible apli-
carmúltiplesmáscaras de frecuencia y tiempo; estas pueden",,"{""semana"": 9, ""fecha"": ""2026-04-21"", ""nombre_archivo"": ""9_SEMANA_AI_20260421_3.pdf"", ""autor"": ""Allan Bolaños Barrientos"", ""tema_principal"": ""I. R EPASO : CLASIFICACIÓN DE MNIST"", ""secciones"": ""I. R EPASO : CLASIFICACIÓN DE MNIST, II. S ISTEMA MULTINOMIAL, III. C ONVERSIÓN DE VECTOR A MATRIZ, IV. C LASIFICACIÓN CON CAPAS INTERMEDIAS, V. R EDES NEURONALES"", ""chunk_numero"": 23, ""total_chunks"": 29}"
"al valor medio del espectrograma normalizado. es posible apli-
carmúltiplesmáscaras de frecuencia y tiempo; estas pueden
solaparse. los autores proponen varias políticas predefinidas
(lb, ld, sm, ss) con distintos niveles de agresividad.
un hallazgo clave del trabajo es que la aumentación con-
vierte un problema de overfitting en uno de underfitting, lo
que permite mejorar el rendimiento usando redesmás grandes
y entrenando pormás tiempo. specaugment logra resultados
estado del arte en librispeech 960h (6.8 % wer sin modelo
de lenguaje) y switchboard 300h, superando sistemashíbridosmás complejos.
para el proyecto i, el uso de specaugment está particular-
mente justificado ya que el dataset speech commands tiene un
tamaño moderado y las cnns propuestas pueden beneficiarse",,"{""semana"": 9, ""fecha"": ""2026-04-21"", ""nombre_archivo"": ""9_SEMANA_AI_20260421_3.pdf"", ""autor"": ""Allan Bolaños Barrientos"", ""tema_principal"": ""I. R EPASO : CLASIFICACIÓN DE MNIST"", ""secciones"": ""I. R EPASO : CLASIFICACIÓN DE MNIST, II. S ISTEMA MULTINOMIAL, III. C ONVERSIÓN DE VECTOR A MATRIZ, IV. C LASIFICACIÓN CON CAPAS INTERMEDIAS, V. R EDES NEURONALES"", ""chunk_numero"": 24, ""total_chunks"": 29}"
"mente justificado ya que el dataset speech commands tiene un
tamaño moderado y las cnns propuestas pueden beneficiarse
del enmascaramiento de frecuencias y tiempo para mejorar su
generalización. time warping es la transformaciónmás costosa
y con menor impacto; puede omitirse si hay restricciones de
tiempo de entrenamiento.
vii-c. training keyword spotters with limited and synthe-
sized speech data [3]
este paper de google research explora la efectividad del
habla sintetizada para entrenar modelos pequeños de keyword
spotting (aproximadamente 400k parámetros), en el contexto
de dispositivos con recursos muy limitados (procesadores
dsp).
la propuesta arquitectónica divide el modelo en dos partes:
embedding model: contiene 5 bloques convolucionales",,"{""semana"": 9, ""fecha"": ""2026-04-21"", ""nombre_archivo"": ""9_SEMANA_AI_20260421_3.pdf"", ""autor"": ""Allan Bolaños Barrientos"", ""tema_principal"": ""I. R EPASO : CLASIFICACIÓN DE MNIST"", ""secciones"": ""I. R EPASO : CLASIFICACIÓN DE MNIST, II. S ISTEMA MULTINOMIAL, III. C ONVERSIÓN DE VECTOR A MATRIZ, IV. C LASIFICACIÓN CON CAPAS INTERMEDIAS, V. R EDES NEURONALES"", ""chunk_numero"": 25, ""total_chunks"": 29}"
"dsp).
la propuesta arquitectónica divide el modelo en dos partes:
embedding model: contiene 5 bloques convolucionales
(∼330k pesos) y fue entrenado con 200 millones de
clips de audio de youtube sobre 5000 palabras clave
agrupadas en 125 grupos de 40. su objetivo es extraer re-
presentacionesútiles para la detección de palabras clave
arbitrarias. está disponiblepúblicamente en tensorflow
head model: contiene un solo bloque convolucionalmás
un bloque de clasificación (∼55k pesos). se entrena sobre
el embedding del modelo anterior en pocos minutos, y
escala eficientemente con elnúmero de palabras clave
(solo 96 pesos adicionales por nueva palabra, frente a
1536 de un modelo completamente conectado).
los resultadosmás relevantes para el proyecto i son:",,"{""semana"": 9, ""fecha"": ""2026-04-21"", ""nombre_archivo"": ""9_SEMANA_AI_20260421_3.pdf"", ""autor"": ""Allan Bolaños Barrientos"", ""tema_principal"": ""I. R EPASO : CLASIFICACIÓN DE MNIST"", ""secciones"": ""I. R EPASO : CLASIFICACIÓN DE MNIST, II. S ISTEMA MULTINOMIAL, III. C ONVERSIÓN DE VECTOR A MATRIZ, IV. C LASIFICACIÓN CON CAPAS INTERMEDIAS, V. R EDES NEURONALES"", ""chunk_numero"": 26, ""total_chunks"": 29}"
"1536 de un modelo completamente conectado).
los resultadosmás relevantes para el proyecto i son:
un modelo entrenado con datos sintéticosúnicamente
(3220 ejemplos) alcanza un 92.6 % de precisión usando el
head model, comparado con 56.7 % del modelo completo
en las mismas condiciones.
reemplazar apenas el 50 % de los datos sintéticos con da-
tos reales cierra casi el 90 % de la brecha de rendimiento
entre usar solo datos reales y solo datos sintéticos.
el head model con 50 ejemplos reales por palabra es
equivalente en precisión al modelo completo entrenado
conmás de 4000 ejemplos reales.
este paper es relevante como referencia de arquitectura y de
la estructura del informe (especialmente la sección de related
work), y demuestra que arquitecturas convolucionales ligeras",,"{""semana"": 9, ""fecha"": ""2026-04-21"", ""nombre_archivo"": ""9_SEMANA_AI_20260421_3.pdf"", ""autor"": ""Allan Bolaños Barrientos"", ""tema_principal"": ""I. R EPASO : CLASIFICACIÓN DE MNIST"", ""secciones"": ""I. R EPASO : CLASIFICACIÓN DE MNIST, II. S ISTEMA MULTINOMIAL, III. C ONVERSIÓN DE VECTOR A MATRIZ, IV. C LASIFICACIÓN CON CAPAS INTERMEDIAS, V. R EDES NEURONALES"", ""chunk_numero"": 27, ""total_chunks"": 29}"
"la estructura del informe (especialmente la sección de related
work), y demuestra que arquitecturas convolucionales ligeras
son viables para keyword spotting en dispositivosmóviles, lo
cual es exactamente el caso de uso del proyecto i.
referencias
[1] p. warden, “speech commands: a dataset for limited-vocabulary speech
recognition,” arxiv preprint arxiv:1804.03209 , apr. 2018.
[2] d. s. park, w. chan, y . zhang, c.-c. chiu, b. zoph, e. d. cubuk,
and q. v . le, “specaugment: a simple data augmentation method for
automatic speech recognition,” arxiv preprint arxiv:1904.08779 , 2019.
[3] j. lin, k. kilgour, d. roblek, and m. sharifi, “training keyword spotters
with limited and synthesized speech data,” in proc. icassp , 2020.
arxiv:2002.01322.",,"{""semana"": 9, ""fecha"": ""2026-04-21"", ""nombre_archivo"": ""9_SEMANA_AI_20260421_3.pdf"", ""autor"": ""Allan Bolaños Barrientos"", ""tema_principal"": ""I. R EPASO : CLASIFICACIÓN DE MNIST"", ""secciones"": ""I. R EPASO : CLASIFICACIÓN DE MNIST, II. S ISTEMA MULTINOMIAL, III. C ONVERSIÓN DE VECTOR A MATRIZ, IV. C LASIFICACIÓN CON CAPAS INTERMEDIAS, V. R EDES NEURONALES"", ""chunk_numero"": 28, ""total_chunks"": 29}"
"with limited and synthesized speech data,” in proc. icassp , 2020.
arxiv:2002.01322.
[4] y . lecun, l. bottou, y . bengio, and p. haffner, “gradient-based learning
applied to document recognition,” proc. ieee, vol. 86, no. 11, pp. 2278–
[5] k. he, x. zhang, s. ren, and j. sun, “deep residual learning for image
recognition,” in proc. cvpr, 2016.",,"{""semana"": 9, ""fecha"": ""2026-04-21"", ""nombre_archivo"": ""9_SEMANA_AI_20260421_3.pdf"", ""autor"": ""Allan Bolaños Barrientos"", ""tema_principal"": ""I. R EPASO : CLASIFICACIÓN DE MNIST"", ""secciones"": ""I. R EPASO : CLASIFICACIÓN DE MNIST, II. S ISTEMA MULTINOMIAL, III. C ONVERSIÓN DE VECTOR A MATRIZ, IV. C LASIFICACIÓN CON CAPAS INTERMEDIAS, V. R EDES NEURONALES"", ""chunk_numero"": 29, ""total_chunks"": 29}"
"[pagina 1]
inteligencia artificial, 2026 1
apuntes semana 09 - clase del jueves
mario adriánsánchez ponce,2022167079, instituto tecnológico de costa rica
i. perceptróntérmino creado por frank roserblant. consiste en una
regresión logística donde la función depérdida se trata de
la “hinge loss”. estetérmino se planteó desde los años 70
con la idea de que resolvería tareas al reprogramar un solo
perceptrón a la tarea. el problema es que este solo resuelve
problemas lineales. siendo incapaz de resolver un xor, un
problema considerado sencillo, por su no linealidad.
or(x1, x2)
and(x1, x2)
and(x1,x2)
figura 1. representacióngráfica de predicción de compuertaslógicas.
figura 2. representación del problema xor y su no separabilidad lineal.
como se puede analizar, no se puede resolver con percep-",,"{""semana"": 9, ""fecha"": ""2026-04-23"", ""nombre_archivo"": ""9_SEMANA_AI_20260423_1.pdf"", ""autor"": ""Mario Adrián Sánchez Ponce"", ""tema_principal"": ""I. PERCEPTRÓN"", ""secciones"": ""I. PERCEPTRÓN, II. INSPIRACIÓN BIOLÓGICA, III. FUNCIÓN DEACTIVACIÓN, IV. PERCEPTRÓN MULTICAPA(MLP), V. ¿CUÁNTAS CAPAS SE USAN EN CADA NEURONA?"", ""chunk_numero"": 1, ""total_chunks"": 13}"
"figura 2. representación del problema xor y su no separabilidad lineal.
como se puede analizar, no se puede resolver con percep-
trón solamente, pues se necesita variaslíneas para determinar
si es valor positivo o negativa. sin embargo, las redes neu-
ronales si son capaces de resolverlo pues es capaz de atacar
problemas no lineales.
ii. inspiración biológica
eltérmino de redes neuronales viene del sistema de comuni-
cación neuronal donde las neuronas se encuentran conectadas
entresí. esto por medio de las dentritas que contienen las
entradas de la información. elnúcleo recibe la información
y la envía a la siguiente neurona a la que está conectada,
decidiendo como va a pasar y que es lo que se va a enviar. en
el campo de la inteligencia artifical actúa de manera similar,",,"{""semana"": 9, ""fecha"": ""2026-04-23"", ""nombre_archivo"": ""9_SEMANA_AI_20260423_1.pdf"", ""autor"": ""Mario Adrián Sánchez Ponce"", ""tema_principal"": ""I. PERCEPTRÓN"", ""secciones"": ""I. PERCEPTRÓN, II. INSPIRACIÓN BIOLÓGICA, III. FUNCIÓN DEACTIVACIÓN, IV. PERCEPTRÓN MULTICAPA(MLP), V. ¿CUÁNTAS CAPAS SE USAN EN CADA NEURONA?"", ""chunk_numero"": 2, ""total_chunks"": 13}"
"decidiendo como va a pasar y que es lo que se va a enviar. en
el campo de la inteligencia artifical actúa de manera similar,
donde se pasa la función linear y por medio de una función
de activación se procede a un outputúnico.
x0 = 1
inputs
output
linear
function
activation
function
figura 3. ejemplificación de una red neuronal
iii. función deactivación
la neurona (regresión logística) se compone por una fun-
ción lineal y no lineal, la función de activación se refiere a la
no lineal, que se encarga de agregar
iii-a. función lineal
funciona con respecto a problemas simples. en cuanto a
los problemas, la derivada no aprende de la entrada, esto ya
que la gradiente siempre será el mismo en cada iteración.
y=mx+b(1)
dx (mx+b) =m(2)
figura 4. función lineal. si lo amerita",,"{""semana"": 9, ""fecha"": ""2026-04-23"", ""nombre_archivo"": ""9_SEMANA_AI_20260423_1.pdf"", ""autor"": ""Mario Adrián Sánchez Ponce"", ""tema_principal"": ""I. PERCEPTRÓN"", ""secciones"": ""I. PERCEPTRÓN, II. INSPIRACIÓN BIOLÓGICA, III. FUNCIÓN DEACTIVACIÓN, IV. PERCEPTRÓN MULTICAPA(MLP), V. ¿CUÁNTAS CAPAS SE USAN EN CADA NEURONA?"", ""chunk_numero"": 3, ""total_chunks"": 13}"
"que la gradiente siempre será el mismo en cada iteración.
y=mx+b(1)
dx (mx+b) =m(2)
figura 4. función lineal. si lo amerita
iii-b. función sigmoide
permite la activación entre vaalores de 0 y 1. estrictamente
creciente y positiva y es acotada. la derivada tiene un com-
portamiento que provoca que hayan puntos muertos lo que
[pagina 2]
inteligencia artificial, 2026 2
significa que el gradiente se desvanece en los extremos de
la función sigmoide y es muy cercana a 0. esto hace que
multiplique por 0 todos los resultados, haciendo ineficiente el
entrenamiento, estancándolo.
σ(x) = 1
1 +e −x (3)
dσ(x)
dx =σ(x) (1−σ(x))(4)
figura 5. función sigmoide.
iii-c. función tangente hiperbólica
acortada a tanh, se activa entre -1 y 1, estrictamente",,"{""semana"": 9, ""fecha"": ""2026-04-23"", ""nombre_archivo"": ""9_SEMANA_AI_20260423_1.pdf"", ""autor"": ""Mario Adrián Sánchez Ponce"", ""tema_principal"": ""I. PERCEPTRÓN"", ""secciones"": ""I. PERCEPTRÓN, II. INSPIRACIÓN BIOLÓGICA, III. FUNCIÓN DEACTIVACIÓN, IV. PERCEPTRÓN MULTICAPA(MLP), V. ¿CUÁNTAS CAPAS SE USAN EN CADA NEURONA?"", ""chunk_numero"": 4, ""total_chunks"": 13}"
"dσ(x)
dx =σ(x) (1−σ(x))(4)
figura 5. función sigmoide.
iii-c. función tangente hiperbólica
acortada a tanh, se activa entre -1 y 1, estrictamente
creciente similar a la sigmoide. se utilizaba mucho en modelos
primitivos lstm. la derivada sufre del mismo problema que
la función sigmoide aunque el gradiente avanza un pocomás
sobre la función de costo.
tanh(x) = ex −e −x
ex +e −x (5)
dx tanh(x) = 1−tanh 2(x)(6)
figura 6. función tangente hiperbólica. los valores se acotan en [-1, 1]
iii-d. función relu
función creada con el propósito de reemplazar la función
sigmoide y tanh dentro de las capas ocultas en deep learning.
se acota por debajo de cero pero no sobre los positivos.
estrictamente creciente. mata las activaciones de las neuronas
lo cual es un problema.
relu(x) = máx(0, x)(7)",,"{""semana"": 9, ""fecha"": ""2026-04-23"", ""nombre_archivo"": ""9_SEMANA_AI_20260423_1.pdf"", ""autor"": ""Mario Adrián Sánchez Ponce"", ""tema_principal"": ""I. PERCEPTRÓN"", ""secciones"": ""I. PERCEPTRÓN, II. INSPIRACIÓN BIOLÓGICA, III. FUNCIÓN DEACTIVACIÓN, IV. PERCEPTRÓN MULTICAPA(MLP), V. ¿CUÁNTAS CAPAS SE USAN EN CADA NEURONA?"", ""chunk_numero"": 5, ""total_chunks"": 13}"
"estrictamente creciente. mata las activaciones de las neuronas
lo cual es un problema.
relu(x) = máx(0, x)(7)
dx relu(x) =
0, x <0
1, x >0 (8)
figura 7. función relu
iii-e. otras funciones de activación
−6 6−1
figura 8. función leaky relu. permite que la parte negativa tenga una
pendiente
figura 9. función parametric relu.
figura 10. función binary step.
la selección de la función depende tanto del problema y de
la arquitectura presentada para la solución. por ejemplo, si la
[pagina 3]
inteligencia artificial, 2026 3
salida es acotada de 0 a 1, se utiliza sigmoide, si es de mayor
a 0 se utiliza relu y así con cada situación. también se debe
tomar en cuenta cada capa intermedia con su propia función
de activación que pueden ser diferentes a la de salida. todas",,"{""semana"": 9, ""fecha"": ""2026-04-23"", ""nombre_archivo"": ""9_SEMANA_AI_20260423_1.pdf"", ""autor"": ""Mario Adrián Sánchez Ponce"", ""tema_principal"": ""I. PERCEPTRÓN"", ""secciones"": ""I. PERCEPTRÓN, II. INSPIRACIÓN BIOLÓGICA, III. FUNCIÓN DEACTIVACIÓN, IV. PERCEPTRÓN MULTICAPA(MLP), V. ¿CUÁNTAS CAPAS SE USAN EN CADA NEURONA?"", ""chunk_numero"": 6, ""total_chunks"": 13}"
"tomar en cuenta cada capa intermedia con su propia función
de activación que pueden ser diferentes a la de salida. todas
la neuronas de la capa utilizan la misma función de activación
iv. perceptrón multicapa(mlp)
en esta arquitectura, todas las neuronas están conectadas
con las de la siguiente capa hasta la capa de salida. la
notación de los pesos varían dependiendo del libro pero el
singificado es el mismo siendo w = theta. retomando lo de
las clases pasadas, en el sistema mnist se utiliza esto con
la función sigmoide. para esto se necesita primero computar
la transformación lineal de los pesos. se toman los resultados
de cada una de las 10 neuronas y se aplica la función de
activación
h(0) =sigmoid
xw (0) +b (0)
para lapróxima capa se necesita los resultados de la capa",,"{""semana"": 9, ""fecha"": ""2026-04-23"", ""nombre_archivo"": ""9_SEMANA_AI_20260423_1.pdf"", ""autor"": ""Mario Adrián Sánchez Ponce"", ""tema_principal"": ""I. PERCEPTRÓN"", ""secciones"": ""I. PERCEPTRÓN, II. INSPIRACIÓN BIOLÓGICA, III. FUNCIÓN DEACTIVACIÓN, IV. PERCEPTRÓN MULTICAPA(MLP), V. ¿CUÁNTAS CAPAS SE USAN EN CADA NEURONA?"", ""chunk_numero"": 7, ""total_chunks"": 13}"
"activación
h(0) =sigmoid
xw (0) +b (0)
para lapróxima capa se necesita los resultados de la capa
anterior y se aplica la nueva función de activación. esto con
cada capa formando una anidación de funciones hasta llegar
a la capa de salida.
h(1) =sigmoid
h(0)w (0) +b (0)
h(n) =sigmoid
h(n−1)w (0) +b (0)
no siempre esóptimo el uso de la función sigmoide. en las
capas intermedias no es la función de activaciónmás utilizada,
en cambio se usa una de las mostradas en las figuras anteriores.
iv-a. salida independiente
en la capa de salida con sigmoide, las probabilidades obte-
nidas son independientes donde la suma no es necesariamente
1. esto significa que no hay una distribución de probabilidad
y es propenso a que reconozca a varios datos. la idea es",,"{""semana"": 9, ""fecha"": ""2026-04-23"", ""nombre_archivo"": ""9_SEMANA_AI_20260423_1.pdf"", ""autor"": ""Mario Adrián Sánchez Ponce"", ""tema_principal"": ""I. PERCEPTRÓN"", ""secciones"": ""I. PERCEPTRÓN, II. INSPIRACIÓN BIOLÓGICA, III. FUNCIÓN DEACTIVACIÓN, IV. PERCEPTRÓN MULTICAPA(MLP), V. ¿CUÁNTAS CAPAS SE USAN EN CADA NEURONA?"", ""chunk_numero"": 8, ""total_chunks"": 13}"
"1. esto significa que no hay una distribución de probabilidad
y es propenso a que reconozca a varios datos. la idea es
buscar una distribución para poder utilizar el one-hot vector
y determinar la clase correctamente.
por ello, la capa de salida es una función no linear que no
necesariamente es una función sigmonide.
cuadro i
salida del modelo en una distribución y vector one-hot
output layer one-hot vector
iv-b. función de costo
función que permite evaluar la distribución final de la
capa de salida. es necesario una función para toda la capa.
asumiendo que se tiene la función de costo, se optimiza con
el descenso de gradiante, calculando la derivada parcial de
costo por cada parámetro, es decir para cada neurona de cada
capa y cuanto contribuyen a la función l.",,"{""semana"": 9, ""fecha"": ""2026-04-23"", ""nombre_archivo"": ""9_SEMANA_AI_20260423_1.pdf"", ""autor"": ""Mario Adrián Sánchez Ponce"", ""tema_principal"": ""I. PERCEPTRÓN"", ""secciones"": ""I. PERCEPTRÓN, II. INSPIRACIÓN BIOLÓGICA, III. FUNCIÓN DEACTIVACIÓN, IV. PERCEPTRÓN MULTICAPA(MLP), V. ¿CUÁNTAS CAPAS SE USAN EN CADA NEURONA?"", ""chunk_numero"": 9, ""total_chunks"": 13}"
"costo por cada parámetro, es decir para cada neurona de cada
capa y cuanto contribuyen a la función l.
donde j es la capa e i es la neurona.
es un proceso iterativo donde se necesitan todas las deri-
vadas parciales. se hace elcálculo para determinar que tan
correcto es la prueba
v. ¿cuántas capas se usan en cada neurona?
se basamás en experimentación que en una ciencia exacta.
se busca que haya un balance sin overfitting o underfitting.
existe una jerarquía por capas. la primera se encarga de
reconocer patrones y a medida que se acerca a la capa de salida
se vuelvemás específico en su reconocimiento. por ejemplolíneas -> figuras -> números
vi. madldición de dimensionalidad
a medida de que haya un modelomás complejo, esmás
difícil de optimizar.",,"{""semana"": 9, ""fecha"": ""2026-04-23"", ""nombre_archivo"": ""9_SEMANA_AI_20260423_1.pdf"", ""autor"": ""Mario Adrián Sánchez Ponce"", ""tema_principal"": ""I. PERCEPTRÓN"", ""secciones"": ""I. PERCEPTRÓN, II. INSPIRACIÓN BIOLÓGICA, III. FUNCIÓN DEACTIVACIÓN, IV. PERCEPTRÓN MULTICAPA(MLP), V. ¿CUÁNTAS CAPAS SE USAN EN CADA NEURONA?"", ""chunk_numero"": 10, ""total_chunks"": 13}"
"vi. madldición de dimensionalidad
a medida de que haya un modelomás complejo, esmás
difícil de optimizar.
intentar buscar un elemento se vuelvemás complejo en
cuanto se añadan dimensiones. nuevos features añade comple-
jidad, provocando entrenamientosmás pesados y genera mayor
computabilidad. se busca la funciónmás sencilla posible que
resuelva el problema. de lomásbásico a lamás compleja. está
el análisis de de componentes principales (pca) que reduce
la dimensionalidad, con eso se transforma los componentes
a datos numéricos y le da variabilidad de los componentes
principales y reduce el algoritmo en gran medida. .
vii. comportamiento jerárquico
de la misma manera que los humanos empiezan aprendien-
do desde cosas simples hasta problemas complejos. asi mismo",,"{""semana"": 9, ""fecha"": ""2026-04-23"", ""nombre_archivo"": ""9_SEMANA_AI_20260423_1.pdf"", ""autor"": ""Mario Adrián Sánchez Ponce"", ""tema_principal"": ""I. PERCEPTRÓN"", ""secciones"": ""I. PERCEPTRÓN, II. INSPIRACIÓN BIOLÓGICA, III. FUNCIÓN DEACTIVACIÓN, IV. PERCEPTRÓN MULTICAPA(MLP), V. ¿CUÁNTAS CAPAS SE USAN EN CADA NEURONA?"", ""chunk_numero"": 11, ""total_chunks"": 13}"
"vii. comportamiento jerárquico
de la misma manera que los humanos empiezan aprendien-
do desde cosas simples hasta problemas complejos. asi mismo
funciona los modelos de redes neuronales, desde regresión
lineal hasta mlp. esto permite una ganancia exponencial en
funciones como lo polinomios y la composición de funciones
simples para otras de orden superior.
vii-a. representación compacta
con pocos pesos se puede modelar funciones complejas
[pagina 4]
inteligencia artificial, 2026 4
vii-b. convolutional neural networksmás eficientes que una red neuronal simple, siendo un
kernel que observa una fracción de la imagen y va obteniendo
la información de esta. en el ejemplo pasa de low level, mid
level y high level features. esto ayudó a la modelación de",,"{""semana"": 9, ""fecha"": ""2026-04-23"", ""nombre_archivo"": ""9_SEMANA_AI_20260423_1.pdf"", ""autor"": ""Mario Adrián Sánchez Ponce"", ""tema_principal"": ""I. PERCEPTRÓN"", ""secciones"": ""I. PERCEPTRÓN, II. INSPIRACIÓN BIOLÓGICA, III. FUNCIÓN DEACTIVACIÓN, IV. PERCEPTRÓN MULTICAPA(MLP), V. ¿CUÁNTAS CAPAS SE USAN EN CADA NEURONA?"", ""chunk_numero"": 12, ""total_chunks"": 13}"
"la información de esta. en el ejemplo pasa de low level, mid
level y high level features. esto ayudó a la modelación de
inteligencia artificial para el lenguaje, donde se construyó un
vector que nos permite ubicar una frase en un punto que está
distribuido espacio vectorial. donde los artículos se agrupan y
lenguajes distintos como el chino salen de la zona del lenguaje.
esto se conoce como embeddings y ayuda aldía de hoy en la
comparación, donde transforma las frases en embeddings para
analizar que tan cercanas son estas.
en pocas palabras, permite representar al mundo de forma
eficiente. es una composición basada en jerarquía de repre-
sentaciones aprendidas y no predefinidads.",,"{""semana"": 9, ""fecha"": ""2026-04-23"", ""nombre_archivo"": ""9_SEMANA_AI_20260423_1.pdf"", ""autor"": ""Mario Adrián Sánchez Ponce"", ""tema_principal"": ""I. PERCEPTRÓN"", ""secciones"": ""I. PERCEPTRÓN, II. INSPIRACIÓN BIOLÓGICA, III. FUNCIÓN DEACTIVACIÓN, IV. PERCEPTRÓN MULTICAPA(MLP), V. ¿CUÁNTAS CAPAS SE USAN EN CADA NEURONA?"", ""chunk_numero"": 13, ""total_chunks"": 13}"
